season_id,age_group_id,region_id,club_id,league_group_id,division_name,group_name,match_id,round,discipline,discipline_no,discipline_code,home_team,away_team,home_players,away_players,home_player_ids,away_player_ids,set_scores,winner_side,winner_team,wo
2020,1,1,-3,13241,Badmintonligaen,Final 4,406952,10 22-06-2021,1. MD,1,MD,Vendsyssel,Værløse,"Mathias Christiansen, Cheryl Seinen (EU)","Mathias Thyrri Jørgensen, Mai Surrow","59946, 69668","81255, 50755","11-21, 15-21",away,Værløse,
2020,1,1,-3,13241,Badmintonligaen,Final 4,406952,10 22-06-2021,2. MD,2,MD,Vendsyssel,Værløse,"Robin Tabeling (EU), Debora Jille (EU)","Andreas Søndergaard, Julie Finne-Ipsen","61161, 305462","84100, 66080","19-21, 21-14, 14-21",away,Værløse,
2020,1,1,-3,13241,Badmintonligaen,Final 4,406952,10 22-06-2021,1. DS,1,DS,Vendsyssel,Værløse,Kirsty Alison Gilmour (udl.),Julie Dawall Jakobsen,57455,83614,,,,
2020,1,1,-3,13241,Badmintonligaen,Final 4,406952,10 22-06-2021,2. DS,2,DS,Vendsyssel,Værløse,Josefine Redkjær Jensen,Sofie Holmboe Dahl,1916,76924,"21-19, 12-21, 20-22",away,Værløse,
2020,1,1,-3,13241,Badmintonligaen,Final 4,406952,10 22-06-2021,1. HS,1,HS,Vendsyssel,Værløse,Jan Ø. Jørgensen,Rasmus Messerschmidt,21735,48886,"17-21, 21-18, 12-21",away,Værløse,
2020,1,1,-3,13241,Badmintonligaen,Final 4,406952,10 22-06-2021,2. HS,2,HS,Vendsyssel,Værløse,Victor Svendsen,Ditlev Jæger Holm,69610,80361,"21-17, 21-11",home,Vendsyssel,
2020,1,1,-3,13241,Badmintonligaen,Final 4,406952,10 22-06-2021,1. DD,1,DD,Vendsyssel,Værløse,"Debora Jille (EU), Cheryl Seinen (EU)","Julie Finne-Ipsen, Mai Surrow","305462, 69668","66080, 50755","19-21, 12-21",away,Værløse,
2020,1,1,-3,13241,Badmintonligaen,Final 4,406952,10 22-06-2021,1. HD,1,HD,Vendsyssel,Værløse,"Mathias Christiansen, Robin Tabeling (EU)","Andreas Søndergaard, Daniel Lundgaard","59946, 61161","84100, 1311",,,,
2020,1,1,-3,13241,Badmintonligaen,Final 4,406952,10 22-06-2021,2. HD,2,HD,Vendsyssel,Værløse,"Victor Svendsen, Zvonimir Durkinjak (EU)","Mathias Thyrri Jørgensen, Ditlev Jæger Holm","69610, 23630","81255, 80361",,,,
2020,1,1,-3,13241,Badmintonligaen,Final 4,406953,10 22-06-2021,1. MD,1,MD,Team Skælskør-Slagelse,Skovshoved,"Frederik Søgaard, Selena Piek (EU)","Carsten Mogensen, Sara Lundgaard","80745, 250890","13905, 80319","21-15, 18-21, 21-13",home,Team Skælskør-Slagelse,
2020,1,1,-3,13241,Badmintonligaen,Final 4,406953,10 22-06-2021,2. MD,2,MD,Team Skælskør-Slagelse,Skovshoved,"Mads Pieler Kolding, Imke Van Der Aar","Joel Eipe, Mette Poulsen","22029, 213164","78774, 55556","21-14, 12-21, 12-21",away,Skovshoved,
2020,1,1,-3,13241,Badmintonligaen,Final 4,406953,10 22-06-2021,1. DS,1,DS,Team Skælskør-Slagelse,Skovshoved,Evgeniya Kosetskaya,Natalia Koch Rohde,317388,69592,,,,
2020,1,1,-3,13241,Badmintonligaen,Final 4,406953,10 22-06-2021,2. DS,2,DS,Team Skælskør-Slagelse,Skovshoved,Imke Van Der Aar,Sophia Grundtvig,213164,2259,0-5,away,Skovshoved,S
2020,1,1,-3,13241,Badmintonligaen,Final 4,406953,10 22-06-2021,1. HS,1,HS,Team Skælskør-Slagelse,Skovshoved,Mark Caljouw (EU),Viktor Axelsen,66142,59158,"17-21, 16-21",away,Skovshoved,
2020,1,1,-3,13241,Badmintonligaen,Final 4,406953,10 22-06-2021,2. HS,2,HS,Team Skælskør-Slagelse,Skovshoved,Ruben Jille (EU),Rasmus Gemke,75165,77864,"5-21, 9-21",away,Skovshoved,
2020,1,1,-3,13241,Badmintonligaen,Final 4,406953,10 22-06-2021,1. DD,1,DD,Team Skælskør-Slagelse,Skovshoved,"Selena Piek (EU), Alyssa Tirtosentono (EU)","Sara Lundgaard, Mette Poulsen","250890, 253649","80319, 55556","29-30, 13-21",away,Skovshoved,
2020,1,1,-3,13241,Badmintonligaen,Final 4,406953,10 22-06-2021,1. HD,1,HD,Team Skælskør-Slagelse,Skovshoved,"Kim Astrup Sørensen, Frederik Søgaard","Joel Eipe, Rasmus Kjær Pedersen","47081, 80745","78774, 83801",,,,
2020,1,1,-3,13241,Badmintonligaen,Final 4,406953,10 22-06-2021,2. HD,2,HD,Team Skælskør-Slagelse,Skovshoved,"Ruben Jille (EU), Mads Pieler Kolding","Carsten Mogensen, Rasmus Gemke","75165, 22029","13905, 77864",,,,
2020,1,1,-3,13241,Badmintonligaen,Final 4,407990,11 23-06-2021,1. MD,1,MD,Vendsyssel,Team Skælskør-Slagelse,"Mathias Christiansen, Cheryl Seinen (EU)","Frederik Søgaard, Imke Van Der Aar","59946, 69668","80745, 213164","21-15, 15-21, 21-13",home,Vendsyssel,
2020,1,1,-3,13241,Badmintonligaen,Final 4,407990,11 23-06-2021,2. MD,2,MD,Vendsyssel,Team Skælskør-Slagelse,"Robin Tabeling (EU), Debora Jille (EU)","Ruben Jille (EU), Alyssa Tirtosentono (EU)","61161, 305462","75165, 253649","21-13, 19-21, 26-24",home,Vendsyssel,
2020,1,1,-3,13241,Badmintonligaen,Final 4,407990,11 23-06-2021,1. DS,1,DS,Vendsyssel,Team Skælskør-Slagelse,Kirsty Alison Gilmour (udl.),Evgeniya Kosetskaya,57455,317388,"21-16, 15-21, 10-21",away,Team Skælskør-Slagelse,
2020,1,1,-3,13241,Badmintonligaen,Final 4,407990,11 23-06-2021,2. DS,2,DS,Vendsyssel,Team Skælskør-Slagelse,Josefine Redkjær Jensen,Ashwathi Pillai (EU),1916,163393,"21-14, 16-21, 21-17",home,Vendsyssel,
2020,1,1,-3,13241,Badmintonligaen,Final 4,407990,11 23-06-2021,1. HS,1,HS,Vendsyssel,Team Skælskør-Slagelse,Jan Ø. Jørgensen,Mark Caljouw (EU),21735,66142,"14-21, 12-21",away,Team Skælskør-Slagelse,
2020,1,1,-3,13241,Badmintonligaen,Final 4,407990,11 23-06-2021,2. HS,2,HS,Vendsyssel,Team Skælskør-Slagelse,Victor Svendsen,Felix Burestedt (EU),69610,66689,"6-21, 11-21",away,Team Skælskør-Slagelse,
2020,1,1,-3,13241,Badmintonligaen,Final 4,407990,11 23-06-2021,1. DD,1,DD,Vendsyssel,Team Skælskør-Slagelse,"Debora Jille (EU), Cheryl Seinen (EU)","Imke Van Der Aar, Alyssa Tirtosentono (EU)","305462, 69668","213164, 253649","21-9, 19-21, 14-21",away,Team Skælskør-Slagelse,
2020,1,1,-3,13241,Badmintonligaen,Final 4,407990,11 23-06-2021,1. HD,1,HD,Vendsyssel,Team Skælskør-Slagelse,"Mathias Christiansen, Robin Tabeling (EU)","Kim Astrup Sørensen, Frederik Søgaard","59946, 61161","47081, 80745","21-9, 20-22, 27-29",away,Team Skælskør-Slagelse,
2020,1,1,-3,13241,Badmintonligaen,Final 4,407990,11 23-06-2021,2. HD,2,HD,Vendsyssel,Team Skælskør-Slagelse,"Victor Svendsen, Zvonimir Durkinjak (EU)","Ruben Jille (EU), Mark Caljouw (EU)","69610, 23630","75165, 66142",,,,
2020,1,1,-3,13241,Badmintonligaen,Final 4,407991,11 23-06-2021,1. MD,1,MD,Værløse,Skovshoved,"Mathias Thyrri Jørgensen, Mai Surrow","Carsten Mogensen, Sara Lundgaard","81255, 50755","13905, 80319","21-10, 21-18",home,Værløse,
2020,1,1,-3,13241,Badmintonligaen,Final 4,407991,11 23-06-2021,2. MD,2,MD,Værløse,Skovshoved,"Andreas Søndergaard, Julie Finne-Ipsen","Joel Eipe, Mette Poulsen","84100, 66080","78774, 55556","22-24, 21-19, 17-21",away,Skovshoved,
2020,1,1,-3,13241,Badmintonligaen,Final 4,407991,11 23-06-2021,1. DS,1,DS,Værløse,Skovshoved,Julie Dawall Jakobsen,Natalia Koch Rohde,83614,69592,"21-16, 21-18",home,Værløse,
2020,1,1,-3,13241,Badmintonligaen,Final 4,407991,11 23-06-2021,2. DS,2,DS,Værløse,Skovshoved,Sofie Holmboe Dahl,Sophia Grundtvig,76924,2259,"8-21, 21-23",away,Skovshoved,
2020,1,1,-3,13241,Badmintonligaen,Final 4,407991,11 23-06-2021,1. HS,1,HS,Værløse,Skovshoved,Rasmus Messerschmidt,Viktor Axelsen,48886,59158,"7-21, 7-21",away,Skovshoved,
2020,1,1,-3,13241,Badmintonligaen,Final 4,407991,11 23-06-2021,2. HS,2,HS,Værløse,Skovshoved,Ditlev Jæger Holm,Rasmus Gemke,80361,77864,"21-15, 15-21, 19-21",away,Skovshoved,
2020,1,1,-3,13241,Badmintonligaen,Final 4,407991,11 23-06-2021,1. DD,1,DD,Værløse,Skovshoved,"Julie Finne-Ipsen, Mai Surrow","Mette Poulsen, Sara Lundgaard","66080, 50755","55556, 80319","7-21, 24-26",away,Skovshoved,
2020,1,1,-3,13241,Badmintonligaen,Final 4,407991,11 23-06-2021,1. HD,1,HD,Værløse,Skovshoved,"Andreas Søndergaard, Daniel Lundgaard","Joel Eipe, Rasmus Kjær Pedersen","84100, 1311","78774, 83801","21-18, 21-19",home,Værløse,
2020,1,1,-3,13241,Badmintonligaen,Final 4,407991,11 23-06-2021,2. HD,2,HD,Værløse,Skovshoved,"Mathias Thyrri Jørgensen, Ditlev Jæger Holm","Carsten Mogensen, Rasmus Gemke","81255, 80361","13905, 77864",,,,
2020,1,1,-3,13240,Badmintonligaen,Grundspil,385919,1 25-08-2020,1. MD,1,MD,Aarhus AB,Greve,"Mikkel Stoffersen, Emilie Furbo","Mads Conrad-Petersen, Rikke Søby Hansen","72837, 56698","21879, 66239","10-21, 16-21",away,Greve,
2020,1,1,-3,13240,Badmintonligaen,Grundspil,385919,1 25-08-2020,2. MD,2,MD,Aarhus AB,Greve,"Mathias L. Hansen, Anne Fuglsang","David Daugaard, Amalie Magelund Krogh","62396, 87353","65640, 869","13-21, 17-21",away,Greve,
2020,1,1,-3,13240,Badmintonligaen,Grundspil,385919,1 25-08-2020,1. DS,1,DS,Aarhus AB,Greve,Anne Fuglsang,Gayle Mahulette (EU),87353,318245,"11-21, 21-17, 10-21",away,Greve,
2020,1,1,-3,13240,Badmintonligaen,Grundspil,385919,1 25-08-2020,2. DS,2,DS,Aarhus AB,Greve,Trine Villadsen,Amalie Hertz,67501,80364,"15-21, 21-14, 21-17",home,Aarhus AB,
2020,1,1,-3,13240,Badmintonligaen,Grundspil,385919,1 25-08-2020,1. HS,1,HS,Aarhus AB,Greve,Anders Antonsen,Kalle Koljonen (EU),79451,60083,"21-13, 21-17",home,Aarhus AB,
2020,1,1,-3,13240,Badmintonligaen,Grundspil,385919,1 25-08-2020,2. HS,2,HS,Aarhus AB,Greve,David Kim Kristensen,Mikkel Mikkelsen,70867,48568,"17-21, 21-17, 21-7",home,Aarhus AB,
2020,1,1,-3,13240,Badmintonligaen,Grundspil,385919,1 25-08-2020,1. DD,1,DD,Aarhus AB,Greve,"Trine Villadsen, Emilie Furbo","Rikke Søby Hansen, Amalie Magelund Krogh","67501, 56698","66239, 869","13-21, 21-18, 16-21",away,Greve,
2020,1,1,-3,13240,Badmintonligaen,Grundspil,385919,1 25-08-2020,1. HD,1,HD,Aarhus AB,Greve,"Mikkel Stoffersen, Philip Seerup","Mads Conrad-Petersen, Mikkel Mikkelsen","72837, 81442","21879, 48568","14-21, 16-21",away,Greve,
2020,1,1,-3,13240,Badmintonligaen,Grundspil,385919,1 25-08-2020,2. HD,2,HD,Aarhus AB,Greve,"Mathias L. Hansen, Anders Antonsen","David Daugaard, Kalle Koljonen (EU)","62396, 79451","65640, 60083","21-15, 21-19",home,Aarhus AB,
2020,1,1,-3,13240,Badmintonligaen,Grundspil,385920,1 25-08-2020,1. MD,1,MD,Team Skælskør-Slagelse,Solrød Strand,"Mads Pieler Kolding, Selena Piek (EU)","Søren Gravholt, Johanna Magnusson (EU)","22029, 250890","36753, 231696","21-16, 21-12",home,Team Skælskør-Slagelse,
2020,1,1,-3,13240,Badmintonligaen,Grundspil,385920,1 25-08-2020,2. MD,2,MD,Team Skælskør-Slagelse,Solrød Strand,"Ruben Jille (EU), Imke Van Der Aar","Jeppe Bay Madsen, Emma Karlsson","75165, 213164","78661, 84246","19-21, 18-21",away,Solrød Strand,
2020,1,1,-3,13240,Badmintonligaen,Grundspil,385920,1 25-08-2020,1. DS,1,DS,Team Skælskør-Slagelse,Solrød Strand,Irina Amalie Andersen,Frederikke Lund,85967,2260,"21-13, 21-17",home,Team Skælskør-Slagelse,
2020,1,1,-3,13240,Badmintonligaen,Grundspil,385920,1 25-08-2020,2. DS,2,DS,Team Skælskør-Slagelse,Solrød Strand,Imke Van Der Aar,Anna Bygum,213164,1616,"21-17, 18-21, 17-21",away,Solrød Strand,
2020,1,1,-3,13240,Badmintonligaen,Grundspil,385920,1 25-08-2020,1. HS,1,HS,Team Skælskør-Slagelse,Solrød Strand,Mark Caljouw (EU),Emil Holst,66142,39835,"21-18, 21-12",home,Team Skælskør-Slagelse,
2020,1,1,-3,13240,Badmintonligaen,Grundspil,385920,1 25-08-2020,2. HS,2,HS,Team Skælskør-Slagelse,Solrød Strand,Felix Burestedt (EU),Patrick Seitzberg Abildgaard,66689,80754,"21-19, 21-19",home,Team Skælskør-Slagelse,
2020,1,1,-3,13240,Badmintonligaen,Grundspil,385920,1 25-08-2020,1. DD,1,DD,Team Skælskør-Slagelse,Solrød Strand,"Selena Piek (EU), Alyssa Tirtosentono (EU)","Emma Karlsson, Johanna Magnusson (EU)","250890, 253649","84246, 231696","18-21, 19-21",away,Solrød Strand,
2020,1,1,-3,13240,Badmintonligaen,Grundspil,385920,1 25-08-2020,1. HD,1,HD,Team Skælskør-Slagelse,Solrød Strand,"Mads Pieler Kolding, Frederik Søgaard","Jeppe Bay Madsen, Emil Hybel","22029, 80745","78661, 84145","21-13, 21-18",home,Team Skælskør-Slagelse,
2020,1,1,-3,13240,Badmintonligaen,Grundspil,385920,1 25-08-2020,2. HD,2,HD,Team Skælskør-Slagelse,Solrød Strand,"Mark Caljouw (EU), Ruben Jille (EU)","Emil Holst, Søren Gravholt","66142, 75165","39835, 36753","21-18, 20-22, 21-16",home,Team Skælskør-Slagelse,
2020,1,1,-3,13240,Badmintonligaen,Grundspil,385921,1 25-08-2020,1. MD,1,MD,Værløse,Skovshoved,"Mathias Thyrri Jørgensen, Mai Surrow","Carsten Mogensen, Sara Lundgaard","81255, 50755","13905, 80319","21-12, 17-21, 22-20",home,Værløse,
2020,1,1,-3,13240,Badmintonligaen,Grundspil,385921,1 25-08-2020,2. MD,2,MD,Værløse,Skovshoved,"Andreas Søndergaard, Julie Finne-Ipsen","Joel Eipe, Kati Tolmoff (EU)","84100, 66080","78774, 13967","21-19, 21-13",home,Værløse,
2020,1,1,-3,13240,Badmintonligaen,Grundspil,385921,1 25-08-2020,1. DS,1,DS,Værløse,Skovshoved,Julie Dawall Jakobsen,Sophia Grundtvig,83614,2259,"21-12, 18-21, 17-1",home,Værløse,V
2020,1,1,-3,13240,Badmintonligaen,Grundspil,385921,1 25-08-2020,2. DS,2,DS,Værløse,Skovshoved,Sofie Holmboe Dahl,Kati Tolmoff (EU),76924,13967,"11-21, 17-21",away,Skovshoved,
2020,1,1,-3,13240,Badmintonligaen,Grundspil,385921,1 25-08-2020,1. HS,1,HS,Værløse,Skovshoved,Rasmus Messerschmidt,Viktor Axelsen,48886,59158,"8-21, 16-21",away,Skovshoved,
2020,1,1,-3,13240,Badmintonligaen,Grundspil,385921,1 25-08-2020,2. HS,2,HS,Værløse,Skovshoved,Ditlev Jæger Holm,Rasmus Gemke,80361,77864,"18-21, 19-21",away,Skovshoved,
2020,1,1,-3,13240,Badmintonligaen,Grundspil,385921,1 25-08-2020,1. DD,1,DD,Værløse,Skovshoved,"Julie Finne-Ipsen, Mai Surrow","Sara Lundgaard, Isabella Nielsen","66080, 50755","80319, 69978","21-16, 21-19",home,Værløse,
2020,1,1,-3,13240,Badmintonligaen,Grundspil,385921,1 25-08-2020,1. HD,1,HD,Værløse,Skovshoved,"Andreas Søndergaard, Daniel Lundgaard","Carsten Mogensen, Joachim Fischer","84100, 1311","13905, 12057","21-18, 16-21, 18-21",away,Skovshoved,
2020,1,1,-3,13240,Badmintonligaen,Grundspil,385921,1 25-08-2020,2. HD,2,HD,Værløse,Skovshoved,"Mathias Thyrri Jørgensen, Ditlev Jæger Holm","Joel Eipe, Rasmus Gemke","81255, 80361","78774, 77864","16-21, 23-21, 21-18",home,Værløse,
2020,1,1,-3,13240,Badmintonligaen,Grundspil,385922,1 25-08-2020,1. MD,1,MD,Gentofte,Højbjerg/Via Biler,"Frederik Colberg, Line Christophersen","Anders Skaarup Rasmussen, Alexandra Bøje","54104, 154","29269, 89506","17-21, 21-23",away,Højbjerg/Via Biler,
2020,1,1,-3,13240,Badmintonligaen,Grundspil,385922,1 25-08-2020,2. MD,2,MD,Gentofte,Højbjerg/Via Biler,"Kasper Antonsen, Celine Juel","Jesper Toft, Natasja P. Anthonisen","60945, 53107","86982, 2590","14-21, 21-16, 22-24",away,Højbjerg/Via Biler,
2020,1,1,-3,13240,Badmintonligaen,Grundspil,385922,1 25-08-2020,1. DS,1,DS,Gentofte,Højbjerg/Via Biler,Line Christophersen,Amalie Schulz Terp-Nielsen,154,2532,"21-16, 21-18",home,Gentofte,
2020,1,1,-3,13240,Badmintonligaen,Grundspil,385922,1 25-08-2020,2. DS,2,DS,Gentofte,Højbjerg/Via Biler,Mathilde Haapanen,Kathrine Kaack,78190,45315,"16-21, 14-21",away,Højbjerg/Via Biler,
2020,1,1,-3,13240,Badmintonligaen,Grundspil,385922,1 25-08-2020,1. HS,1,HS,Gentofte,Højbjerg/Via Biler,Mads Christophersen,Hans-Kristian Solberg Vittinghus,81169,14903,"21-11, 21-12",home,Gentofte,
2020,1,1,-3,13240,Badmintonligaen,Grundspil,385922,1 25-08-2020,2. HS,2,HS,Gentofte,Højbjerg/Via Biler,Joshua Eipe,Karan Rajan Rajarajan,62702,272325,"18-21, 16-21",away,Højbjerg/Via Biler,
2020,1,1,-3,13240,Badmintonligaen,Grundspil,385922,1 25-08-2020,1. DD,1,DD,Gentofte,Højbjerg/Via Biler,"Celine Juel, Mathilde Haapanen","Alexandra Bøje, Amalie Schulz Terp-Nielsen","53107, 78190","89506, 2532","14-21, 13-21",away,Højbjerg/Via Biler,
2020,1,1,-3,13240,Badmintonligaen,Grundspil,385922,1 25-08-2020,1. HD,1,HD,Gentofte,Højbjerg/Via Biler,"Kasper Antonsen, Oliver Babic","Anders Skaarup Rasmussen, Jesper Toft","60945, 61931","29269, 86982","7-21, 21-19, 18-21",away,Højbjerg/Via Biler,
2020,1,1,-3,13240,Badmintonligaen,Grundspil,385922,1 25-08-2020,2. HD,2,HD,Gentofte,Højbjerg/Via Biler,"Frederik Colberg, Mads Christophersen","Karan Rajan Rajarajan, Mads Vestergaard","54104, 81169","272325, 3019","21-12, 21-17",home,Gentofte,
2020,1,1,-3,13240,Badmintonligaen,Grundspil,388129,1 25-08-2020,1. MD,1,MD,Vendsyssel,RSL ODENSE OBK,"Robin Tabeling (EU), Cheryl Seinen (EU)","Adam Hall (udl.), Sara Thygesen","61161, 69668","72789, 40011","21-18, 21-14",home,Vendsyssel,
2020,1,1,-3,13240,Badmintonligaen,Grundspil,388129,1 25-08-2020,2. MD,2,MD,Vendsyssel,RSL ODENSE OBK,"Zvonimir Durkinjak (EU), Debora Jille (EU)","Patrick Bjerregaard, Maiken Fruergaard Sørensen","23630, 305462","66183, 68036","21-14, 21-15",home,Vendsyssel,
2020,1,1,-3,13240,Badmintonligaen,Grundspil,388129,1 25-08-2020,1. DS,1,DS,Vendsyssel,RSL ODENSE OBK,Kirsty Alison Gilmour (udl.),Camilla Martens,57455,32869,"21-4, 21-8",home,Vendsyssel,
2020,1,1,-3,13240,Badmintonligaen,Grundspil,388129,1 25-08-2020,2. DS,2,DS,Vendsyssel,RSL ODENSE OBK,Laura Sarosi,Simona Pilgaard,287024,154020,"21-14, 21-9",home,Vendsyssel,
2020,1,1,-3,13240,Badmintonligaen,Grundspil,388129,1 25-08-2020,1. HS,1,HS,Vendsyssel,RSL ODENSE OBK,Jan Ø. Jørgensen,Steffen Rasmussen,21735,41491,"21-16, 21-18",home,Vendsyssel,
2020,1,1,-3,13240,Badmintonligaen,Grundspil,388129,1 25-08-2020,2. HS,2,HS,Vendsyssel,RSL ODENSE OBK,Victor Svendsen,Mads Thøgersen,69610,87098,"21-12, 21-16",home,Vendsyssel,
2020,1,1,-3,13240,Badmintonligaen,Grundspil,388129,1 25-08-2020,1. DD,1,DD,Vendsyssel,RSL ODENSE OBK,"Cheryl Seinen (EU), Debora Jille (EU)","Sara Thygesen, Maiken Fruergaard Sørensen","69668, 305462","40011, 68036","10-21, 19-21",away,RSL ODENSE OBK,
2020,1,1,-3,13240,Badmintonligaen,Grundspil,388129,1 25-08-2020,1. HD,1,HD,Vendsyssel,RSL ODENSE OBK,"Mathias Christiansen, Robin Tabeling (EU)","Patrick Bjerregaard, Adam Hall (udl.)","59946, 61161","66183, 72789","21-6, 21-17",home,Vendsyssel,
2020,1,1,-3,13240,Badmintonligaen,Grundspil,388129,1 25-08-2020,2. HD,2,HD,Vendsyssel,RSL ODENSE OBK,"Victor Svendsen, Zvonimir Durkinjak (EU)","Mads Thøgersen, William Kryger Boe","69610, 23630","87098, 93939","21-17, 21-13",home,Vendsyssel,
2020,1,1,-3,13240,Badmintonligaen,Grundspil,385924,2 27-08-2020,1. MD,1,MD,Skovshoved,Gentofte,"Joel Eipe, Sara Lundgaard","Frederik Colberg, Line Christophersen","78774, 80319","54104, 154","22-20, 21-14",home,Skovshoved,
2020,1,1,-3,13240,Badmintonligaen,Grundspil,385924,2 27-08-2020,2. MD,2,MD,Skovshoved,Gentofte,"Carsten Mogensen, Kati Tolmoff (EU)","Kasper Antonsen, Celine Juel","13905, 13967","60945, 53107","21-19, 17-21, 17-21",away,Gentofte,
2020,1,1,-3,13240,Badmintonligaen,Grundspil,385924,2 27-08-2020,1. DS,1,DS,Skovshoved,Gentofte,Sophia Grundtvig,Line Christophersen,2259,154,"21-18, 10-21, 11-21",away,Gentofte,
2020,1,1,-3,13240,Badmintonligaen,Grundspil,385924,2 27-08-2020,2. DS,2,DS,Skovshoved,Gentofte,Kati Tolmoff (EU),Mathilde Haapanen,13967,78190,"21-10, 21-12",home,Skovshoved,
2020,1,1,-3,13240,Badmintonligaen,Grundspil,385924,2 27-08-2020,1. HS,1,HS,Skovshoved,Gentofte,Viktor Axelsen,Mads Christophersen,59158,81169,"21-10, 21-16",home,Skovshoved,
2020,1,1,-3,13240,Badmintonligaen,Grundspil,385924,2 27-08-2020,2. HS,2,HS,Skovshoved,Gentofte,Rasmus Gemke,Joshua Eipe,77864,62702,"21-14, 21-18",home,Skovshoved,
2020,1,1,-3,13240,Badmintonligaen,Grundspil,385924,2 27-08-2020,1. DD,1,DD,Skovshoved,Gentofte,"Isabella Nielsen, Sara Lundgaard","Celine Juel, Ida Købke","69978, 80319","53107, 47923","21-9, 21-10",home,Skovshoved,
2020,1,1,-3,13240,Badmintonligaen,Grundspil,385924,2 27-08-2020,1. HD,1,HD,Skovshoved,Gentofte,"Carsten Mogensen, Joachim Fischer","Kasper Antonsen, Oliver Babic","13905, 12057","60945, 61931","21-16, 21-16",home,Skovshoved,
2020,1,1,-3,13240,Badmintonligaen,Grundspil,385924,2 27-08-2020,2. HD,2,HD,Skovshoved,Gentofte,"Rasmus Gemke, Joel Eipe","Frederik Colberg, Mads Christophersen","77864, 78774","54104, 81169","21-13, 18-21, 18-21",away,Gentofte,
2020,1,1,-3,13240,Badmintonligaen,Grundspil,385925,2 27-08-2020,1. MD,1,MD,Greve,Værløse,"Mikkel Mikkelsen, Amalie Magelund Krogh","Mathias Thyrri Jørgensen, Mai Surrow","48568, 869","81255, 50755","16-21, 21-18, 21-14",home,Greve,
2020,1,1,-3,13240,Badmintonligaen,Grundspil,385925,2 27-08-2020,2. MD,2,MD,Greve,Værløse,"Mads Conrad-Petersen, Rikke Søby Hansen","Andreas Søndergaard, Julie Finne-Ipsen","21879, 66239","84100, 66080","21-15, 22-20",home,Greve,
2020,1,1,-3,13240,Badmintonligaen,Grundspil,385925,2 27-08-2020,1. DS,1,DS,Greve,Værløse,Gayle Mahulette (EU),Julie Dawall Jakobsen,318245,83614,"21-13, 9-21, 12-21",away,Værløse,
2020,1,1,-3,13240,Badmintonligaen,Grundspil,385925,2 27-08-2020,2. DS,2,DS,Greve,Værløse,Sia Berg,Sofie Holmboe Dahl,83181,76924,"21-17, 17-21, 9-21",away,Værløse,
2020,1,1,-3,13240,Badmintonligaen,Grundspil,385925,2 27-08-2020,1. HS,1,HS,Greve,Værløse,Kalle Koljonen (EU),Rasmus Messerschmidt,60083,48886,"18-21, 22-20, 21-13",home,Greve,
2020,1,1,-3,13240,Badmintonligaen,Grundspil,385925,2 27-08-2020,2. HS,2,HS,Greve,Værløse,Jonathan Dolan,Ditlev Jæger Holm,65531,80361,"11-21, 4-10",away,Værløse,V
2020,1,1,-3,13240,Badmintonligaen,Grundspil,385925,2 27-08-2020,1. DD,1,DD,Greve,Værløse,"Amalie Magelund Krogh, Rikke Søby Hansen","Julie Finne-Ipsen, Mai Surrow","869, 66239","66080, 50755","21-15, 21-15",home,Greve,
2020,1,1,-3,13240,Badmintonligaen,Grundspil,385925,2 27-08-2020,1. HD,1,HD,Greve,Værløse,"Mads Conrad-Petersen, Mikkel Mikkelsen","Daniel Lundgaard, Andreas Søndergaard","21879, 48568","1311, 84100","18-21, 21-9, 10-21",away,Værløse,
2020,1,1,-3,13240,Badmintonligaen,Grundspil,385925,2 27-08-2020,2. HD,2,HD,Greve,Værløse,"David Daugaard, Kalle Koljonen (EU)","Mathias Thyrri Jørgensen, Ditlev Jæger Holm","65640, 60083","81255, 80361","13-21, 19-21",away,Værløse,
2020,1,1,-3,13240,Badmintonligaen,Grundspil,385926,2 27-08-2020,1. MD,1,MD,Solrød Strand,Aarhus AB,"Jeppe Bay Madsen, Emma Karlsson","Mikkel Stoffersen, Emilie Furbo","78661, 84246","72837, 56698","21-6, 21-14",home,Solrød Strand,
2020,1,1,-3,13240,Badmintonligaen,Grundspil,385926,2 27-08-2020,2. MD,2,MD,Solrød Strand,Aarhus AB,"Emil Holst, Johanna Magnusson (EU)","Mathias L. Hansen, Anne Fuglsang","39835, 231696","62396, 87353","9-21, 22-20, 21-19",home,Solrød Strand,
2020,1,1,-3,13240,Badmintonligaen,Grundspil,385926,2 27-08-2020,1. DS,1,DS,Solrød Strand,Aarhus AB,Frederikke Lund,Anne Fuglsang,2260,87353,"21-11, 21-14",home,Solrød Strand,
2020,1,1,-3,13240,Badmintonligaen,Grundspil,385926,2 27-08-2020,2. DS,2,DS,Solrød Strand,Aarhus AB,Anna Bygum,Trine Villadsen,1616,67501,"21-18, 21-13",home,Solrød Strand,
2020,1,1,-3,13240,Badmintonligaen,Grundspil,385926,2 27-08-2020,1. HS,1,HS,Solrød Strand,Aarhus AB,Emil Holst,Anders Antonsen,39835,79451,"24-22, 15-21, 12-21",away,Aarhus AB,
2020,1,1,-3,13240,Badmintonligaen,Grundspil,385926,2 27-08-2020,2. HS,2,HS,Solrød Strand,Aarhus AB,Patrick Seitzberg Abildgaard,Jeppe Bruun Christensen,80754,78581,"21-12, 21-17",home,Solrød Strand,
2020,1,1,-3,13240,Badmintonligaen,Grundspil,385926,2 27-08-2020,1. DD,1,DD,Solrød Strand,Aarhus AB,"Emma Karlsson, Johanna Magnusson (EU)","Trine Villadsen, Emilie Furbo","84246, 231696","67501, 56698","21-13, 21-15",home,Solrød Strand,
2020,1,1,-3,13240,Badmintonligaen,Grundspil,385926,2 27-08-2020,1. HD,1,HD,Solrød Strand,Aarhus AB,"Søren Gravholt, Jeppe Bay Madsen","Mikkel Stoffersen, Philip Seerup","36753, 78661","72837, 81442","21-16, 19-21, 21-18",home,Solrød Strand,
2020,1,1,-3,13240,Badmintonligaen,Grundspil,385926,2 27-08-2020,2. HD,2,HD,Solrød Strand,Aarhus AB,"Patrick Seitzberg Abildgaard, Emil Hybel","Mathias L. Hansen, Jeppe Bruun Christensen","80754, 84145","62396, 78581","20-22, 21-17, 20-22",away,Aarhus AB,
2020,1,1,-3,13240,Badmintonligaen,Grundspil,385928,2 27-08-2020,1. MD,1,MD,Højbjerg/Via Biler,Vendsyssel,"Anders Skaarup Rasmussen, Alexandra Bøje","Mathias Christiansen, Cheryl Seinen (EU)","29269, 89506","59946, 69668","19-21, 17-21",away,Vendsyssel,
2020,1,1,-3,13240,Badmintonligaen,Grundspil,385928,2 27-08-2020,2. MD,2,MD,Højbjerg/Via Biler,Vendsyssel,"Jesper Toft, Natasja P. Anthonisen","Robin Tabeling (EU), Debora Jille (EU)","86982, 2590","61161, 305462","15-21, 15-21",away,Vendsyssel,
2020,1,1,-3,13240,Badmintonligaen,Grundspil,385928,2 27-08-2020,1. DS,1,DS,Højbjerg/Via Biler,Vendsyssel,Amalie Schulz Terp-Nielsen,Kirsty Alison Gilmour (udl.),2532,57455,"15-21, 10-21",away,Vendsyssel,
2020,1,1,-3,13240,Badmintonligaen,Grundspil,385928,2 27-08-2020,2. DS,2,DS,Højbjerg/Via Biler,Vendsyssel,Signe Schulz Terp-Nielsen,Laura Sarosi,2533,287024,"16-21, 8-21",away,Vendsyssel,
2020,1,1,-3,13240,Badmintonligaen,Grundspil,385928,2 27-08-2020,1. HS,1,HS,Højbjerg/Via Biler,Vendsyssel,Hans-Kristian Solberg Vittinghus,Jan Ø. Jørgensen,14903,21735,"20-22, 17-21",away,Vendsyssel,
2020,1,1,-3,13240,Badmintonligaen,Grundspil,385928,2 27-08-2020,2. HS,2,HS,Højbjerg/Via Biler,Vendsyssel,Karan Rajan Rajarajan,Victor Svendsen,272325,69610,"16-21, 12-21",away,Vendsyssel,
2020,1,1,-3,13240,Badmintonligaen,Grundspil,385928,2 27-08-2020,1. DD,1,DD,Højbjerg/Via Biler,Vendsyssel,"Alexandra Bøje, Natasja P. Anthonisen","Cheryl Seinen (EU), Debora Jille (EU)","89506, 2590","69668, 305462","21-19, 24-22",home,Højbjerg/Via Biler,
2020,1,1,-3,13240,Badmintonligaen,Grundspil,385928,2 27-08-2020,1. HD,1,HD,Højbjerg/Via Biler,Vendsyssel,"Anders Skaarup Rasmussen, Jesper Toft","Robin Tabeling (EU), Mathias Christiansen","29269, 86982","61161, 59946","21-7, 17-21, 21-16",home,Højbjerg/Via Biler,
2020,1,1,-3,13240,Badmintonligaen,Grundspil,385928,2 27-08-2020,2. HD,2,HD,Højbjerg/Via Biler,Vendsyssel,"Mads Vestergaard, Karan Rajan Rajarajan","Zvonimir Durkinjak (EU), Victor Svendsen","3019, 272325","23630, 69610","16-21, 17-21",away,Vendsyssel,
2020,1,1,-3,13240,Badmintonligaen,Grundspil,388130,2 27-08-2020,1. MD,1,MD,RSL ODENSE OBK,Team Skælskør-Slagelse,"Adam Hall (udl.), Sara Thygesen","Frederik Søgaard, Selena Piek (EU)","72789, 40011","80745, 250890","16-21, 25-27",away,Team Skælskør-Slagelse,
2020,1,1,-3,13240,Badmintonligaen,Grundspil,388130,2 27-08-2020,2. MD,2,MD,RSL ODENSE OBK,Team Skælskør-Slagelse,"Patrick Bjerregaard, Maiken Fruergaard Sørensen","Ruben Jille (EU), Imke Van Der Aar","66183, 68036","75165, 213164","21-16, 12-21, 19-21",away,Team Skælskør-Slagelse,
2020,1,1,-3,13240,Badmintonligaen,Grundspil,388130,2 27-08-2020,1. DS,1,DS,RSL ODENSE OBK,Team Skælskør-Slagelse,Camilla Martens,Irina Amalie Andersen,32869,85967,"19-21, 21-19, 17-21",away,Team Skælskør-Slagelse,
2020,1,1,-3,13240,Badmintonligaen,Grundspil,388130,2 27-08-2020,2. DS,2,DS,RSL ODENSE OBK,Team Skælskør-Slagelse,Emilia Nesic,Imke Van Der Aar,3294,213164,11-3,home,RSL ODENSE OBK,R
2020,1,1,-3,13240,Badmintonligaen,Grundspil,388130,2 27-08-2020,1. HS,1,HS,RSL ODENSE OBK,Team Skælskør-Slagelse,Steffen Rasmussen,Mark Caljouw (EU),41491,66142,"21-17, 21-15",home,RSL ODENSE OBK,
2020,1,1,-3,13240,Badmintonligaen,Grundspil,388130,2 27-08-2020,2. HS,2,HS,RSL ODENSE OBK,Team Skælskør-Slagelse,Mads Thøgersen,Felix Burestedt (EU),87098,66689,"19-21, 21-19, 18-21",away,Team Skælskør-Slagelse,
2020,1,1,-3,13240,Badmintonligaen,Grundspil,388130,2 27-08-2020,1. DD,1,DD,RSL ODENSE OBK,Team Skælskør-Slagelse,"Sara Thygesen, Maiken Fruergaard Sørensen","Selena Piek (EU), Alyssa Tirtosentono (EU)","40011, 68036","250890, 253649","22-20, 21-14",home,RSL ODENSE OBK,
2020,1,1,-3,13240,Badmintonligaen,Grundspil,388130,2 27-08-2020,1. HD,1,HD,RSL ODENSE OBK,Team Skælskør-Slagelse,"Adam Hall (udl.), Patrick Bjerregaard","Mads Pieler Kolding, Frederik Søgaard","72789, 66183","22029, 80745",0-11,away,Team Skælskør-Slagelse,T
2020,1,1,-3,13240,Badmintonligaen,Grundspil,388130,2 27-08-2020,2. HD,2,HD,RSL ODENSE OBK,Team Skælskør-Slagelse,"William Kryger Boe, Mads Thøgersen","Mark Caljouw (EU), Ruben Jille (EU)","93939, 87098","66142, 75165","13-21, 13-21",away,Team Skælskør-Slagelse,
2020,1,1,-3,13240,Badmintonligaen,Grundspil,403303,3 10-11-2020,1. MD,1,MD,Skovshoved,Aarhus AB,"Joachim Fischer, Sara Lundgaard","Mikkel Stoffersen, Emilie Furbo","12057, 80319","72837, 56698","21-12, 21-8",home,Skovshoved,
2020,1,1,-3,13240,Badmintonligaen,Grundspil,403303,3 10-11-2020,2. MD,2,MD,Skovshoved,Aarhus AB,"Joel Eipe, Mette Poulsen","Mathias L. Hansen, Anne Fuglsang","78774, 55556","62396, 87353","21-11, 21-18",home,Skovshoved,
2020,1,1,-3,13240,Badmintonligaen,Grundspil,403303,3 10-11-2020,1. DS,1,DS,Skovshoved,Aarhus AB,Sophia Grundtvig,Anne Fuglsang,2259,87353,"21-13, 21-12",home,Skovshoved,
2020,1,1,-3,13240,Badmintonligaen,Grundspil,403303,3 10-11-2020,2. DS,2,DS,Skovshoved,Aarhus AB,Kati Tolmoff (EU),Trine Villadsen,13967,67501,"21-15, 21-7",home,Skovshoved,
2020,1,1,-3,13240,Badmintonligaen,Grundspil,403303,3 10-11-2020,1. HS,1,HS,Skovshoved,Aarhus AB,Rasmus Gemke,David Kim Kristensen,77864,70867,"18-21, 21-17, 21-5",home,Skovshoved,
2020,1,1,-3,13240,Badmintonligaen,Grundspil,403303,3 10-11-2020,2. HS,2,HS,Skovshoved,Aarhus AB,Axel Henrik Parkhøi,Jeppe Bruun Christensen,2976,78581,"12-21, 11-21",away,Aarhus AB,
2020,1,1,-3,13240,Badmintonligaen,Grundspil,403303,3 10-11-2020,1. DD,1,DD,Skovshoved,Aarhus AB,"Sara Lundgaard, Mette Poulsen","Trine Villadsen, Emilie Furbo","80319, 55556","67501, 56698","22-20, 21-13",home,Skovshoved,
2020,1,1,-3,13240,Badmintonligaen,Grundspil,403303,3 10-11-2020,1. HD,1,HD,Skovshoved,Aarhus AB,"Joachim Fischer, Carsten Mogensen","Philip Seerup, Mikkel Stoffersen","12057, 13905","81442, 72837","21-17, 21-12",home,Skovshoved,
2020,1,1,-3,13240,Badmintonligaen,Grundspil,403303,3 10-11-2020,2. HD,2,HD,Skovshoved,Aarhus AB,"Rasmus Gemke, Joel Eipe","Mathias L. Hansen, Jeppe Bruun Christensen","77864, 78774","62396, 78581","21-8, 21-18",home,Skovshoved,
2020,1,1,-3,13240,Badmintonligaen,Grundspil,403304,3 10-11-2020,1. MD,1,MD,Værløse,Højbjerg/Via Biler,"Andreas Søndergaard, Mai Surrow","Anders Skaarup Rasmussen, Natasja P. Anthonisen","84100, 50755","29269, 2590","23-25, 21-10, 19-21",away,Højbjerg/Via Biler,
2020,1,1,-3,13240,Badmintonligaen,Grundspil,403304,3 10-11-2020,2. MD,2,MD,Værløse,Højbjerg/Via Biler,"Mathias Thyrri Jørgensen, Sofie Holmboe Dahl","Jesper Toft, Alexandra Bøje","81255, 76924","86982, 89506","21-11, 15-21, 9-21",away,Højbjerg/Via Biler,
2020,1,1,-3,13240,Badmintonligaen,Grundspil,403304,3 10-11-2020,1. DS,1,DS,Værløse,Højbjerg/Via Biler,Julie Dawall Jakobsen,Line Kjærsfeldt,83614,61094,"10-21, 9-21",away,Højbjerg/Via Biler,
2020,1,1,-3,13240,Badmintonligaen,Grundspil,403304,3 10-11-2020,2. DS,2,DS,Værløse,Højbjerg/Via Biler,Sofie Holmboe Dahl,Amalie Schulz Terp-Nielsen,76924,2532,"20-22, 18-21",away,Højbjerg/Via Biler,
2020,1,1,-3,13240,Badmintonligaen,Grundspil,403304,3 10-11-2020,1. HS,1,HS,Værløse,Højbjerg/Via Biler,Rasmus Messerschmidt,Hans-Kristian Solberg Vittinghus,48886,14903,"22-20, 23-21",home,Værløse,
2020,1,1,-3,13240,Badmintonligaen,Grundspil,403304,3 10-11-2020,2. HS,2,HS,Værløse,Højbjerg/Via Biler,Ditlev Jæger Holm,Karan Rajan Rajarajan,80361,272325,"21-12, 21-8",home,Værløse,
2020,1,1,-3,13240,Badmintonligaen,Grundspil,403304,3 10-11-2020,1. DD,1,DD,Værløse,Højbjerg/Via Biler,"Julie Dawall Jakobsen, Mai Surrow","Alexandra Bøje, Natasja P. Anthonisen","83614, 50755","89506, 2590","0-21, 0-21",away,Højbjerg/Via Biler,
2020,1,1,-3,13240,Badmintonligaen,Grundspil,403304,3 10-11-2020,1. HD,1,HD,Værløse,Højbjerg/Via Biler,"Andreas Søndergaard, Daniel Lundgaard","Anders Skaarup Rasmussen, Jesper Toft","84100, 1311","29269, 86982","24-26, 10-21",away,Højbjerg/Via Biler,
2020,1,1,-3,13240,Badmintonligaen,Grundspil,403304,3 10-11-2020,2. HD,2,HD,Værløse,Højbjerg/Via Biler,"Mathias Thyrri Jørgensen, Ditlev Jæger Holm","Mads Vestergaard, Karan Rajan Rajarajan","81255, 80361","3019, 272325","21-13, 21-12",home,Værløse,
2020,1,1,-3,13240,Badmintonligaen,Grundspil,403305,3 10-11-2020,1. MD,1,MD,Team Skælskør-Slagelse,Greve,"Mads Pieler Kolding, Selena Piek (EU)","Mikkel Mikkelsen, Rikke Søby Hansen","22029, 250890","48568, 66239","21-18, 21-14",home,Team Skælskør-Slagelse,
2020,1,1,-3,13240,Badmintonligaen,Grundspil,403305,3 10-11-2020,2. MD,2,MD,Team Skælskør-Slagelse,Greve,"Ruben Jille (EU), Alyssa Tirtosentono (EU)","Niclas Nøhr, Tilda Sjöö (EU)","75165, 253649","43429, 197734","21-18, 21-9",home,Team Skælskør-Slagelse,
2020,1,1,-3,13240,Badmintonligaen,Grundspil,403305,3 10-11-2020,1. DS,1,DS,Team Skælskør-Slagelse,Greve,Irina Amalie Andersen,Iris Wang (udl.),85967,324938,"17-21, 6-21",away,Greve,
2020,1,1,-3,13240,Badmintonligaen,Grundspil,403305,3 10-11-2020,2. DS,2,DS,Team Skælskør-Slagelse,Greve,Ashwathi Pillai (EU),Amalie Hertz,163393,80364,"21-14, 18-21, 21-15",home,Team Skælskør-Slagelse,
2020,1,1,-3,13240,Badmintonligaen,Grundspil,403305,3 10-11-2020,1. HS,1,HS,Team Skælskør-Slagelse,Greve,Mark Caljouw (EU),Lino Munez,66142,327693,"21-13, 21-15",home,Team Skælskør-Slagelse,
2020,1,1,-3,13240,Badmintonligaen,Grundspil,403305,3 10-11-2020,2. HS,2,HS,Team Skælskør-Slagelse,Greve,Felix Burestedt (EU),Kalle Koljonen (EU),66689,60083,"21-16, 21-18",home,Team Skælskør-Slagelse,
2020,1,1,-3,13240,Badmintonligaen,Grundspil,403305,3 10-11-2020,1. DD,1,DD,Team Skælskør-Slagelse,Greve,"Selena Piek (EU), Alyssa Tirtosentono (EU)","Rikke Søby Hansen, Tilda Sjöö (EU)","250890, 253649","66239, 197734","21-15, 21-9",home,Team Skælskør-Slagelse,
2020,1,1,-3,13240,Badmintonligaen,Grundspil,403305,3 10-11-2020,1. HD,1,HD,Team Skælskør-Slagelse,Greve,"Mads Pieler Kolding, Mark Caljouw (EU)","Mikkel Mikkelsen, Niclas Nøhr","22029, 66142","48568, 43429","12-21, 21-14, 18-21",away,Greve,
2020,1,1,-3,13240,Badmintonligaen,Grundspil,403305,3 10-11-2020,2. HD,2,HD,Team Skælskør-Slagelse,Greve,"Felix Burestedt (EU), Ruben Jille (EU)","Jonathan Dolan, Kalle Koljonen (EU)","66689, 75165","65531, 60083","21-13, 21-19",home,Team Skælskør-Slagelse,
2020,1,1,-3,13240,Badmintonligaen,Grundspil,403306,3 10-11-2020,1. MD,1,MD,Vendsyssel,Gentofte,"Robin Tabeling (EU), Debora Jille (EU)","Kasper Antonsen, Celine Juel","61161, 305462","60945, 53107","8-21, 22-20, 19-21",away,Gentofte,
2020,1,1,-3,13240,Badmintonligaen,Grundspil,403306,3 10-11-2020,2. MD,2,MD,Vendsyssel,Gentofte,"Mathias Christiansen, Sabrina Jaquet","Nicolai Müller, Line Christophersen","59946, 327649","31799, 154","21-18, 18-21, 26-24",home,Vendsyssel,
2020,1,1,-3,13240,Badmintonligaen,Grundspil,403306,3 10-11-2020,1. DS,1,DS,Vendsyssel,Gentofte,Laura Sarosi,Line Christophersen,287024,154,"11-21, 6-21",away,Gentofte,
2020,1,1,-3,13240,Badmintonligaen,Grundspil,403306,3 10-11-2020,2. DS,2,DS,Vendsyssel,Gentofte,Josefine Redkjær Jensen,Mathilde Haapanen,1916,78190,"21-11, 21-14",home,Vendsyssel,
2020,1,1,-3,13240,Badmintonligaen,Grundspil,403306,3 10-11-2020,1. HS,1,HS,Vendsyssel,Gentofte,Jan Ø. Jørgensen,Mads Christophersen,21735,81169,"10-21, 22-20, 14-21",away,Gentofte,
2020,1,1,-3,13240,Badmintonligaen,Grundspil,403306,3 10-11-2020,2. HS,2,HS,Vendsyssel,Gentofte,Victor Svendsen,Christopher Vittoriani,69610,3269,"21-14, 21-12",home,Vendsyssel,
2020,1,1,-3,13240,Badmintonligaen,Grundspil,403306,3 10-11-2020,1. DD,1,DD,Vendsyssel,Gentofte,"Debora Jille (EU), Sabrina Jaquet","Celine Juel, Mathilde Haapanen","305462, 327649","53107, 78190","21-15, 21-10",home,Vendsyssel,
2020,1,1,-3,13240,Badmintonligaen,Grundspil,403306,3 10-11-2020,1. HD,1,HD,Vendsyssel,Gentofte,"Robin Tabeling (EU), Mathias Christiansen","Kasper Antonsen, Frederik Colberg","61161, 59946","60945, 54104","23-25, 18-21",away,Gentofte,
2020,1,1,-3,13240,Badmintonligaen,Grundspil,403306,3 10-11-2020,2. HD,2,HD,Vendsyssel,Gentofte,"Victor Svendsen, Zvonimir Durkinjak (EU)","Nicolai Müller, Mads Christophersen","69610, 23630","31799, 81169","21-18, 17-21, 19-21",away,Gentofte,
2020,1,1,-3,13240,Badmintonligaen,Grundspil,403307,3 10-11-2020,1. MD,1,MD,Solrød Strand,RSL ODENSE OBK,"Lasse Mølhede, Johanna Magnusson (EU)","William Kryger Boe, Sara Thygesen","58031, 231696","93939, 40011","21-14, 21-12",home,Solrød Strand,
2020,1,1,-3,13240,Badmintonligaen,Grundspil,403307,3 10-11-2020,2. MD,2,MD,Solrød Strand,RSL ODENSE OBK,"Jeppe Bay Madsen, Emma Karlsson","Patrick Bjerregaard, Maiken Fruergaard Sørensen","78661, 84246","66183, 68036","21-13, 21-6",home,Solrød Strand,
2020,1,1,-3,13240,Badmintonligaen,Grundspil,403307,3 10-11-2020,1. DS,1,DS,Solrød Strand,RSL ODENSE OBK,Mia Blichfeldt,Camilla Martens,81104,32869,"21-17, 21-15",home,Solrød Strand,
2020,1,1,-3,13240,Badmintonligaen,Grundspil,403307,3 10-11-2020,2. DS,2,DS,Solrød Strand,RSL ODENSE OBK,Frederikke Lund,Simona Pilgaard,2260,154020,"19-21, 21-18, 21-15",home,Solrød Strand,
2020,1,1,-3,13240,Badmintonligaen,Grundspil,403307,3 10-11-2020,1. HS,1,HS,Solrød Strand,RSL ODENSE OBK,Nhat Nguyen (udl.),Steffen Rasmussen,324838,41491,"21-11, 21-13",home,Solrød Strand,
2020,1,1,-3,13240,Badmintonligaen,Grundspil,403307,3 10-11-2020,2. HS,2,HS,Solrød Strand,RSL ODENSE OBK,Emil Holst,Mads Thøgersen,39835,87098,"16-21, 21-13, 21-13",home,Solrød Strand,
2020,1,1,-3,13240,Badmintonligaen,Grundspil,403307,3 10-11-2020,1. DD,1,DD,Solrød Strand,RSL ODENSE OBK,"Emma Karlsson, Johanna Magnusson (EU)","Camilla Martens, Maiken Fruergaard Sørensen","84246, 231696","32869, 68036","21-16, 21-9",home,Solrød Strand,
2020,1,1,-3,13240,Badmintonligaen,Grundspil,403307,3 10-11-2020,1. HD,1,HD,Solrød Strand,RSL ODENSE OBK,"Lasse Mølhede, Jeppe Bay Madsen","William Kryger Boe, Mads Thøgersen","58031, 78661","93939, 87098","21-19, 23-21",home,Solrød Strand,
2020,1,1,-3,13240,Badmintonligaen,Grundspil,403307,3 10-11-2020,2. HD,2,HD,Solrød Strand,RSL ODENSE OBK,"Søren Gravholt, Emil Holst","Patrick Bjerregaard, Steffen Rasmussen","36753, 39835","66183, 41491","21-16, 17-21, 21-14",home,Solrød Strand,
2020,1,1,-3,13240,Badmintonligaen,Grundspil,403308,4 12-11-2020,1. MD,1,MD,Aarhus AB,Værløse,"Mikkel Stoffersen, Anne Fuglsang","Mathias Thyrri Jørgensen, Ditte Søby Hansen","72837, 87353","81255, 78225","17-21, 21-18, 8-21",away,Værløse,
2020,1,1,-3,13240,Badmintonligaen,Grundspil,403308,4 12-11-2020,2. MD,2,MD,Aarhus AB,Værløse,"Mathias L. Hansen, Emilie Furbo","Andreas Søndergaard, Maria Alm","62396, 56698","84100, 13837","21-16, 15-21, 16-21",away,Værløse,
2020,1,1,-3,13240,Badmintonligaen,Grundspil,403308,4 12-11-2020,1. DS,1,DS,Aarhus AB,Værløse,Anne Fuglsang,Julie Dawall Jakobsen,87353,83614,"15-21, 21-23",away,Værløse,
2020,1,1,-3,13240,Badmintonligaen,Grundspil,403308,4 12-11-2020,2. DS,2,DS,Aarhus AB,Værløse,Trine Villadsen,Sofie Holmboe Dahl,67501,76924,"10-21, 21-16, 21-16",home,Aarhus AB,
2020,1,1,-3,13240,Badmintonligaen,Grundspil,403308,4 12-11-2020,1. HS,1,HS,Aarhus AB,Værløse,David Kim Kristensen,Rasmus Messerschmidt,70867,48886,"21-17, 17-21, 12-21",away,Værløse,
2020,1,1,-3,13240,Badmintonligaen,Grundspil,403308,4 12-11-2020,2. HS,2,HS,Aarhus AB,Værløse,Jeppe Bruun Christensen,Ditlev Jæger Holm,78581,80361,"18-21, 21-18, 13-21",away,Værløse,
2020,1,1,-3,13240,Badmintonligaen,Grundspil,403308,4 12-11-2020,1. DD,1,DD,Aarhus AB,Værløse,"Trine Villadsen, Emilie Furbo","Julie Dawall Jakobsen, Sofie Holmboe Dahl","67501, 56698","83614, 76924","18-21, 24-26",away,Værløse,
2020,1,1,-3,13240,Badmintonligaen,Grundspil,403308,4 12-11-2020,1. HD,1,HD,Aarhus AB,Værløse,"Mikkel Stoffersen, Jeppe Bruun Christensen","Andreas Søndergaard, Daniel Lundgaard","72837, 78581","84100, 1311","19-21, 12-21",away,Værløse,
2020,1,1,-3,13240,Badmintonligaen,Grundspil,403308,4 12-11-2020,2. HD,2,HD,Aarhus AB,Værløse,"Mathias L. Hansen, Philip Seerup","Mathias Thyrri Jørgensen, Ditlev Jæger Holm","62396, 81442","81255, 80361","14-21, 9-21",away,Værløse,
2020,1,1,-3,13240,Badmintonligaen,Grundspil,403309,4 12-11-2020,1. MD,1,MD,Højbjerg/Via Biler,Team Skælskør-Slagelse,"Anders Skaarup Rasmussen, Natasja P. Anthonisen","Mads Pieler Kolding, Selena Piek (EU)","29269, 2590","22029, 250890","17-21, 18-21",away,Team Skælskør-Slagelse,
2020,1,1,-3,13240,Badmintonligaen,Grundspil,403309,4 12-11-2020,2. MD,2,MD,Højbjerg/Via Biler,Team Skælskør-Slagelse,"Jesper Toft, Alexandra Bøje","Ruben Jille (EU), Imke Van Der Aar","86982, 89506","75165, 213164","21-18, 16-21, 12-21",away,Team Skælskør-Slagelse,
2020,1,1,-3,13240,Badmintonligaen,Grundspil,403309,4 12-11-2020,1. DS,1,DS,Højbjerg/Via Biler,Team Skælskør-Slagelse,Line Kjærsfeldt,Irina Amalie Andersen,61094,85967,"21-9, 26-24",home,Højbjerg/Via Biler,
2020,1,1,-3,13240,Badmintonligaen,Grundspil,403309,4 12-11-2020,2. DS,2,DS,Højbjerg/Via Biler,Team Skælskør-Slagelse,Amalie Schulz Terp-Nielsen,Imke Van Der Aar,2532,213164,"21-13, 21-7",home,Højbjerg/Via Biler,
2020,1,1,-3,13240,Badmintonligaen,Grundspil,403309,4 12-11-2020,1. HS,1,HS,Højbjerg/Via Biler,Team Skælskør-Slagelse,Hans-Kristian Solberg Vittinghus,Mark Caljouw (EU),14903,66142,"9-21, 12-21",away,Team Skælskør-Slagelse,
2020,1,1,-3,13240,Badmintonligaen,Grundspil,403309,4 12-11-2020,2. HS,2,HS,Højbjerg/Via Biler,Team Skælskør-Slagelse,Karan Rajan Rajarajan,Fabian Roth,272325,71680,"21-19, 21-19",home,Højbjerg/Via Biler,
2020,1,1,-3,13240,Badmintonligaen,Grundspil,403309,4 12-11-2020,1. DD,1,DD,Højbjerg/Via Biler,Team Skælskør-Slagelse,"Alexandra Bøje, Natasja P. Anthonisen","Selena Piek (EU), Alyssa Tirtosentono (EU)","89506, 2590","250890, 253649","18-21, 21-16, 18-21",away,Team Skælskør-Slagelse,
2020,1,1,-3,13240,Badmintonligaen,Grundspil,403309,4 12-11-2020,1. HD,1,HD,Højbjerg/Via Biler,Team Skælskør-Slagelse,"Anders Skaarup Rasmussen, Jesper Toft","Mads Pieler Kolding, Ruben Jille (EU)","29269, 86982","22029, 75165","17-21, 21-18, 19-21",away,Team Skælskør-Slagelse,
2020,1,1,-3,13240,Badmintonligaen,Grundspil,403309,4 12-11-2020,2. HD,2,HD,Højbjerg/Via Biler,Team Skælskør-Slagelse,"Hans-Kristian Solberg Vittinghus, Mads Vestergaard","Fabian Roth, Mark Caljouw (EU)","14903, 3019","71680, 66142","20-22, 19-21",away,Team Skælskør-Slagelse,
2020,1,1,-3,13240,Badmintonligaen,Grundspil,403310,4 12-11-2020,1. MD,1,MD,Greve,Vendsyssel,"Niclas Nøhr, Amalie Magelund Krogh","Mathias Christiansen, Cheryl Seinen (EU)","43429, 869","59946, 69668","19-21, 11-21",away,Vendsyssel,
2020,1,1,-3,13240,Badmintonligaen,Grundspil,403310,4 12-11-2020,2. MD,2,MD,Greve,Vendsyssel,"Mikkel Mikkelsen, Rikke Søby Hansen","Robin Tabeling (EU), Debora Jille (EU)","48568, 66239","61161, 305462","20-22, 21-17, 17-21",away,Vendsyssel,
2020,1,1,-3,13240,Badmintonligaen,Grundspil,403310,4 12-11-2020,1. DS,1,DS,Greve,Vendsyssel,Iris Wang (udl.),Sabrina Jaquet,324938,327649,"21-13, 20-22, 25-27",away,Vendsyssel,
2020,1,1,-3,13240,Badmintonligaen,Grundspil,403310,4 12-11-2020,2. DS,2,DS,Greve,Vendsyssel,Gayle Mahulette (EU),Josefine Redkjær Jensen,318245,1916,"23-21, 21-18",home,Greve,
2020,1,1,-3,13240,Badmintonligaen,Grundspil,403310,4 12-11-2020,1. HS,1,HS,Greve,Vendsyssel,Kalle Koljonen (EU),Jan Ø. Jørgensen,60083,21735,"15-21, 21-18, 21-19",home,Greve,
2020,1,1,-3,13240,Badmintonligaen,Grundspil,403310,4 12-11-2020,2. HS,2,HS,Greve,Vendsyssel,Lino Munez,Victor Svendsen,327693,69610,"12-21, 12-21",away,Vendsyssel,
2020,1,1,-3,13240,Badmintonligaen,Grundspil,403310,4 12-11-2020,1. DD,1,DD,Greve,Vendsyssel,"Amalie Magelund Krogh, Rikke Søby Hansen","Debora Jille (EU), Cheryl Seinen (EU)","869, 66239","305462, 69668","21-18, 19-21, 14-21",away,Vendsyssel,
2020,1,1,-3,13240,Badmintonligaen,Grundspil,403310,4 12-11-2020,1. HD,1,HD,Greve,Vendsyssel,"Lino Munez, Mads Conrad-Petersen","Mathias Christiansen, Robin Tabeling (EU)","327693, 21879","59946, 61161","11-21, 10-21",away,Vendsyssel,
2020,1,1,-3,13240,Badmintonligaen,Grundspil,403310,4 12-11-2020,2. HD,2,HD,Greve,Vendsyssel,"Mikkel Mikkelsen, Niclas Nøhr","Victor Svendsen, Zvonimir Durkinjak (EU)","48568, 43429","69610, 23630","21-8, 16-21, 21-13",home,Greve,
2020,1,1,-3,13240,Badmintonligaen,Grundspil,403311,4 12-11-2020,1. MD,1,MD,Gentofte,Solrød Strand,"Frederik Colberg, Line Christophersen","Jeppe Bay Madsen, Johanna Magnusson (EU)","54104, 154","78661, 231696","14-21, 12-21",away,Solrød Strand,
2020,1,1,-3,13240,Badmintonligaen,Grundspil,403311,4 12-11-2020,2. MD,2,MD,Gentofte,Solrød Strand,"Kasper Antonsen, Celine Juel","Lasse Mølhede, Elisa Melgaard","60945, 53107","58031, 85664","21-18, 15-21, 18-21",away,Solrød Strand,
2020,1,1,-3,13240,Badmintonligaen,Grundspil,403311,4 12-11-2020,1. DS,1,DS,Gentofte,Solrød Strand,Line Christophersen,Mia Blichfeldt,154,81104,"11-21, 18-21",away,Solrød Strand,
2020,1,1,-3,13240,Badmintonligaen,Grundspil,403311,4 12-11-2020,2. DS,2,DS,Gentofte,Solrød Strand,Mathilde Haapanen,Frederikke Lund,78190,2260,"12-21, 11-21",away,Solrød Strand,
2020,1,1,-3,13240,Badmintonligaen,Grundspil,403311,4 12-11-2020,1. HS,1,HS,Gentofte,Solrød Strand,Mads Christophersen,Nhat Nguyen (udl.),81169,324838,"21-12, 13-21, 17-21",away,Solrød Strand,
2020,1,1,-3,13240,Badmintonligaen,Grundspil,403311,4 12-11-2020,2. HS,2,HS,Gentofte,Solrød Strand,Christopher Vittoriani,Emil Holst,3269,39835,"17-21, 14-21",away,Solrød Strand,
2020,1,1,-3,13240,Badmintonligaen,Grundspil,403311,4 12-11-2020,1. DD,1,DD,Gentofte,Solrød Strand,"Ida Købke, Celine Juel","Johanna Magnusson (EU), Elisa Melgaard","47923, 53107","231696, 85664","18-21, 15-21",away,Solrød Strand,
2020,1,1,-3,13240,Badmintonligaen,Grundspil,403311,4 12-11-2020,1. HD,1,HD,Gentofte,Solrød Strand,"Kasper Antonsen, Oliver Babic","Lasse Mølhede, Søren Gravholt","60945, 61931","58031, 36753","10-21, 17-21",away,Solrød Strand,
2020,1,1,-3,13240,Badmintonligaen,Grundspil,403311,4 12-11-2020,2. HD,2,HD,Gentofte,Solrød Strand,"Frederik Colberg, Mads Christophersen","Jeppe Bay Madsen, Emil Holst","54104, 81169","78661, 39835","19-21, 18-21",away,Solrød Strand,
2020,1,1,-3,13240,Badmintonligaen,Grundspil,403312,4 12-11-2020,1. MD,1,MD,RSL ODENSE OBK,Skovshoved,"William Kryger Boe, Sara Thygesen","Joachim Fischer, Sara Lundgaard","93939, 40011","12057, 80319","24-22, 21-13",home,RSL ODENSE OBK,
2020,1,1,-3,13240,Badmintonligaen,Grundspil,403312,4 12-11-2020,2. MD,2,MD,RSL ODENSE OBK,Skovshoved,"Patrick Bjerregaard, Maiken Fruergaard Sørensen","Joel Eipe, Mette Poulsen","66183, 68036","78774, 55556","15-21, 21-19, 16-21",away,Skovshoved,
2020,1,1,-3,13240,Badmintonligaen,Grundspil,403312,4 12-11-2020,1. DS,1,DS,RSL ODENSE OBK,Skovshoved,Camilla Martens,Sophia Grundtvig,32869,2259,"14-21, 21-8, 21-13",home,RSL ODENSE OBK,
2020,1,1,-3,13240,Badmintonligaen,Grundspil,403312,4 12-11-2020,2. DS,2,DS,RSL ODENSE OBK,Skovshoved,Simona Pilgaard,Kati Tolmoff (EU),154020,13967,"17-21, 12-21",away,Skovshoved,
2020,1,1,-3,13240,Badmintonligaen,Grundspil,403312,4 12-11-2020,1. HS,1,HS,RSL ODENSE OBK,Skovshoved,Steffen Rasmussen,Rasmus Gemke,41491,77864,"15-21, 9-21",away,Skovshoved,
2020,1,1,-3,13240,Badmintonligaen,Grundspil,403312,4 12-11-2020,2. HS,2,HS,RSL ODENSE OBK,Skovshoved,Mads Thøgersen,Mikkel Enghøj,87098,79296,"21-11, 21-13",home,RSL ODENSE OBK,
2020,1,1,-3,13240,Badmintonligaen,Grundspil,403312,4 12-11-2020,1. DD,1,DD,RSL ODENSE OBK,Skovshoved,"Sara Thygesen, Maiken Fruergaard Sørensen","Mette Poulsen, Sara Lundgaard","40011, 68036","55556, 80319","21-18, 21-12",home,RSL ODENSE OBK,
2020,1,1,-3,13240,Badmintonligaen,Grundspil,403312,4 12-11-2020,1. HD,1,HD,RSL ODENSE OBK,Skovshoved,"William Kryger Boe, Mads Thøgersen","Joachim Fischer, Carsten Mogensen","93939, 87098","12057, 13905","11-21, 21-17, 21-15",home,RSL ODENSE OBK,
2020,1,1,-3,13240,Badmintonligaen,Grundspil,403312,4 12-11-2020,2. HD,2,HD,RSL ODENSE OBK,Skovshoved,"Steffen Rasmussen, Patrick Bjerregaard","Joel Eipe, Rasmus Gemke","41491, 66183","78774, 77864","18-21, 21-16, 19-21",away,Skovshoved,
2020,1,1,-3,13240,Badmintonligaen,Grundspil,403313,5 03-12-2020,1. MD,1,MD,Greve,Skovshoved,"Niclas Nøhr, Amalie Magelund Krogh","Carsten Mogensen, Mette Poulsen","43429, 869","13905, 55556","21-15, 13-21, 21-13",home,Greve,
2020,1,1,-3,13240,Badmintonligaen,Grundspil,403313,5 03-12-2020,2. MD,2,MD,Greve,Skovshoved,"Mikkel Mikkelsen, Rikke Søby Hansen","Joel Eipe, Sara Lundgaard","48568, 66239","78774, 80319","21-18, 19-21, 18-21",away,Skovshoved,
2020,1,1,-3,13240,Badmintonligaen,Grundspil,403313,5 03-12-2020,1. DS,1,DS,Greve,Skovshoved,Iris Wang (udl.),Sophia Grundtvig,324938,2259,"21-14, 21-14",home,Greve,
2020,1,1,-3,13240,Badmintonligaen,Grundspil,403313,5 03-12-2020,2. DS,2,DS,Greve,Skovshoved,Gayle Mahulette (EU),Kati Tolmoff (EU),318245,13967,"21-19, 16-21, 21-12",home,Greve,
2020,1,1,-3,13240,Badmintonligaen,Grundspil,403313,5 03-12-2020,1. HS,1,HS,Greve,Skovshoved,Kalle Koljonen (EU),Viktor Axelsen,60083,59158,"16-21, 13-21",away,Skovshoved,
2020,1,1,-3,13240,Badmintonligaen,Grundspil,403313,5 03-12-2020,2. HS,2,HS,Greve,Skovshoved,Jonathan Dolan,Rasmus Gemke,65531,77864,"13-21, 11-21",away,Skovshoved,
2020,1,1,-3,13240,Badmintonligaen,Grundspil,403313,5 03-12-2020,1. DD,1,DD,Greve,Skovshoved,"Amalie Magelund Krogh, Rikke Søby Hansen","Mette Poulsen, Sara Lundgaard","869, 66239","55556, 80319","17-21, 18-21",away,Skovshoved,
2020,1,1,-3,13240,Badmintonligaen,Grundspil,403313,5 03-12-2020,1. HD,1,HD,Greve,Skovshoved,"David Daugaard, Mikkel Mikkelsen","Joel Eipe, Joachim Fischer","65640, 48568","78774, 12057","14-21, 21-23",away,Skovshoved,
2020,1,1,-3,13240,Badmintonligaen,Grundspil,403313,5 03-12-2020,2. HD,2,HD,Greve,Skovshoved,"Niclas Nøhr, Jonathan Dolan","Carsten Mogensen, Rasmus Gemke","43429, 65531","13905, 77864","21-17, 14-10",home,Greve,G
2020,1,1,-3,13240,Badmintonligaen,Grundspil,403314,5 03-12-2020,1. MD,1,MD,Solrød Strand,Vendsyssel,"Jeppe Bay Madsen, Johanna Magnusson (EU)","Robin Tabeling (EU), Cheryl Seinen (EU)","78661, 231696","61161, 69668","21-18, 20-22, 12-21",away,Vendsyssel,
2020,1,1,-3,13240,Badmintonligaen,Grundspil,403314,5 03-12-2020,2. MD,2,MD,Solrød Strand,Vendsyssel,"Søren Gravholt, Elisa Melgaard","Zvonimir Durkinjak (EU), Debora Jille (EU)","36753, 85664","23630, 305462","13-21, 13-21",away,Vendsyssel,
2020,1,1,-3,13240,Badmintonligaen,Grundspil,403314,5 03-12-2020,1. DS,1,DS,Solrød Strand,Vendsyssel,Anna Bygum,Sabrina Jaquet,1616,327649,"17-21, 17-21",away,Vendsyssel,
2020,1,1,-3,13240,Badmintonligaen,Grundspil,403314,5 03-12-2020,2. DS,2,DS,Solrød Strand,Vendsyssel,Amalie Cecilie Kudsk,Linda Zetchiri (EU),132196,20267,"16-21, 15-21",away,Vendsyssel,
2020,1,1,-3,13240,Badmintonligaen,Grundspil,403314,5 03-12-2020,1. HS,1,HS,Solrød Strand,Vendsyssel,Nhat Nguyen (udl.),Jan Ø. Jørgensen,324838,21735,"17-21, 21-8, 21-15",home,Solrød Strand,
2020,1,1,-3,13240,Badmintonligaen,Grundspil,403314,5 03-12-2020,2. HS,2,HS,Solrød Strand,Vendsyssel,Emil Holst,Victor Svendsen,39835,69610,"21-13, 21-18",home,Solrød Strand,
2020,1,1,-3,13240,Badmintonligaen,Grundspil,403314,5 03-12-2020,1. DD,1,DD,Solrød Strand,Vendsyssel,"Amalie Cecilie Kudsk, Johanna Magnusson (EU)","Cheryl Seinen (EU), Debora Jille (EU)","132196, 231696","69668, 305462","12-21, 22-20, 13-21",away,Vendsyssel,
2020,1,1,-3,13240,Badmintonligaen,Grundspil,403314,5 03-12-2020,1. HD,1,HD,Solrød Strand,Vendsyssel,"Søren Gravholt, Jeppe Bay Madsen","Robin Tabeling (EU), Anton Kaisti (EU)","36753, 78661","61161, 328511","21-19, 21-17",home,Solrød Strand,
2020,1,1,-3,13240,Badmintonligaen,Grundspil,403314,5 03-12-2020,2. HD,2,HD,Solrød Strand,Vendsyssel,"Emil Holst, Nhat Nguyen (udl.)","Zvonimir Durkinjak (EU), Victor Svendsen","39835, 324838","23630, 69610","19-21, 11-21",away,Vendsyssel,
2020,1,1,-3,13240,Badmintonligaen,Grundspil,403315,5 03-12-2020,1. MD,1,MD,Team Skælskør-Slagelse,Værløse,"Mads Pieler Kolding, Selena Piek (EU)","Mathias Thyrri Jørgensen, Mai Surrow","22029, 250890","81255, 50755","15-21, 21-16, 21-17",home,Team Skælskør-Slagelse,
2020,1,1,-3,13240,Badmintonligaen,Grundspil,403315,5 03-12-2020,2. MD,2,MD,Team Skælskør-Slagelse,Værløse,"Ruben Jille (EU), Alyssa Tirtosentono (EU)","Daniel Lundgaard, Ditte Søby Hansen","75165, 253649","1311, 78225","18-21, 18-21",away,Værløse,
2020,1,1,-3,13240,Badmintonligaen,Grundspil,403315,5 03-12-2020,1. DS,1,DS,Team Skælskør-Slagelse,Værløse,Irina Amalie Andersen,Julie Dawall Jakobsen,85967,83614,"26-24, 11-21, 16-21",away,Værløse,
2020,1,1,-3,13240,Badmintonligaen,Grundspil,403315,5 03-12-2020,2. DS,2,DS,Team Skælskør-Slagelse,Værløse,Ashwathi Pillai (EU),Sofie Holmboe Dahl,163393,76924,"15-21, 13-21",away,Værløse,
2020,1,1,-3,13240,Badmintonligaen,Grundspil,403315,5 03-12-2020,1. HS,1,HS,Team Skælskør-Slagelse,Værløse,Mark Caljouw (EU),Rasmus Messerschmidt,66142,48886,"21-13, 19-21, 21-12",home,Team Skælskør-Slagelse,
2020,1,1,-3,13240,Badmintonligaen,Grundspil,403315,5 03-12-2020,2. HS,2,HS,Team Skælskør-Slagelse,Værløse,Felix Burestedt (EU),Ditlev Jæger Holm,66689,80361,"0-21, 0-21",away,Værløse,
2020,1,1,-3,13240,Badmintonligaen,Grundspil,403315,5 03-12-2020,1. DD,1,DD,Team Skælskør-Slagelse,Værløse,"Selena Piek (EU), Alyssa Tirtosentono (EU)","Mai Surrow, Julie Dawall Jakobsen","250890, 253649","50755, 83614","21-13, 21-15",home,Team Skælskør-Slagelse,
2020,1,1,-3,13240,Badmintonligaen,Grundspil,403315,5 03-12-2020,1. HD,1,HD,Team Skælskør-Slagelse,Værløse,"Kim Astrup Sørensen, Mads Pieler Kolding","Daniel Lundgaard, Rasmus Messerschmidt","47081, 22029","1311, 48886","21-11, 21-16",home,Team Skælskør-Slagelse,
2020,1,1,-3,13240,Badmintonligaen,Grundspil,403315,5 03-12-2020,2. HD,2,HD,Team Skælskør-Slagelse,Værløse,"Ruben Jille (EU), Mark Caljouw (EU)","Mathias Thyrri Jørgensen, Ditlev Jæger Holm","75165, 66142","81255, 80361","16-21, 17-21",away,Værløse,
2020,1,1,-3,13240,Badmintonligaen,Grundspil,403316,5 03-12-2020,1. MD,1,MD,Aarhus AB,Gentofte,"Mikkel Stoffersen, Emilie Furbo","Kasper Antonsen, Celine Juel","72837, 56698","60945, 53107","17-21, 12-21",away,Gentofte,
2020,1,1,-3,13240,Badmintonligaen,Grundspil,403316,5 03-12-2020,2. MD,2,MD,Aarhus AB,Gentofte,"Mathias L. Hansen, Anne Fuglsang","Frederik Colberg, Ida Købke","62396, 87353","54104, 47923","13-21, 22-20, 21-19",home,Aarhus AB,
2020,1,1,-3,13240,Badmintonligaen,Grundspil,403316,5 03-12-2020,1. DS,1,DS,Aarhus AB,Gentofte,Anne Fuglsang,Line Christophersen,87353,154,"10-21, 14-21",away,Gentofte,
2020,1,1,-3,13240,Badmintonligaen,Grundspil,403316,5 03-12-2020,2. DS,2,DS,Aarhus AB,Gentofte,Trine Villadsen,Mathilde Haapanen,67501,78190,"21-10, 21-8",home,Aarhus AB,
2020,1,1,-3,13240,Badmintonligaen,Grundspil,403316,5 03-12-2020,1. HS,1,HS,Aarhus AB,Gentofte,Anders Antonsen,Mads Christophersen,79451,81169,"14-21, 22-20, 21-16",home,Aarhus AB,
2020,1,1,-3,13240,Badmintonligaen,Grundspil,403316,5 03-12-2020,2. HS,2,HS,Aarhus AB,Gentofte,David Kim Kristensen,Christopher Vittoriani,70867,3269,"21-13, 20-22, 19-21",away,Gentofte,
2020,1,1,-3,13240,Badmintonligaen,Grundspil,403316,5 03-12-2020,1. DD,1,DD,Aarhus AB,Gentofte,"Emilie Furbo, Trine Villadsen","Line Christophersen, Celine Juel","56698, 67501","154, 53107","18-21, 17-21",away,Gentofte,
2020,1,1,-3,13240,Badmintonligaen,Grundspil,403316,5 03-12-2020,1. HD,1,HD,Aarhus AB,Gentofte,"Philip Seerup, Mikkel Stoffersen","Kasper Antonsen, Frederik Colberg","81442, 72837","60945, 54104","16-21, 16-21",away,Gentofte,
2020,1,1,-3,13240,Badmintonligaen,Grundspil,403316,5 03-12-2020,2. HD,2,HD,Aarhus AB,Gentofte,"Mathias L. Hansen, Anders Antonsen","Mads Christophersen, Kristian Høholdt Kræmer","62396, 79451","81169, 88747","13-21, 0-21",away,Gentofte,
2020,1,1,-3,13240,Badmintonligaen,Grundspil,403317,5 03-12-2020,1. MD,1,MD,RSL ODENSE OBK,Højbjerg/Via Biler,"William Kryger Boe, Sara Thygesen","Anders Skaarup Rasmussen, Line Kjærsfeldt","93939, 40011","29269, 61094","21-16, 21-17",home,RSL ODENSE OBK,
2020,1,1,-3,13240,Badmintonligaen,Grundspil,403317,5 03-12-2020,2. MD,2,MD,RSL ODENSE OBK,Højbjerg/Via Biler,"Patrick Bjerregaard, Maiken Fruergaard Sørensen","Jesper Toft, Alexandra Bøje","66183, 68036","86982, 89506","12-21, 15-21",away,Højbjerg/Via Biler,
2020,1,1,-3,13240,Badmintonligaen,Grundspil,403317,5 03-12-2020,1. DS,1,DS,RSL ODENSE OBK,Højbjerg/Via Biler,Camilla Martens,Line Kjærsfeldt,32869,61094,"15-21, 21-19, 19-21",away,Højbjerg/Via Biler,
2020,1,1,-3,13240,Badmintonligaen,Grundspil,403317,5 03-12-2020,2. DS,2,DS,RSL ODENSE OBK,Højbjerg/Via Biler,Simona Pilgaard,Amalie Schulz Terp-Nielsen,154020,2532,"12-21, 16-21",away,Højbjerg/Via Biler,
2020,1,1,-3,13240,Badmintonligaen,Grundspil,403317,5 03-12-2020,1. HS,1,HS,RSL ODENSE OBK,Højbjerg/Via Biler,Steffen Rasmussen,Hans-Kristian Solberg Vittinghus,41491,14903,"17-21, 19-21",away,Højbjerg/Via Biler,
2020,1,1,-3,13240,Badmintonligaen,Grundspil,403317,5 03-12-2020,2. HS,2,HS,RSL ODENSE OBK,Højbjerg/Via Biler,Mads Thøgersen,Karan Rajan Rajarajan,87098,272325,"23-25, 7-21",away,Højbjerg/Via Biler,
2020,1,1,-3,13240,Badmintonligaen,Grundspil,403317,5 03-12-2020,1. DD,1,DD,RSL ODENSE OBK,Højbjerg/Via Biler,"Sara Thygesen, Maiken Fruergaard Sørensen","Natasja P. Anthonisen, Alexandra Bøje","40011, 68036","2590, 89506","21-17, 21-19",home,RSL ODENSE OBK,
2020,1,1,-3,13240,Badmintonligaen,Grundspil,403317,5 03-12-2020,1. HD,1,HD,RSL ODENSE OBK,Højbjerg/Via Biler,"William Kryger Boe, Mads Thøgersen","Anders Skaarup Rasmussen, Karan Rajan Rajarajan","93939, 87098","29269, 272325","11-21, 12-21",away,Højbjerg/Via Biler,
2020,1,1,-3,13240,Badmintonligaen,Grundspil,403317,5 03-12-2020,2. HD,2,HD,RSL ODENSE OBK,Højbjerg/Via Biler,"Steffen Rasmussen, Patrick Bjerregaard","Jesper Toft, Mads Vestergaard","41491, 66183","86982, 3019","16-21, 9-21",away,Højbjerg/Via Biler,
2020,1,1,-3,13240,Badmintonligaen,Grundspil,403318,6 15-12-2020,1. MD,1,MD,Gentofte,Værløse,"Kasper Antonsen, Celine Juel","Mathias Thyrri Jørgensen, Mai Surrow","60945, 53107","81255, 50755","21-18, 23-25, 14-21",away,Værløse,
2020,1,1,-3,13240,Badmintonligaen,Grundspil,403318,6 15-12-2020,2. MD,2,MD,Gentofte,Værløse,"Kristian Høholdt Kræmer, Line Christophersen","Andreas Søndergaard, Ditte Søby Hansen","88747, 154","84100, 78225","17-21, 14-21",away,Værløse,
2020,1,1,-3,13240,Badmintonligaen,Grundspil,403318,6 15-12-2020,1. DS,1,DS,Gentofte,Værløse,Line Christophersen,Julie Dawall Jakobsen,154,83614,"21-12, 21-10",home,Gentofte,
2020,1,1,-3,13240,Badmintonligaen,Grundspil,403318,6 15-12-2020,2. DS,2,DS,Gentofte,Værløse,Hannah Perregaard,Sofie Holmboe Dahl,43433,76924,"15-21, 11-21",away,Værløse,
2020,1,1,-3,13240,Badmintonligaen,Grundspil,403318,6 15-12-2020,1. HS,1,HS,Gentofte,Værløse,Mads Christophersen,Rasmus Messerschmidt,81169,48886,"16-21, 18-21",away,Værløse,
2020,1,1,-3,13240,Badmintonligaen,Grundspil,403318,6 15-12-2020,2. HS,2,HS,Gentofte,Værløse,Christopher Vittoriani,Daniel Lundgaard,3269,1311,"21-8, 21-16",home,Gentofte,
2020,1,1,-3,13240,Badmintonligaen,Grundspil,403318,6 15-12-2020,1. DD,1,DD,Gentofte,Værløse,"Celine Juel, Mathilde Haapanen","Julie Dawall Jakobsen, Mai Surrow","53107, 78190","83614, 50755","13-21, 8-21",away,Værløse,
2020,1,1,-3,13240,Badmintonligaen,Grundspil,403318,6 15-12-2020,1. HD,1,HD,Gentofte,Værløse,"Kasper Antonsen, Joshua Eipe","Andreas Søndergaard, Daniel Lundgaard","60945, 62702","84100, 1311","21-17, 21-10",home,Gentofte,
2020,1,1,-3,13240,Badmintonligaen,Grundspil,403318,6 15-12-2020,2. HD,2,HD,Gentofte,Værløse,"Kristian Høholdt Kræmer, Mads Christophersen","Mathias Thyrri Jørgensen, Rasmus Messerschmidt","88747, 81169","81255, 48886","18-21, 21-19, 21-13",home,Gentofte,
2020,1,1,-3,13240,Badmintonligaen,Grundspil,403319,6 15-12-2020,1. MD,1,MD,Aarhus AB,Team Skælskør-Slagelse,"Philip Seerup, Emilie Furbo","Mads Pieler Kolding, Selena Piek (EU)","81442, 56698","22029, 250890","14-21, 22-24",away,Team Skælskør-Slagelse,
2020,1,1,-3,13240,Badmintonligaen,Grundspil,403319,6 15-12-2020,2. MD,2,MD,Aarhus AB,Team Skælskør-Slagelse,"Mathias L. Hansen, Anne Fuglsang","Ruben Jille (EU), Imke Van Der Aar","62396, 87353","75165, 213164","13-21, 24-22, 11-21",away,Team Skælskør-Slagelse,
2020,1,1,-3,13240,Badmintonligaen,Grundspil,403319,6 15-12-2020,1. DS,1,DS,Aarhus AB,Team Skælskør-Slagelse,Anne Fuglsang,Ashwathi Pillai (EU),87353,163393,"21-7, 23-21",home,Aarhus AB,
2020,1,1,-3,13240,Badmintonligaen,Grundspil,403319,6 15-12-2020,2. DS,2,DS,Aarhus AB,Team Skælskør-Slagelse,Trine Villadsen,Alyssa Tirtosentono (EU),67501,253649,"21-9, 21-7",home,Aarhus AB,
2020,1,1,-3,13240,Badmintonligaen,Grundspil,403319,6 15-12-2020,1. HS,1,HS,Aarhus AB,Team Skælskør-Slagelse,David Kim Kristensen,Mark Caljouw (EU),70867,66142,"7-21, 7-21",away,Team Skælskør-Slagelse,
2020,1,1,-3,13240,Badmintonligaen,Grundspil,403319,6 15-12-2020,2. HS,2,HS,Aarhus AB,Team Skælskør-Slagelse,Jeppe Bruun Christensen,Felix Burestedt (EU),78581,66689,"21-18, 15-21, 21-18",home,Aarhus AB,
2020,1,1,-3,13240,Badmintonligaen,Grundspil,403319,6 15-12-2020,1. DD,1,DD,Aarhus AB,Team Skælskør-Slagelse,"Trine Villadsen, Emilie Furbo","Alyssa Tirtosentono (EU), Selena Piek (EU)","67501, 56698","253649, 250890","18-21, 19-21",away,Team Skælskør-Slagelse,
2020,1,1,-3,13240,Badmintonligaen,Grundspil,403319,6 15-12-2020,1. HD,1,HD,Aarhus AB,Team Skælskør-Slagelse,"Mikkel Stoffersen, Philip Seerup","Mads Pieler Kolding, Kim Astrup Sørensen","72837, 81442","22029, 47081","21-16, 14-21, 14-21",away,Team Skælskør-Slagelse,
2020,1,1,-3,13240,Badmintonligaen,Grundspil,403319,6 15-12-2020,2. HD,2,HD,Aarhus AB,Team Skælskør-Slagelse,"Mathias L. Hansen, Jeppe Bruun Christensen","Ruben Jille (EU), Felix Burestedt (EU)","62396, 78581","75165, 66689","21-17, 20-22, 10-21",away,Team Skælskør-Slagelse,
2020,1,1,-3,13240,Badmintonligaen,Grundspil,403320,6 15-12-2020,1. MD,1,MD,Vendsyssel,Skovshoved,"Robin Tabeling (EU), Cheryl Seinen (EU)","Carsten Mogensen, Mette Poulsen","61161, 69668","13905, 55556","19-21, 22-20, 21-16",home,Vendsyssel,
2020,1,1,-3,13240,Badmintonligaen,Grundspil,403320,6 15-12-2020,2. MD,2,MD,Vendsyssel,Skovshoved,"Zvonimir Durkinjak (EU), Debora Jille (EU)","Joel Eipe, Sara Lundgaard","23630, 305462","78774, 80319","21-17, 21-16",home,Vendsyssel,
2020,1,1,-3,13240,Badmintonligaen,Grundspil,403320,6 15-12-2020,1. DS,1,DS,Vendsyssel,Skovshoved,Sabrina Jaquet,Sophia Grundtvig,327649,2259,"20-22, 21-15, 21-18",home,Vendsyssel,
2020,1,1,-3,13240,Badmintonligaen,Grundspil,403320,6 15-12-2020,2. DS,2,DS,Vendsyssel,Skovshoved,Josefine Redkjær Jensen,Kati Tolmoff (EU),1916,13967,"21-15, 20-22, 1-21",away,Skovshoved,
2020,1,1,-3,13240,Badmintonligaen,Grundspil,403320,6 15-12-2020,1. HS,1,HS,Vendsyssel,Skovshoved,Jan Ø. Jørgensen,Rasmus Gemke,21735,77864,"19-21, 22-20, 16-21",away,Skovshoved,
2020,1,1,-3,13240,Badmintonligaen,Grundspil,403320,6 15-12-2020,2. HS,2,HS,Vendsyssel,Skovshoved,Victor Svendsen,Joachim Fischer,69610,12057,"21-5, 21-8",home,Vendsyssel,
2020,1,1,-3,13240,Badmintonligaen,Grundspil,403320,6 15-12-2020,1. DD,1,DD,Vendsyssel,Skovshoved,"Debora Jille (EU), Cheryl Seinen (EU)","Mette Poulsen, Sara Lundgaard","305462, 69668","55556, 80319","21-15, 21-12",home,Vendsyssel,
2020,1,1,-3,13240,Badmintonligaen,Grundspil,403320,6 15-12-2020,1. HD,1,HD,Vendsyssel,Skovshoved,"Robin Tabeling (EU), Anton Kaisti (EU)","Joachim Fischer, Carsten Mogensen","61161, 328511","12057, 13905","22-20, 17-21, 15-21",away,Skovshoved,
2020,1,1,-3,13240,Badmintonligaen,Grundspil,403320,6 15-12-2020,2. HD,2,HD,Vendsyssel,Skovshoved,"Zvonimir Durkinjak (EU), Victor Svendsen","Joel Eipe, Rasmus Kjær Pedersen","23630, 69610","78774, 83801","0-21, 0-21",away,Skovshoved,
2020,1,1,-3,13240,Badmintonligaen,Grundspil,403321,6 15-12-2020,1. MD,1,MD,Højbjerg/Via Biler,Solrød Strand,"Anders Skaarup Rasmussen, Natasja P. Anthonisen","Lasse Mølhede, Elisa Melgaard","29269, 2590","58031, 85664","21-18, 21-10",home,Højbjerg/Via Biler,
2020,1,1,-3,13240,Badmintonligaen,Grundspil,403321,6 15-12-2020,2. MD,2,MD,Højbjerg/Via Biler,Solrød Strand,"Jesper Toft, Alexandra Bøje","Jeppe Bay Madsen, Johanna Magnusson (EU)","86982, 89506","78661, 231696","21-19, 19-21, 16-21",away,Solrød Strand,
2020,1,1,-3,13240,Badmintonligaen,Grundspil,403321,6 15-12-2020,1. DS,1,DS,Højbjerg/Via Biler,Solrød Strand,Line Kjærsfeldt,Mia Blichfeldt,61094,81104,"21-13, 13-21, 21-17",home,Højbjerg/Via Biler,
2020,1,1,-3,13240,Badmintonligaen,Grundspil,403321,6 15-12-2020,2. DS,2,DS,Højbjerg/Via Biler,Solrød Strand,Amalie Schulz Terp-Nielsen,Frederikke Lund,2532,2260,"23-21, 22-20",home,Højbjerg/Via Biler,
2020,1,1,-3,13240,Badmintonligaen,Grundspil,403321,6 15-12-2020,1. HS,1,HS,Højbjerg/Via Biler,Solrød Strand,Hans-Kristian Solberg Vittinghus,Nhat Nguyen (udl.),14903,324838,"13-21, 21-18, 21-14",home,Højbjerg/Via Biler,
2020,1,1,-3,13240,Badmintonligaen,Grundspil,403321,6 15-12-2020,2. HS,2,HS,Højbjerg/Via Biler,Solrød Strand,Karan Rajan Rajarajan,Emil Holst,272325,39835,"16-21, 19-21",away,Solrød Strand,
2020,1,1,-3,13240,Badmintonligaen,Grundspil,403321,6 15-12-2020,1. DD,1,DD,Højbjerg/Via Biler,Solrød Strand,"Natasja P. Anthonisen, Amalie Schulz Terp-Nielsen","Johanna Magnusson (EU), Elisa Melgaard","2590, 2532","231696, 85664","17-21, 25-23, 17-21",away,Solrød Strand,
2020,1,1,-3,13240,Badmintonligaen,Grundspil,403321,6 15-12-2020,1. HD,1,HD,Højbjerg/Via Biler,Solrød Strand,"Karan Rajan Rajarajan, Anders Skaarup Rasmussen","Søren Gravholt, Lasse Mølhede","272325, 29269","36753, 58031","25-23, 17-21, 13-21",away,Solrød Strand,
2020,1,1,-3,13240,Badmintonligaen,Grundspil,403321,6 15-12-2020,2. HD,2,HD,Højbjerg/Via Biler,Solrød Strand,"Jesper Toft, Mads Vestergaard","Jeppe Bay Madsen, Emil Holst","86982, 3019","78661, 39835","21-13, 17-21, 21-14",home,Højbjerg/Via Biler,
2020,1,1,-3,13240,Badmintonligaen,Grundspil,403322,6 15-12-2020,1. MD,1,MD,Greve,RSL ODENSE OBK,"Mikkel Mikkelsen, Rikke Søby Hansen","Adam Hall (udl.), Maiken Fruergaard Sørensen","48568, 66239","72789, 68036","17-21, 14-21",away,RSL ODENSE OBK,
2020,1,1,-3,13240,Badmintonligaen,Grundspil,403322,6 15-12-2020,2. MD,2,MD,Greve,RSL ODENSE OBK,"David Daugaard, Iris Wang (udl.)","William Kryger Boe, Sara Thygesen","65640, 324938","93939, 40011","14-21, 11-21",away,RSL ODENSE OBK,
2020,1,1,-3,13240,Badmintonligaen,Grundspil,403322,6 15-12-2020,1. DS,1,DS,Greve,RSL ODENSE OBK,Iris Wang (udl.),Camilla Martens,324938,32869,"21-6, 21-16",home,Greve,
2020,1,1,-3,13240,Badmintonligaen,Grundspil,403322,6 15-12-2020,2. DS,2,DS,Greve,RSL ODENSE OBK,Gayle Mahulette (EU),Lia Šalehar (EU),318245,251051,"19-21, 21-10, 21-17",home,Greve,
2020,1,1,-3,13240,Badmintonligaen,Grundspil,403322,6 15-12-2020,1. HS,1,HS,Greve,RSL ODENSE OBK,Kalle Koljonen (EU),Steffen Rasmussen,60083,41491,"21-15, 21-12",home,Greve,
2020,1,1,-3,13240,Badmintonligaen,Grundspil,403322,6 15-12-2020,2. HS,2,HS,Greve,RSL ODENSE OBK,Jonas Kudsk,Mads Thøgersen,115748,87098,"8-21, 14-21",away,RSL ODENSE OBK,
2020,1,1,-3,13240,Badmintonligaen,Grundspil,403322,6 15-12-2020,1. DD,1,DD,Greve,RSL ODENSE OBK,"Rikke Søby Hansen, Gayle Mahulette (EU)","Sara Thygesen, Maiken Fruergaard Sørensen","66239, 318245","40011, 68036","18-21, 18-21",away,RSL ODENSE OBK,
2020,1,1,-3,13240,Badmintonligaen,Grundspil,403322,6 15-12-2020,1. HD,1,HD,Greve,RSL ODENSE OBK,"Mikkel Mikkelsen, David Daugaard","Adam Hall (udl.), Patrick Bjerregaard","48568, 65640","72789, 66183","18-21, 15-21",away,RSL ODENSE OBK,
2020,1,1,-3,13240,Badmintonligaen,Grundspil,403322,6 15-12-2020,2. HD,2,HD,Greve,RSL ODENSE OBK,"Kalle Koljonen (EU), Jonas Kudsk","William Kryger Boe, Mads Thøgersen","60083, 115748","93939, 87098","11-21, 13-21",away,RSL ODENSE OBK,
2020,1,1,-3,13240,Badmintonligaen,Grundspil,403323,7 17-12-2020,1. MD,1,MD,Skovshoved,Højbjerg/Via Biler,"Carsten Mogensen, Mette Poulsen","Anders Skaarup Rasmussen, Natasja P. Anthonisen","13905, 55556","29269, 2590","21-11, 10-21, 21-16",home,Skovshoved,
2020,1,1,-3,13240,Badmintonligaen,Grundspil,403323,7 17-12-2020,2. MD,2,MD,Skovshoved,Højbjerg/Via Biler,"Joel Eipe, Sara Lundgaard","Jesper Toft, Alexandra Bøje","78774, 80319","86982, 89506","21-16, 21-18",home,Skovshoved,
2020,1,1,-3,13240,Badmintonligaen,Grundspil,403323,7 17-12-2020,1. DS,1,DS,Skovshoved,Højbjerg/Via Biler,Sophia Grundtvig,Line Kjærsfeldt,2259,61094,"17-21, 10-21",away,Højbjerg/Via Biler,
2020,1,1,-3,13240,Badmintonligaen,Grundspil,403323,7 17-12-2020,2. DS,2,DS,Skovshoved,Højbjerg/Via Biler,Kati Tolmoff (EU),Amalie Schulz Terp-Nielsen,13967,2532,"13-21, 10-21",away,Højbjerg/Via Biler,
2020,1,1,-3,13240,Badmintonligaen,Grundspil,403323,7 17-12-2020,1. HS,1,HS,Skovshoved,Højbjerg/Via Biler,Viktor Axelsen,Hans-Kristian Solberg Vittinghus,59158,14903,"21-13, 21-14",home,Skovshoved,
2020,1,1,-3,13240,Badmintonligaen,Grundspil,403323,7 17-12-2020,2. HS,2,HS,Skovshoved,Højbjerg/Via Biler,Rasmus Gemke,Karan Rajan Rajarajan,77864,272325,"9-21, 21-16, 21-16",home,Skovshoved,
2020,1,1,-3,13240,Badmintonligaen,Grundspil,403323,7 17-12-2020,1. DD,1,DD,Skovshoved,Højbjerg/Via Biler,"Mette Poulsen, Sara Lundgaard","Natasja P. Anthonisen, Line Kjærsfeldt","55556, 80319","2590, 61094","21-14, 21-12",home,Skovshoved,
2020,1,1,-3,13240,Badmintonligaen,Grundspil,403323,7 17-12-2020,1. HD,1,HD,Skovshoved,Højbjerg/Via Biler,"Joel Eipe, Rasmus Kjær Pedersen","Anders Skaarup Rasmussen, Karan Rajan Rajarajan","78774, 83801","29269, 272325","17-21, 11-21",away,Højbjerg/Via Biler,
2020,1,1,-3,13240,Badmintonligaen,Grundspil,403323,7 17-12-2020,2. HD,2,HD,Skovshoved,Højbjerg/Via Biler,"Viktor Axelsen, Carsten Mogensen","Jesper Toft, Mads Vestergaard","59158, 13905","86982, 3019","21-17, 21-14",home,Skovshoved,
2020,1,1,-3,13240,Badmintonligaen,Grundspil,403324,7 17-12-2020,1. MD,1,MD,Værløse,Vendsyssel,"Mathias Thyrri Jørgensen, Mai Surrow","Robin Tabeling (EU), Cheryl Seinen (EU)","81255, 50755","61161, 69668","22-24, 12-21",away,Vendsyssel,
2020,1,1,-3,13240,Badmintonligaen,Grundspil,403324,7 17-12-2020,2. MD,2,MD,Værløse,Vendsyssel,"Andreas Søndergaard, Ditte Søby Hansen","Anton Kaisti (EU), Sabrina Jaquet","84100, 78225","328511, 327649","17-21, 21-11, 21-15",home,Værløse,
2020,1,1,-3,13240,Badmintonligaen,Grundspil,403324,7 17-12-2020,1. DS,1,DS,Værløse,Vendsyssel,Julie Dawall Jakobsen,Sabrina Jaquet,83614,327649,"21-15, 21-10",home,Værløse,
2020,1,1,-3,13240,Badmintonligaen,Grundspil,403324,7 17-12-2020,2. DS,2,DS,Værløse,Vendsyssel,Sofie Holmboe Dahl,Debora Jille (EU),76924,305462,"20-22, 23-21, 21-14",home,Værløse,
2020,1,1,-3,13240,Badmintonligaen,Grundspil,403324,7 17-12-2020,1. HS,1,HS,Værløse,Vendsyssel,Rasmus Messerschmidt,Jan Ø. Jørgensen,48886,21735,"22-20, 15-21, 17-21",away,Vendsyssel,
2020,1,1,-3,13240,Badmintonligaen,Grundspil,403324,7 17-12-2020,2. HS,2,HS,Værløse,Vendsyssel,Mads Muurholm Petersen,Victor Svendsen,356,69610,"3-21, 6-21",away,Vendsyssel,
2020,1,1,-3,13240,Badmintonligaen,Grundspil,403324,7 17-12-2020,1. DD,1,DD,Værløse,Vendsyssel,"Julie Dawall Jakobsen, Mai Surrow","Cheryl Seinen (EU), Debora Jille (EU)","83614, 50755","69668, 305462","14-21, 19-21",away,Vendsyssel,
2020,1,1,-3,13240,Badmintonligaen,Grundspil,403324,7 17-12-2020,1. HD,1,HD,Værløse,Vendsyssel,"Andreas Søndergaard, Mads Muurholm Petersen","Victor Svendsen, Robin Tabeling (EU)","84100, 356","69610, 61161","17-21, 19-21",away,Vendsyssel,
2020,1,1,-3,13240,Badmintonligaen,Grundspil,403324,7 17-12-2020,2. HD,2,HD,Værløse,Vendsyssel,"Mathias Thyrri Jørgensen, Daniel Lundgaard","Jan Ø. Jørgensen, Anton Kaisti (EU)","81255, 1311","21735, 328511","21-17, 21-16",home,Værløse,
2020,1,1,-3,13240,Badmintonligaen,Grundspil,403325,7 17-12-2020,1. MD,1,MD,Team Skælskør-Slagelse,Gentofte,"Mads Pieler Kolding, Selena Piek (EU)","Kasper Antonsen, Celine Juel","22029, 250890","60945, 53107","15-21, 21-16, 17-21",away,Gentofte,
2020,1,1,-3,13240,Badmintonligaen,Grundspil,403325,7 17-12-2020,2. MD,2,MD,Team Skælskør-Slagelse,Gentofte,"Ruben Jille (EU), Imke Van Der Aar","Kristian Høholdt Kræmer, Line Christophersen","75165, 213164","88747, 154","16-21, 21-12, 21-10",home,Team Skælskør-Slagelse,
2020,1,1,-3,13240,Badmintonligaen,Grundspil,403325,7 17-12-2020,1. DS,1,DS,Team Skælskør-Slagelse,Gentofte,Ashwathi Pillai (EU),Line Christophersen,163393,154,"16-21, 23-21, 12-21",away,Gentofte,
2020,1,1,-3,13240,Badmintonligaen,Grundspil,403325,7 17-12-2020,2. DS,2,DS,Team Skælskør-Slagelse,Gentofte,Imke Van Der Aar,Hannah Perregaard,213164,43433,"21-15, 21-19",home,Team Skælskør-Slagelse,
2020,1,1,-3,13240,Badmintonligaen,Grundspil,403325,7 17-12-2020,1. HS,1,HS,Team Skælskør-Slagelse,Gentofte,Mark Caljouw (EU),Mads Christophersen,66142,81169,"21-17, 22-24, 7-21",away,Gentofte,
2020,1,1,-3,13240,Badmintonligaen,Grundspil,403325,7 17-12-2020,2. HS,2,HS,Team Skælskør-Slagelse,Gentofte,Fabian Roth,Christopher Vittoriani,71680,3269,"21-12, 21-14",home,Team Skælskør-Slagelse,
2020,1,1,-3,13240,Badmintonligaen,Grundspil,403325,7 17-12-2020,1. DD,1,DD,Team Skælskør-Slagelse,Gentofte,"Alyssa Tirtosentono (EU), Selena Piek (EU)","Mathilde Haapanen, Hannah Perregaard","253649, 250890","78190, 43433","21-6, 21-9",home,Team Skælskør-Slagelse,
2020,1,1,-3,13240,Badmintonligaen,Grundspil,403325,7 17-12-2020,1. HD,1,HD,Team Skælskør-Slagelse,Gentofte,"Kim Astrup Sørensen, Mads Pieler Kolding","Kasper Antonsen, Joshua Eipe","47081, 22029","60945, 62702","0-21, 0-21",away,Gentofte,
2020,1,1,-3,13240,Badmintonligaen,Grundspil,403325,7 17-12-2020,2. HD,2,HD,Team Skælskør-Slagelse,Gentofte,"Ruben Jille (EU), Mark Caljouw (EU)","Mads Christophersen, Kristian Høholdt Kræmer","75165, 66142","81169, 88747","21-17, 21-18",home,Team Skælskør-Slagelse,
2020,1,1,-3,13240,Badmintonligaen,Grundspil,403326,7 17-12-2020,1. MD,1,MD,Solrød Strand,Greve,"Lasse Mølhede, Elisa Melgaard","Niclas Nøhr, Amalie Magelund Krogh","58031, 85664","43429, 869","12-21, 14-21",away,Greve,
2020,1,1,-3,13240,Badmintonligaen,Grundspil,403326,7 17-12-2020,2. MD,2,MD,Solrød Strand,Greve,"Jeppe Bay Madsen, Johanna Magnusson (EU)","Mikkel Mikkelsen, Rikke Søby Hansen","78661, 231696","48568, 66239","8-21, 11-21",away,Greve,
2020,1,1,-3,13240,Badmintonligaen,Grundspil,403326,7 17-12-2020,1. DS,1,DS,Solrød Strand,Greve,Mia Blichfeldt,Iris Wang (udl.),81104,324938,"21-10, 21-12",home,Solrød Strand,
2020,1,1,-3,13240,Badmintonligaen,Grundspil,403326,7 17-12-2020,2. DS,2,DS,Solrød Strand,Greve,Frederikke Lund,Gayle Mahulette (EU),2260,318245,"21-15, 13-21, 22-20",home,Solrød Strand,
2020,1,1,-3,13240,Badmintonligaen,Grundspil,403326,7 17-12-2020,1. HS,1,HS,Solrød Strand,Greve,Nhat Nguyen (udl.),Kalle Koljonen (EU),324838,60083,"24-22, 19-21, 20-22",away,Greve,
2020,1,1,-3,13240,Badmintonligaen,Grundspil,403326,7 17-12-2020,2. HS,2,HS,Solrød Strand,Greve,Emil Holst,Jonathan Dolan,39835,65531,"21-10, 21-15",home,Solrød Strand,
2020,1,1,-3,13240,Badmintonligaen,Grundspil,403326,7 17-12-2020,1. DD,1,DD,Solrød Strand,Greve,"Johanna Magnusson (EU), Mia Blichfeldt","Amalie Magelund Krogh, Rikke Søby Hansen","231696, 81104","869, 66239","25-23, 12-21, 13-21",away,Greve,
2020,1,1,-3,13240,Badmintonligaen,Grundspil,403326,7 17-12-2020,1. HD,1,HD,Solrød Strand,Greve,"Lasse Mølhede, Søren Gravholt","Mikkel Mikkelsen, David Daugaard","58031, 36753","48568, 65640","21-17, 17-21, 15-21",away,Greve,
2020,1,1,-3,13240,Badmintonligaen,Grundspil,403326,7 17-12-2020,2. HD,2,HD,Solrød Strand,Greve,"Jeppe Bay Madsen, Emil Holst","Niclas Nøhr, Jonathan Dolan","78661, 39835","43429, 65531","21-12, 21-19",home,Solrød Strand,
2020,1,1,-3,13240,Badmintonligaen,Grundspil,403327,7 17-12-2020,1. MD,1,MD,RSL ODENSE OBK,Aarhus AB,"Adam Hall (udl.), Maiken Fruergaard Sørensen","Philip Seerup, Emilie Furbo","72789, 68036","81442, 56698","21-17, 21-9",home,RSL ODENSE OBK,
2020,1,1,-3,13240,Badmintonligaen,Grundspil,403327,7 17-12-2020,2. MD,2,MD,RSL ODENSE OBK,Aarhus AB,"William Kryger Boe, Sara Thygesen","Mathias L. Hansen, Anne Fuglsang","93939, 40011","62396, 87353","21-12, 21-16",home,RSL ODENSE OBK,
2020,1,1,-3,13240,Badmintonligaen,Grundspil,403327,7 17-12-2020,1. DS,1,DS,RSL ODENSE OBK,Aarhus AB,Camilla Martens,Anne Fuglsang,32869,87353,"21-6, 21-16",home,RSL ODENSE OBK,
2020,1,1,-3,13240,Badmintonligaen,Grundspil,403327,7 17-12-2020,2. DS,2,DS,RSL ODENSE OBK,Aarhus AB,Lia Šalehar (EU),Trine Villadsen,251051,67501,"13-21, 8-21",away,Aarhus AB,
2020,1,1,-3,13240,Badmintonligaen,Grundspil,403327,7 17-12-2020,1. HS,1,HS,RSL ODENSE OBK,Aarhus AB,Steffen Rasmussen,David Kim Kristensen,41491,70867,"12-21, 21-14, 22-24",away,Aarhus AB,
2020,1,1,-3,13240,Badmintonligaen,Grundspil,403327,7 17-12-2020,2. HS,2,HS,RSL ODENSE OBK,Aarhus AB,Mads Thøgersen,Jeppe Bruun Christensen,87098,78581,"13-21, 21-14, 11-8",home,RSL ODENSE OBK,R
2020,1,1,-3,13240,Badmintonligaen,Grundspil,403327,7 17-12-2020,1. DD,1,DD,RSL ODENSE OBK,Aarhus AB,"Maiken Fruergaard Sørensen, Sara Thygesen","Trine Villadsen, Emilie Furbo","68036, 40011","67501, 56698","21-14, 21-17",home,RSL ODENSE OBK,
2020,1,1,-3,13240,Badmintonligaen,Grundspil,403327,7 17-12-2020,1. HD,1,HD,RSL ODENSE OBK,Aarhus AB,"Adam Hall (udl.), Patrick Bjerregaard","Philip Seerup, Mikkel Stoffersen","72789, 66183","81442, 72837","21-13, 21-10",home,RSL ODENSE OBK,
2020,1,1,-3,13240,Badmintonligaen,Grundspil,403327,7 17-12-2020,2. HD,2,HD,RSL ODENSE OBK,Aarhus AB,"Mads Thøgersen, William Kryger Boe","Mathias L. Hansen, Jeppe Bruun Christensen","87098, 93939","62396, 78581",,home,RSL ODENSE OBK,R
2020,1,1,-3,13240,Badmintonligaen,Grundspil,385909,8 02-02-2021,1. MD,1,MD,Greve,Højbjerg/Via Biler,"Niclas Nøhr, Amalie Magelund Krogh","Anders Skaarup Rasmussen, Alexandra Bøje","43429, 869","29269, 89506","21-14, 21-18",home,Greve,
2020,1,1,-3,13240,Badmintonligaen,Grundspil,385909,8 02-02-2021,2. MD,2,MD,Greve,Højbjerg/Via Biler,"Mikkel Mikkelsen, Rikke Søby Hansen","Hans-Kristian Solberg Vittinghus, Natasja P. Anthonisen","48568, 66239","14903, 2590","21-9, 21-9",home,Greve,
2020,1,1,-3,13240,Badmintonligaen,Grundspil,385909,8 02-02-2021,1. DS,1,DS,Greve,Højbjerg/Via Biler,Iris Wang (udl.),Line Kjærsfeldt,324938,61094,"19-21, 11-21",away,Højbjerg/Via Biler,
2020,1,1,-3,13240,Badmintonligaen,Grundspil,385909,8 02-02-2021,2. DS,2,DS,Greve,Højbjerg/Via Biler,Gayle Mahulette (EU),Amalie Schulz Terp-Nielsen,318245,2532,"19-21, 27-29",away,Højbjerg/Via Biler,
2020,1,1,-3,13240,Badmintonligaen,Grundspil,385909,8 02-02-2021,1. HS,1,HS,Greve,Højbjerg/Via Biler,Kalle Koljonen (EU),Hans-Kristian Solberg Vittinghus,60083,14903,"18-21, 23-21, 10-21",away,Højbjerg/Via Biler,
2020,1,1,-3,13240,Badmintonligaen,Grundspil,385909,8 02-02-2021,2. HS,2,HS,Greve,Højbjerg/Via Biler,Lino Munez,Karan Rajan Rajarajan,327693,272325,"14-21, 11-21",away,Højbjerg/Via Biler,
2020,1,1,-3,13240,Badmintonligaen,Grundspil,385909,8 02-02-2021,1. DD,1,DD,Greve,Højbjerg/Via Biler,"Amalie Magelund Krogh, Rikke Søby Hansen","Alexandra Bøje, Natasja P. Anthonisen","869, 66239","89506, 2590","21-14, 21-13",home,Greve,
2020,1,1,-3,13240,Badmintonligaen,Grundspil,385909,8 02-02-2021,1. HD,1,HD,Greve,Højbjerg/Via Biler,"Mads Conrad-Petersen, Mikkel Mikkelsen","Anders Skaarup Rasmussen, Karan Rajan Rajarajan","21879, 48568","29269, 272325","15-21, 12-21",away,Højbjerg/Via Biler,
2020,1,1,-3,13240,Badmintonligaen,Grundspil,385909,8 02-02-2021,2. HD,2,HD,Greve,Højbjerg/Via Biler,"Niclas Nøhr, Lino Munez","Mads Vestergaard, Jesper Toft","43429, 327693","3019, 86982","12-21, 18-21",away,Højbjerg/Via Biler,
2020,1,1,-3,13240,Badmintonligaen,Grundspil,385910,8 02-02-2021,1. MD,1,MD,Team Skælskør-Slagelse,Skovshoved,"Kim Astrup Sørensen, Selena Piek (EU)","Carsten Mogensen, Mette Poulsen","47081, 250890","13905, 55556","21-16, 21-8",home,Team Skælskør-Slagelse,
2020,1,1,-3,13240,Badmintonligaen,Grundspil,385910,8 02-02-2021,2. MD,2,MD,Team Skælskør-Slagelse,Skovshoved,"Ruben Jille (EU), Imke Van Der Aar","Joel Eipe, Sara Lundgaard","75165, 213164","78774, 80319","21-19, 11-21, 14-21",away,Skovshoved,
2020,1,1,-3,13240,Badmintonligaen,Grundspil,385910,8 02-02-2021,1. DS,1,DS,Team Skælskør-Slagelse,Skovshoved,Irina Amalie Andersen,Sophia Grundtvig,85967,2259,"21-19, 21-11",home,Team Skælskør-Slagelse,
2020,1,1,-3,13240,Badmintonligaen,Grundspil,385910,8 02-02-2021,2. DS,2,DS,Team Skælskør-Slagelse,Skovshoved,Imke Van Der Aar,Kati Tolmoff (EU),213164,13967,"0-21, 0-21",away,Skovshoved,
2020,1,1,-3,13240,Badmintonligaen,Grundspil,385910,8 02-02-2021,1. HS,1,HS,Team Skælskør-Slagelse,Skovshoved,Mark Caljouw (EU),Rasmus Gemke,66142,77864,"14-21, 8-21",away,Skovshoved,
2020,1,1,-3,13240,Badmintonligaen,Grundspil,385910,8 02-02-2021,2. HS,2,HS,Team Skælskør-Slagelse,Skovshoved,Felix Burestedt (EU),Joachim Fischer,66689,12057,"21-6, 21-9",home,Team Skælskør-Slagelse,
2020,1,1,-3,13240,Badmintonligaen,Grundspil,385910,8 02-02-2021,1. DD,1,DD,Team Skælskør-Slagelse,Skovshoved,"Selena Piek (EU), Alyssa Tirtosentono (EU)","Mette Poulsen, Sara Lundgaard","250890, 253649","55556, 80319","14-21, 21-14, 19-21",away,Skovshoved,
2020,1,1,-3,13240,Badmintonligaen,Grundspil,385910,8 02-02-2021,1. HD,1,HD,Team Skælskør-Slagelse,Skovshoved,"Kim Astrup Sørensen, Frederik Søgaard","Joachim Fischer, Carsten Mogensen","47081, 80745","12057, 13905","23-21, 21-19",home,Team Skælskør-Slagelse,
2020,1,1,-3,13240,Badmintonligaen,Grundspil,385910,8 02-02-2021,2. HD,2,HD,Team Skælskør-Slagelse,Skovshoved,"Ruben Jille (EU), Mark Caljouw (EU)","Rasmus Kjær Pedersen, Joel Eipe","75165, 66142","83801, 78774","14-21, 21-16, 21-18",home,Team Skælskør-Slagelse,
2020,1,1,-3,13240,Badmintonligaen,Grundspil,385911,8 02-02-2021,1. MD,1,MD,Aarhus AB,Vendsyssel,"Mathias L. Hansen, Anne Fuglsang","Robin Tabeling (EU), Cheryl Seinen (EU)","62396, 87353","61161, 69668","20-22, 13-21",away,Vendsyssel,
2020,1,1,-3,13240,Badmintonligaen,Grundspil,385911,8 02-02-2021,2. MD,2,MD,Aarhus AB,Vendsyssel,"Mikkel Stoffersen, Jenni Olesen","Mathias Christiansen, Debora Jille (EU)","72837, 420","59946, 305462","13-21, 21-15, 12-21",away,Vendsyssel,
2020,1,1,-3,13240,Badmintonligaen,Grundspil,385911,8 02-02-2021,1. DS,1,DS,Aarhus AB,Vendsyssel,Anne Fuglsang,Sabrina Jaquet,87353,327649,"13-21, 15-21",away,Vendsyssel,
2020,1,1,-3,13240,Badmintonligaen,Grundspil,385911,8 02-02-2021,2. DS,2,DS,Aarhus AB,Vendsyssel,Trine Villadsen,Laura Sarosi,67501,287024,"12-21, 19-21",away,Vendsyssel,
2020,1,1,-3,13240,Badmintonligaen,Grundspil,385911,8 02-02-2021,1. HS,1,HS,Aarhus AB,Vendsyssel,David Kim Kristensen,Jan Ø. Jørgensen,70867,21735,"13-21, 15-21",away,Vendsyssel,
2020,1,1,-3,13240,Badmintonligaen,Grundspil,385911,8 02-02-2021,2. HS,2,HS,Aarhus AB,Vendsyssel,Jakob Godt Hansen,Victor Svendsen,83051,69610,"13-21, 15-21",away,Vendsyssel,
2020,1,1,-3,13240,Badmintonligaen,Grundspil,385911,8 02-02-2021,1. DD,1,DD,Aarhus AB,Vendsyssel,"Emilie Furbo, Trine Villadsen","Debora Jille (EU), Sabrina Jaquet","56698, 67501","305462, 327649","14-21, 12-21",away,Vendsyssel,
2020,1,1,-3,13240,Badmintonligaen,Grundspil,385911,8 02-02-2021,1. HD,1,HD,Aarhus AB,Vendsyssel,"Philip Seerup, Mikkel Stoffersen","Mathias Christiansen, Robin Tabeling (EU)","81442, 72837","59946, 61161","9-21, 12-21",away,Vendsyssel,
2020,1,1,-3,13240,Badmintonligaen,Grundspil,385911,8 02-02-2021,2. HD,2,HD,Aarhus AB,Vendsyssel,"Mathias L. Hansen, David Kim Kristensen","Zvonimir Durkinjak (EU), Victor Svendsen","62396, 70867","23630, 69610","14-21, 19-21",away,Vendsyssel,
2020,1,1,-3,13240,Badmintonligaen,Grundspil,385912,8 02-02-2021,1. MD,1,MD,Solrød Strand,Værløse,"Lasse Mølhede, Johanna Magnusson (EU)","Mathias Thyrri Jørgensen, Ditte Søby Hansen","58031, 231696","81255, 78225","23-25, 21-16, 21-17",home,Solrød Strand,
2020,1,1,-3,13240,Badmintonligaen,Grundspil,385912,8 02-02-2021,2. MD,2,MD,Solrød Strand,Værløse,"Jeppe Bay Madsen, Amalie Cecilie Kudsk","Andreas Søndergaard, Mai Surrow","78661, 132196","84100, 50755","13-21, 21-17, 20-22",away,Værløse,
2020,1,1,-3,13240,Badmintonligaen,Grundspil,385912,8 02-02-2021,1. DS,1,DS,Solrød Strand,Værløse,Frederikke Lund,Julie Dawall Jakobsen,2260,83614,"20-22, 17-21",away,Værløse,
2020,1,1,-3,13240,Badmintonligaen,Grundspil,385912,8 02-02-2021,2. DS,2,DS,Solrød Strand,Værløse,Anna Bygum,Sofie Holmboe Dahl,1616,76924,"14-21, 14-21",away,Værløse,
2020,1,1,-3,13240,Badmintonligaen,Grundspil,385912,8 02-02-2021,1. HS,1,HS,Solrød Strand,Værløse,Emil Holst,Rasmus Messerschmidt,39835,48886,"21-19, 14-21, 21-9",home,Solrød Strand,
2020,1,1,-3,13240,Badmintonligaen,Grundspil,385912,8 02-02-2021,2. HS,2,HS,Solrød Strand,Værløse,Emil Hybel,Ditlev Jæger Holm,84145,80361,"13-21, 16-21",away,Værløse,
2020,1,1,-3,13240,Badmintonligaen,Grundspil,385912,8 02-02-2021,1. DD,1,DD,Solrød Strand,Værløse,"Johanna Magnusson (EU), Amalie Cecilie Kudsk","Mai Surrow, Julie Dawall Jakobsen","231696, 132196","50755, 83614","20-22, 21-18, 21-15",home,Solrød Strand,
2020,1,1,-3,13240,Badmintonligaen,Grundspil,385912,8 02-02-2021,1. HD,1,HD,Solrød Strand,Værløse,"Lasse Mølhede, Jeppe Bay Madsen","Mathias Thyrri Jørgensen, Daniel Lundgaard","58031, 78661","81255, 1311","21-13, 17-21, 26-24",home,Solrød Strand,
2020,1,1,-3,13240,Badmintonligaen,Grundspil,385912,8 02-02-2021,2. HD,2,HD,Solrød Strand,Værløse,"Søren Gravholt, Emil Hybel","Andreas Søndergaard, Rasmus Messerschmidt","36753, 84145","84100, 48886","19-21, 19-21",away,Værløse,
2020,1,1,-3,13240,Badmintonligaen,Grundspil,388136,8 02-02-2021,1. MD,1,MD,RSL ODENSE OBK,Gentofte,"William Kryger Boe, Maiken Fruergaard Sørensen","Kasper Antonsen, Celine Juel","93939, 68036","60945, 53107","17-21, 21-17, 17-21",away,Gentofte,
2020,1,1,-3,13240,Badmintonligaen,Grundspil,388136,8 02-02-2021,2. MD,2,MD,RSL ODENSE OBK,Gentofte,"Patrick Bjerregaard, Lia Šalehar (EU)","Frederik Colberg, Line Christophersen","66183, 251051","54104, 154","11-21, 8-21",away,Gentofte,
2020,1,1,-3,13240,Badmintonligaen,Grundspil,388136,8 02-02-2021,1. DS,1,DS,RSL ODENSE OBK,Gentofte,Camilla Martens,Line Christophersen,32869,154,"14-21, 14-21",away,Gentofte,
2020,1,1,-3,13240,Badmintonligaen,Grundspil,388136,8 02-02-2021,2. DS,2,DS,RSL ODENSE OBK,Gentofte,Simona Pilgaard,Mathilde Haapanen,154020,78190,"21-14, 21-16",home,RSL ODENSE OBK,
2020,1,1,-3,13240,Badmintonligaen,Grundspil,388136,8 02-02-2021,1. HS,1,HS,RSL ODENSE OBK,Gentofte,Steffen Rasmussen,Mads Christophersen,41491,81169,"11-21, 15-21",away,Gentofte,
2020,1,1,-3,13240,Badmintonligaen,Grundspil,388136,8 02-02-2021,2. HS,2,HS,RSL ODENSE OBK,Gentofte,Mads Thøgersen,Christopher Vittoriani,87098,3269,"24-22, 21-18",home,RSL ODENSE OBK,
2020,1,1,-3,13240,Badmintonligaen,Grundspil,388136,8 02-02-2021,1. DD,1,DD,RSL ODENSE OBK,Gentofte,"Camilla Martens, Maiken Fruergaard Sørensen","Celine Juel, Mathilde Haapanen","32869, 68036","53107, 78190","21-16, 21-10",home,RSL ODENSE OBK,
2020,1,1,-3,13240,Badmintonligaen,Grundspil,388136,8 02-02-2021,1. HD,1,HD,RSL ODENSE OBK,Gentofte,"Oliver Gram, Mads Thøgersen","Frederik Colberg, Kasper Antonsen","88326, 87098","54104, 60945","21-23, 17-21",away,Gentofte,
2020,1,1,-3,13240,Badmintonligaen,Grundspil,388136,8 02-02-2021,2. HD,2,HD,RSL ODENSE OBK,Gentofte,"Patrick Bjerregaard, William Kryger Boe","Mads Christophersen, Kristian Høholdt Kræmer","66183, 93939","81169, 88747","11-21, 15-21",away,Gentofte,
2020,1,1,-3,13240,Badmintonligaen,Grundspil,385914,9 08-02-2021,1. MD,1,MD,Skovshoved,Solrød Strand,"Joel Eipe, Mette Poulsen","Lasse Mølhede, Johanna Magnusson (EU)","78774, 55556","58031, 231696","9-21, 17-21",away,Solrød Strand,
2020,1,1,-3,13240,Badmintonligaen,Grundspil,385914,9 08-02-2021,2. MD,2,MD,Skovshoved,Solrød Strand,"Joachim Fischer, Sara Lundgaard","Jeppe Bay Madsen, Elisa Melgaard","12057, 80319","78661, 85664","21-15, 15-21, 21-16",home,Skovshoved,
2020,1,1,-3,13240,Badmintonligaen,Grundspil,385914,9 08-02-2021,1. DS,1,DS,Skovshoved,Solrød Strand,Sophia Grundtvig,Mia Blichfeldt,2259,81104,"15-21, 16-21",away,Solrød Strand,
2020,1,1,-3,13240,Badmintonligaen,Grundspil,385914,9 08-02-2021,2. DS,2,DS,Skovshoved,Solrød Strand,Kati Tolmoff (EU),Frederikke Lund,13967,2260,"16-21, 21-18, 21-14",home,Skovshoved,
2020,1,1,-3,13240,Badmintonligaen,Grundspil,385914,9 08-02-2021,1. HS,1,HS,Skovshoved,Solrød Strand,Rasmus Gemke,Emil Holst,77864,39835,"21-4, 21-14",home,Skovshoved,
2020,1,1,-3,13240,Badmintonligaen,Grundspil,385914,9 08-02-2021,2. HS,2,HS,Skovshoved,Solrød Strand,Rasmus Kjær Pedersen,Christoffer Elbrønd,83801,85566,"21-18, 21-17",home,Skovshoved,
2020,1,1,-3,13240,Badmintonligaen,Grundspil,385914,9 08-02-2021,1. DD,1,DD,Skovshoved,Solrød Strand,"Mette Poulsen, Sara Lundgaard","Elisa Melgaard, Johanna Magnusson (EU)","55556, 80319","85664, 231696","21-18, 21-19",home,Skovshoved,
2020,1,1,-3,13240,Badmintonligaen,Grundspil,385914,9 08-02-2021,1. HD,1,HD,Skovshoved,Solrød Strand,"Carsten Mogensen, Joachim Fischer","Lasse Mølhede, Jeppe Bay Madsen","13905, 12057","58031, 78661","18-21, 21-12, 21-15",home,Skovshoved,
2020,1,1,-3,13240,Badmintonligaen,Grundspil,385914,9 08-02-2021,2. HD,2,HD,Skovshoved,Solrød Strand,"Joel Eipe, Rasmus Kjær Pedersen","Emil Holst, Rasmus Prasz Espersen","78774, 83801","39835, 2346","21-10, 16-21, 17-21",away,Solrød Strand,
2020,1,1,-3,13240,Badmintonligaen,Grundspil,385915,9 08-02-2021,1. MD,1,MD,Vendsyssel,Team Skælskør-Slagelse,"Mathias Christiansen, Cheryl Seinen (EU)","Kim Astrup Sørensen, Irina Amalie Andersen","59946, 69668","47081, 85967","21-12, 21-19",home,Vendsyssel,
2020,1,1,-3,13240,Badmintonligaen,Grundspil,385915,9 08-02-2021,2. MD,2,MD,Vendsyssel,Team Skælskør-Slagelse,"Robin Tabeling (EU), Debora Jille (EU)","Ruben Jille (EU), Imke Van Der Aar","61161, 305462","75165, 213164","24-22, 21-14",home,Vendsyssel,
2020,1,1,-3,13240,Badmintonligaen,Grundspil,385915,9 08-02-2021,1. DS,1,DS,Vendsyssel,Team Skælskør-Slagelse,Sabrina Jaquet,Irina Amalie Andersen,327649,85967,"11-21, 13-21",away,Team Skælskør-Slagelse,
2020,1,1,-3,13240,Badmintonligaen,Grundspil,385915,9 08-02-2021,2. DS,2,DS,Vendsyssel,Team Skælskør-Slagelse,Josefine Redkjær Jensen,Alyssa Tirtosentono (EU),1916,253649,"21-19, 21-17",home,Vendsyssel,
2020,1,1,-3,13240,Badmintonligaen,Grundspil,385915,9 08-02-2021,1. HS,1,HS,Vendsyssel,Team Skælskør-Slagelse,Jan Ø. Jørgensen,Mark Caljouw (EU),21735,66142,"21-19, 21-18",home,Vendsyssel,
2020,1,1,-3,13240,Badmintonligaen,Grundspil,385915,9 08-02-2021,2. HS,2,HS,Vendsyssel,Team Skælskør-Slagelse,Victor Svendsen,Felix Burestedt (EU),69610,66689,"15-21, 10-21",away,Team Skælskør-Slagelse,
2020,1,1,-3,13240,Badmintonligaen,Grundspil,385915,9 08-02-2021,1. DD,1,DD,Vendsyssel,Team Skælskør-Slagelse,"Debora Jille (EU), Cheryl Seinen (EU)","Alyssa Tirtosentono (EU), Imke Van Der Aar","305462, 69668","253649, 213164","21-7, 21-19",home,Vendsyssel,
2020,1,1,-3,13240,Badmintonligaen,Grundspil,385915,9 08-02-2021,1. HD,1,HD,Vendsyssel,Team Skælskør-Slagelse,"Mathias Christiansen, Robin Tabeling (EU)","Kim Astrup Sørensen, Frederik Søgaard","59946, 61161","47081, 80745","21-16, 21-15",home,Vendsyssel,
2020,1,1,-3,13240,Badmintonligaen,Grundspil,385915,9 08-02-2021,2. HD,2,HD,Vendsyssel,Team Skælskør-Slagelse,"Zvonimir Durkinjak (EU), Victor Svendsen","Mark Caljouw (EU), Ruben Jille (EU)","23630, 69610","66142, 75165","23-25, 20-22",away,Team Skælskør-Slagelse,
2020,1,1,-3,13240,Badmintonligaen,Grundspil,385916,9 08-02-2021,1. MD,1,MD,Højbjerg/Via Biler,Aarhus AB,"Anders Skaarup Rasmussen, Natasja P. Anthonisen","Mathias L. Hansen, Anne Fuglsang","29269, 2590","62396, 87353","21-17, 21-8",home,Højbjerg/Via Biler,
2020,1,1,-3,13240,Badmintonligaen,Grundspil,385916,9 08-02-2021,2. MD,2,MD,Højbjerg/Via Biler,Aarhus AB,"Jesper Toft, Alexandra Bøje","Mikkel Stoffersen, Jenni Olesen","86982, 89506","72837, 420","21-19, 21-13",home,Højbjerg/Via Biler,
2020,1,1,-3,13240,Badmintonligaen,Grundspil,385916,9 08-02-2021,1. DS,1,DS,Højbjerg/Via Biler,Aarhus AB,Line Kjærsfeldt,Anne Fuglsang,61094,87353,"21-17, 21-12",home,Højbjerg/Via Biler,
2020,1,1,-3,13240,Badmintonligaen,Grundspil,385916,9 08-02-2021,2. DS,2,DS,Højbjerg/Via Biler,Aarhus AB,Amalie Schulz Terp-Nielsen,Trine Villadsen,2532,67501,"21-12, 22-20",home,Højbjerg/Via Biler,
2020,1,1,-3,13240,Badmintonligaen,Grundspil,385916,9 08-02-2021,1. HS,1,HS,Højbjerg/Via Biler,Aarhus AB,Hans-Kristian Solberg Vittinghus,David Kim Kristensen,14903,70867,"21-18, 21-17",home,Højbjerg/Via Biler,
2020,1,1,-3,13240,Badmintonligaen,Grundspil,385916,9 08-02-2021,2. HS,2,HS,Højbjerg/Via Biler,Aarhus AB,Karan Rajan Rajarajan,Jakob Godt Hansen,272325,83051,"21-8, 21-8",home,Højbjerg/Via Biler,
2020,1,1,-3,13240,Badmintonligaen,Grundspil,385916,9 08-02-2021,1. DD,1,DD,Højbjerg/Via Biler,Aarhus AB,"Alexandra Bøje, Natasja P. Anthonisen","Trine Villadsen, Emilie Furbo","89506, 2590","67501, 56698","21-15, 19-21, 21-15",home,Højbjerg/Via Biler,
2020,1,1,-3,13240,Badmintonligaen,Grundspil,385916,9 08-02-2021,1. HD,1,HD,Højbjerg/Via Biler,Aarhus AB,"Karan Rajan Rajarajan, Anders Skaarup Rasmussen","Philip Seerup, Mikkel Stoffersen","272325, 29269","81442, 72837","21-11, 21-10",home,Højbjerg/Via Biler,
2020,1,1,-3,13240,Badmintonligaen,Grundspil,385916,9 08-02-2021,2. HD,2,HD,Højbjerg/Via Biler,Aarhus AB,"Jesper Toft, Mads Vestergaard","Mathias L. Hansen, David Kim Kristensen","86982, 3019","62396, 70867","21-15, 18-21, 21-11",home,Højbjerg/Via Biler,
2020,1,1,-3,13240,Badmintonligaen,Grundspil,385918,9 08-02-2021,1. MD,1,MD,Gentofte,Greve,"Kasper Antonsen, Celine Juel","Niclas Nøhr, Amalie Magelund Krogh","60945, 53107","43429, 869","21-16, 14-21, 9-21",away,Greve,
2020,1,1,-3,13240,Badmintonligaen,Grundspil,385918,9 08-02-2021,2. MD,2,MD,Gentofte,Greve,"Frederik Colberg, Line Christophersen","Mikkel Mikkelsen, Rikke Søby Hansen","54104, 154","48568, 66239","21-13, 20-22, 18-21",away,Greve,
2020,1,1,-3,13240,Badmintonligaen,Grundspil,385918,9 08-02-2021,1. DS,1,DS,Gentofte,Greve,Line Christophersen,Iris Wang (udl.),154,324938,"21-8, 20-22, 21-14",home,Gentofte,
2020,1,1,-3,13240,Badmintonligaen,Grundspil,385918,9 08-02-2021,2. DS,2,DS,Gentofte,Greve,Mathilde Haapanen,Gayle Mahulette (EU),78190,318245,"12-21, 14-21",away,Greve,
2020,1,1,-3,13240,Badmintonligaen,Grundspil,385918,9 08-02-2021,1. HS,1,HS,Gentofte,Greve,Mads Christophersen,Lino Munez,81169,327693,"21-8, 19-21, 21-10",home,Gentofte,
2020,1,1,-3,13240,Badmintonligaen,Grundspil,385918,9 08-02-2021,2. HS,2,HS,Gentofte,Greve,Christopher Vittoriani,Kalle Koljonen (EU),3269,60083,"21-14, 13-21, 19-21",away,Greve,
2020,1,1,-3,13240,Badmintonligaen,Grundspil,385918,9 08-02-2021,1. DD,1,DD,Gentofte,Greve,"Celine Juel, Mathilde Haapanen","Rikke Søby Hansen, Amalie Magelund Krogh","53107, 78190","66239, 869","8-21, 11-21",away,Greve,
2020,1,1,-3,13240,Badmintonligaen,Grundspil,385918,9 08-02-2021,1. HD,1,HD,Gentofte,Greve,"Frederik Colberg, Kasper Antonsen","Mads Conrad-Petersen, Lino Munez","54104, 60945","21879, 327693","21-13, 21-0",home,Gentofte,
2020,1,1,-3,13240,Badmintonligaen,Grundspil,385918,9 08-02-2021,2. HD,2,HD,Gentofte,Greve,"Mads Christophersen, Kristian Høholdt Kræmer","Niclas Nøhr, Mikkel Mikkelsen","81169, 88747","43429, 48568","21-15, 17-21, 24-22",home,Gentofte,
2020,1,1,-3,13240,Badmintonligaen,Grundspil,388137,9 08-02-2021,1. MD,1,MD,Værløse,RSL ODENSE OBK,"Andreas Søndergaard, Mai Surrow","William Kryger Boe, Maiken Fruergaard Sørensen","84100, 50755","93939, 68036","21-18, 21-10",home,Værløse,
2020,1,1,-3,13240,Badmintonligaen,Grundspil,388137,9 08-02-2021,2. MD,2,MD,Værløse,RSL ODENSE OBK,"Daniel Lundgaard, Ditte Søby Hansen","Patrick Bjerregaard, Lia Šalehar (EU)","1311, 78225","66183, 251051","21-17, 21-19",home,Værløse,
2020,1,1,-3,13240,Badmintonligaen,Grundspil,388137,9 08-02-2021,1. DS,1,DS,Værløse,RSL ODENSE OBK,Julie Dawall Jakobsen,Camilla Martens,83614,32869,"22-20, 19-21, 21-18",home,Værløse,
2020,1,1,-3,13240,Badmintonligaen,Grundspil,388137,9 08-02-2021,2. DS,2,DS,Værløse,RSL ODENSE OBK,Sofie Holmboe Dahl,Simona Pilgaard,76924,154020,"20-22, 21-16, 21-10",home,Værløse,
2020,1,1,-3,13240,Badmintonligaen,Grundspil,388137,9 08-02-2021,1. HS,1,HS,Værløse,RSL ODENSE OBK,Rasmus Messerschmidt,Mads Thøgersen,48886,87098,"16-21, 21-14, 21-16",home,Værløse,
2020,1,1,-3,13240,Badmintonligaen,Grundspil,388137,9 08-02-2021,2. HS,2,HS,Værløse,RSL ODENSE OBK,Ditlev Jæger Holm,Oliver Gram,80361,88326,"21-6, 21-10",home,Værløse,
2020,1,1,-3,13240,Badmintonligaen,Grundspil,388137,9 08-02-2021,1. DD,1,DD,Værløse,RSL ODENSE OBK,"Julie Dawall Jakobsen, Mai Surrow","Maiken Fruergaard Sørensen, Camilla Martens","83614, 50755","68036, 32869","11-21, 19-21",away,RSL ODENSE OBK,
2020,1,1,-3,13240,Badmintonligaen,Grundspil,388137,9 08-02-2021,1. HD,1,HD,Værløse,RSL ODENSE OBK,"Mathias Thyrri Jørgensen, Daniel Lundgaard","William Kryger Boe, Mads Thøgersen","81255, 1311","93939, 87098","21-11, 20-22, 21-15",home,Værløse,
2020,1,1,-3,13240,Badmintonligaen,Grundspil,388137,9 08-02-2021,2. HD,2,HD,Værløse,RSL ODENSE OBK,"Andreas Søndergaard, Rasmus Messerschmidt","Patrick Bjerregaard, Oliver Thomsen","84100, 48886","66183, 84411","15-21, 24-22, 21-16",home,Værløse,
2020,1,1,-3,13208,1. division,Pulje 1,385426,1 05-09-2020,1. MD,1,MD,Skovshoved 2,Værløse 2,"Tobias Holst-Christensen, Claudia Paredes","Mads Muurholm Petersen, Ditte Søby Hansen","81989, 78754","356, 78225","21-16, 22-20",home,Skovshoved 2,
2020,1,1,-3,13208,1. division,Pulje 1,385426,1 05-09-2020,2. MD,2,MD,Skovshoved 2,Værløse 2,"Nikolaj Overgaard, Filippa Koch Rohde","Jakob Lindqvist, Susan Ekelund","46562, 88842","82852, 68029","21-17, 12-21, 13-21",away,Værløse 2,
2020,1,1,-3,13208,1. division,Pulje 1,385426,1 05-09-2020,1. DS,1,DS,Skovshoved 2,Værløse 2,Nele Swerts Knudsen,Astrid Molander,212343,2983,"21-10, 21-14",home,Skovshoved 2,
2020,1,1,-3,13208,1. division,Pulje 1,385426,1 05-09-2020,2. DS,2,DS,Skovshoved 2,Værløse 2,Mie Andersson,Emma Abbotts,197624,89157,"21-5, 21-9",home,Skovshoved 2,
2020,1,1,-3,13208,1. division,Pulje 1,385426,1 05-09-2020,1. HS,1,HS,Skovshoved 2,Værløse 2,Axel Henrik Parkhøi,Andreas Fleischer,2976,88741,"15-21, 21-18, 17-21",away,Værløse 2,
2020,1,1,-3,13208,1. division,Pulje 1,385426,1 05-09-2020,2. HS,2,HS,Skovshoved 2,Værløse 2,Emil Langemark,Rasmus Hjalgrim,84709,74650,"21-13, 21-19",home,Skovshoved 2,
2020,1,1,-3,13208,1. division,Pulje 1,385426,1 05-09-2020,1. DD,1,DD,Skovshoved 2,Værløse 2,"Claudia Paredes, Filippa Koch Rohde","Ditte Søby Hansen, Susan Ekelund","78754, 88842","78225, 68029","21-16, 24-22",home,Skovshoved 2,
2020,1,1,-3,13208,1. division,Pulje 1,385426,1 05-09-2020,1. HD,1,HD,Skovshoved 2,Værløse 2,"Rasmus Kjær Pedersen, Tobias Holst-Christensen","Mads Muurholm Petersen, Jakob Lindqvist","83801, 81989","356, 82852","21-16, 21-15",home,Skovshoved 2,
2020,1,1,-3,13208,1. division,Pulje 1,385426,1 05-09-2020,2. HD,2,HD,Skovshoved 2,Værløse 2,"Nikolaj Overgaard, Emil Langemark","Andreas Fleischer, Rasmus Hjalgrim","46562, 84709","88741, 74650","21-13, 21-14",home,Skovshoved 2,
2020,1,1,-3,13208,1. division,Pulje 1,385427,1 05-09-2020,1. MD,1,MD,Aalborg Triton,Viby J,"Tommy Sørensen, Lisbeth Haagensen","Mathias Moldt Baskjær, Line Kruse","12193, 227148","68102, 21830","18-21, 19-21",away,Viby J,
2020,1,1,-3,13208,1. division,Pulje 1,385427,1 05-09-2020,2. MD,2,MD,Aalborg Triton,Viby J,"Nicklas Mathiasen, Toni Woods (udl.)","Rasmus Tophøj, Pernille Eskildsen","45097, 197745","81941, 53571","20-22, 20-22",away,Viby J,
2020,1,1,-3,13208,1. division,Pulje 1,385427,1 05-09-2020,1. DS,1,DS,Aalborg Triton,Viby J,Kate Foo Kune,Janne Kornum,305218,84273,"21-18, 21-11",home,Aalborg Triton,
2020,1,1,-3,13208,1. division,Pulje 1,385427,1 05-09-2020,2. DS,2,DS,Aalborg Triton,Viby J,Toni Woods (udl.),Thea Nøhr Geil,197745,89228,"21-23, 14-21",away,Viby J,
2020,1,1,-3,13208,1. division,Pulje 1,385427,1 05-09-2020,1. HS,1,HS,Aalborg Triton,Viby J,Magnus Johannesen,Christian Faust Kjær,2972,92043,"21-17, 21-16",home,Aalborg Triton,
2020,1,1,-3,13208,1. division,Pulje 1,385427,1 05-09-2020,2. HS,2,HS,Aalborg Triton,Viby J,Gabriel Ulldahl (EU),Thor Christtreu,25471,33334,"21-12, 21-16",home,Aalborg Triton,
2020,1,1,-3,13208,1. division,Pulje 1,385427,1 05-09-2020,1. DD,1,DD,Aalborg Triton,Viby J,"Kate Foo Kune, Gry Uhrenholt Hermansen","Line Kruse, Pernille Eskildsen","305218, 91648","21830, 53571","24-22, 23-21",home,Aalborg Triton,
2020,1,1,-3,13208,1. division,Pulje 1,385427,1 05-09-2020,1. HD,1,HD,Aalborg Triton,Viby J,"Nicklas Mathiasen, Tommy Sørensen","Christian Faust Kjær, Rasmus Tophøj","45097, 12193","92043, 81941","18-21, 24-22, 19-21",away,Viby J,
2020,1,1,-3,13208,1. division,Pulje 1,385427,1 05-09-2020,2. HD,2,HD,Aalborg Triton,Viby J,"Magnus Johannesen, Gabriel Ulldahl (EU)","Mathias Moldt Baskjær, Christian Larsen","2972, 25471","68102, 400","21-15, 21-17",home,Aalborg Triton,
2020,1,1,-3,13208,1. division,Pulje 1,385428,1 05-09-2020,1. MD,1,MD,Kolding BK,Højbjerg 2,"Jacob Hougaard Jensen, Frederikke Østergaard","Sebastian Grønbjerg, Clara Graversen","1055, 156350","2276, 2358","18-21, 19-21",away,Højbjerg 2,
2020,1,1,-3,13208,1. division,Pulje 1,385428,1 05-09-2020,2. MD,2,MD,Kolding BK,Højbjerg 2,"Joachim Anneberg Mikkelsen, Maria Møller","Frederik Aalestrup, Gabriella Bøje","2642, 91829","59550, 78711","16-21, 18-21",away,Højbjerg 2,
2020,1,1,-3,13208,1. division,Pulje 1,385428,1 05-09-2020,1. DS,1,DS,Kolding BK,Højbjerg 2,Frederikke Østergaard,Signe Schulz Terp-Nielsen,156350,2533,"21-15, 21-17",home,Kolding BK,
2020,1,1,-3,13208,1. division,Pulje 1,385428,1 05-09-2020,2. DS,2,DS,Kolding BK,Højbjerg 2,Frederikke Toft,Clara Graversen,91966,2358,"16-21, 15-21",away,Højbjerg 2,
2020,1,1,-3,13208,1. division,Pulje 1,385428,1 05-09-2020,1. HS,1,HS,Kolding BK,Højbjerg 2,Philip Illum Klindt,Mads Juel Møller,89411,3255,"21-11, 14-21, 21-19",home,Kolding BK,
2020,1,1,-3,13208,1. division,Pulje 1,385428,1 05-09-2020,2. HS,2,HS,Kolding BK,Højbjerg 2,Mads Selmer Christensen,Jonathan Santos de Souza Matias,66976,325003,"15-21, 21-19, 21-12",home,Kolding BK,
2020,1,1,-3,13208,1. division,Pulje 1,385428,1 05-09-2020,1. DD,1,DD,Kolding BK,Højbjerg 2,"Maria Møller, Frederikke Toft","Gabriella Bøje, Signe Schulz Terp-Nielsen","91829, 91966","78711, 2533","21-19, 21-19",home,Kolding BK,
2020,1,1,-3,13208,1. division,Pulje 1,385428,1 05-09-2020,1. HD,1,HD,Kolding BK,Højbjerg 2,"Philip Illum Klindt, Jacob Hougaard Jensen","Sebastian Grønbjerg, Frederik Aalestrup","89411, 1055","2276, 59550","17-21, 15-21",away,Højbjerg 2,
2020,1,1,-3,13208,1. division,Pulje 1,385428,1 05-09-2020,2. HD,2,HD,Kolding BK,Højbjerg 2,"Mads Selmer Christensen, Joachim Anneberg Mikkelsen","Mads Juel Møller, Jonathan Santos de Souza Matias","66976, 2642","3255, 325003","21-13, 18-21, 21-10",home,Kolding BK,
2020,1,1,-3,13208,1. division,Pulje 1,385429,1 05-09-2020,1. MD,1,MD,Ikast,abc Aalborg,"Emil Lauritzen, Malene Kæseler","Magnus Gregersen, Anna Do","88086, 162","2497, 2430","21-13, 21-16",home,Ikast,
2020,1,1,-3,13208,1. division,Pulje 1,385429,1 05-09-2020,2. MD,2,MD,Ikast,abc Aalborg,"Melker Zickerman Bexell, Lisa Kramer","Martin Pedersen, Elisabeth Tran","328562, 85369","77820, 1919","21-17, 21-9",home,Ikast,
2020,1,1,-3,13208,1. division,Pulje 1,385429,1 05-09-2020,1. DS,1,DS,Ikast,abc Aalborg,Laura Fløj Thomsen,Sofie Løth Topp,93538,93792,"15-21, 21-13, 16-21",away,abc Aalborg,
2020,1,1,-3,13208,1. division,Pulje 1,385429,1 05-09-2020,2. DS,2,DS,Ikast,abc Aalborg,Malene Kæseler,Elisabeth Tran,162,1919,"21-10, 21-10",home,Ikast,
2020,1,1,-3,13208,1. division,Pulje 1,385429,1 05-09-2020,1. HS,1,HS,Ikast,abc Aalborg,Mads Emil Kristensen,Phillip Kidmose Henriksen,62778,2815,"22-20, 23-25, 17-21",away,abc Aalborg,
2020,1,1,-3,13208,1. division,Pulje 1,385429,1 05-09-2020,2. HS,2,HS,Ikast,abc Aalborg,Martin Bundgaard,Kasper Rossen,81148,88369,"21-15, 21-13",home,Ikast,
2020,1,1,-3,13208,1. division,Pulje 1,385429,1 05-09-2020,1. DD,1,DD,Ikast,abc Aalborg,"Lisa Kramer, Laura Fløj Thomsen","Sofie Løth Topp, Anna Do","85369, 93538","93792, 2430","18-21, 22-20, 13-21",away,abc Aalborg,
2020,1,1,-3,13208,1. division,Pulje 1,385429,1 05-09-2020,1. HD,1,HD,Ikast,abc Aalborg,"Emil Lauritzen, Martin Bundgaard","Martin Pedersen, Magnus Gregersen","88086, 81148","77820, 2497","19-21, 21-14, 21-16",home,Ikast,
2020,1,1,-3,13208,1. division,Pulje 1,385429,1 05-09-2020,2. HD,2,HD,Ikast,abc Aalborg,"Mads Emil Kristensen, Melker Zickerman Bexell","Phillip Kidmose Henriksen, Kasper Rossen","62778, 328562","2815, 88369","21-13, 21-19",home,Ikast,
2020,1,1,-3,13208,1. division,Pulje 1,385430,2 19-09-2020,1. MD,1,MD,Højbjerg 2,Skovshoved 2,"Sebastian Grønbjerg, Clara Graversen","Tobias Holst-Christensen, Claudia Paredes","2276, 2358","81989, 78754","11-21, 14-21",away,Skovshoved 2,
2020,1,1,-3,13208,1. division,Pulje 1,385430,2 19-09-2020,2. MD,2,MD,Højbjerg 2,Skovshoved 2,"Frederik Aalestrup, Marie Louise Steffensen","Nikolaj Overgaard, Filippa Koch Rohde","59550, 76084","46562, 88842","21-18, 21-15",home,Højbjerg 2,
2020,1,1,-3,13208,1. division,Pulje 1,385430,2 19-09-2020,1. DS,1,DS,Højbjerg 2,Skovshoved 2,Sofie Futtrup,Nele Swerts Knudsen,64812,212343,"21-17, 12-21, 10-21",away,Skovshoved 2,
2020,1,1,-3,13208,1. division,Pulje 1,385430,2 19-09-2020,2. DS,2,DS,Højbjerg 2,Skovshoved 2,Marie Louise Steffensen,Filippa Koch Rohde,76084,88842,"21-10, 21-10",home,Højbjerg 2,
2020,1,1,-3,13208,1. division,Pulje 1,385430,2 19-09-2020,1. HS,1,HS,Højbjerg 2,Skovshoved 2,Mickey Lykkegren,Emil Langemark,85019,84709,"18-21, 5-21",away,Skovshoved 2,
2020,1,1,-3,13208,1. division,Pulje 1,385430,2 19-09-2020,2. HS,2,HS,Højbjerg 2,Skovshoved 2,Jonathan Santos de Souza Matias,Aske Høgsted Lauritsen,325003,48099,"21-17, 19-21, 21-17",home,Højbjerg 2,
2020,1,1,-3,13208,1. division,Pulje 1,385430,2 19-09-2020,1. DD,1,DD,Højbjerg 2,Skovshoved 2,"Sofie Futtrup, Clara Graversen","Claudia Paredes, Nele Swerts Knudsen","64812, 2358","78754, 212343","21-18, 10-21, 21-18",home,Højbjerg 2,
2020,1,1,-3,13208,1. division,Pulje 1,385430,2 19-09-2020,1. HD,1,HD,Højbjerg 2,Skovshoved 2,"Jonathan Santos de Souza Matias, Frederik Aalestrup","Rasmus Kjær Pedersen, Tobias Holst-Christensen","325003, 59550","83801, 81989","21-12, 14-21, 19-21",away,Skovshoved 2,
2020,1,1,-3,13208,1. division,Pulje 1,385430,2 19-09-2020,2. HD,2,HD,Højbjerg 2,Skovshoved 2,"Sebastian Grønbjerg, Niels Chr. Blittrup","Emil Langemark, Nikolaj Overgaard","2276, 13940","84709, 46562","24-26, 21-15, 21-23",away,Skovshoved 2,
2020,1,1,-3,13208,1. division,Pulje 1,385431,2 19-09-2020,1. MD,1,MD,abc Aalborg,Aalborg Triton,"Magnus Gregersen, Anna Do","Nicklas Mathiasen, Emilie Aalestrup","2497, 2430","45097, 85925","16-21, 21-17, 21-16",home,abc Aalborg,
2020,1,1,-3,13208,1. division,Pulje 1,385431,2 19-09-2020,2. MD,2,MD,abc Aalborg,Aalborg Triton,"Martin Pedersen, Pernille Bundgaard","Tommy Sørensen, Lisbeth Haagensen","77820, 52801","12193, 227148","15-21, 16-21",away,Aalborg Triton,
2020,1,1,-3,13208,1. division,Pulje 1,385431,2 19-09-2020,1. DS,1,DS,abc Aalborg,Aalborg Triton,Sofie Løth Topp,Kate Foo Kune,93792,305218,"12-21, 18-21",away,Aalborg Triton,
2020,1,1,-3,13208,1. division,Pulje 1,385431,2 19-09-2020,2. DS,2,DS,abc Aalborg,Aalborg Triton,Elisabeth Tran,Toni Woods (udl.),1919,197745,"17-21, 1-2",away,Aalborg Triton,A
2020,1,1,-3,13208,1. division,Pulje 1,385431,2 19-09-2020,1. HS,1,HS,abc Aalborg,Aalborg Triton,Phillip Kidmose Henriksen,Magnus Johannesen,2815,2972,"18-21, 18-21",away,Aalborg Triton,
2020,1,1,-3,13208,1. division,Pulje 1,385431,2 19-09-2020,2. HS,2,HS,abc Aalborg,Aalborg Triton,Mads Sørensen,Gabriel Ulldahl (EU),1686,25471,"20-22, 21-15, 10-21",away,Aalborg Triton,
2020,1,1,-3,13208,1. division,Pulje 1,385431,2 19-09-2020,1. DD,1,DD,abc Aalborg,Aalborg Triton,"Sofie Løth Topp, Anna Do","Kate Foo Kune, Emilie Aalestrup","93792, 2430","305218, 85925","14-21, 21-14, 17-21",away,Aalborg Triton,
2020,1,1,-3,13208,1. division,Pulje 1,385431,2 19-09-2020,1. HD,1,HD,abc Aalborg,Aalborg Triton,"Kasper H. Nielsen, Phillip Kidmose Henriksen","Tommy Sørensen, Nicklas Mathiasen","19811, 2815","12193, 45097","12-21, 21-16, 17-21",away,Aalborg Triton,
2020,1,1,-3,13208,1. division,Pulje 1,385431,2 19-09-2020,2. HD,2,HD,abc Aalborg,Aalborg Triton,"Magnus Gregersen, Martin Pedersen","Magnus Johannesen, Gabriel Ulldahl (EU)","2497, 77820","2972, 25471","8-21, 24-26",away,Aalborg Triton,
2020,1,1,-3,13208,1. division,Pulje 1,385432,2 19-09-2020,1. MD,1,MD,Værløse 2,Kolding BK,"Mads Muurholm Petersen, Ditte Søby Hansen","Jacob Hougaard Jensen, Frederikke Østergaard","356, 78225","1055, 156350","18-21, 21-15, 20-22",away,Kolding BK,
2020,1,1,-3,13208,1. division,Pulje 1,385432,2 19-09-2020,2. MD,2,MD,Værløse 2,Kolding BK,"Jakob Lindqvist, Susan Ekelund","Joachim Anneberg Mikkelsen, Maria Møller","82852, 68029","2642, 91829","21-18, 21-15",home,Værløse 2,
2020,1,1,-3,13208,1. division,Pulje 1,385432,2 19-09-2020,1. DS,1,DS,Værløse 2,Kolding BK,Astrid Molander,Frederikke Østergaard,2983,156350,"14-21, 20-22",away,Kolding BK,
2020,1,1,-3,13208,1. division,Pulje 1,385432,2 19-09-2020,2. DS,2,DS,Værløse 2,Kolding BK,Emma Abbotts,Frederikke Toft,89157,91966,"7-21, 16-21",away,Kolding BK,
2020,1,1,-3,13208,1. division,Pulje 1,385432,2 19-09-2020,1. HS,1,HS,Værløse 2,Kolding BK,Andreas Fleischer,Philip Illum Klindt,88741,89411,"17-21, 15-21",away,Kolding BK,
2020,1,1,-3,13208,1. division,Pulje 1,385432,2 19-09-2020,2. HS,2,HS,Værløse 2,Kolding BK,Rasmus Hjalgrim,Mads Selmer Christensen,74650,66976,"20-22, 17-21",away,Kolding BK,
2020,1,1,-3,13208,1. division,Pulje 1,385432,2 19-09-2020,1. DD,1,DD,Værløse 2,Kolding BK,"Susan Ekelund, Ditte Søby Hansen","Maria Møller, Frederikke Toft","68029, 78225","91829, 91966","21-15, 15-21, 15-21",away,Kolding BK,
2020,1,1,-3,13208,1. division,Pulje 1,385432,2 19-09-2020,1. HD,1,HD,Værløse 2,Kolding BK,"Mads Muurholm Petersen, Jakob Lindqvist","Philip Illum Klindt, Jacob Hougaard Jensen","356, 82852","89411, 1055","13-21, 11-21",away,Kolding BK,
2020,1,1,-3,13208,1. division,Pulje 1,385432,2 19-09-2020,2. HD,2,HD,Værløse 2,Kolding BK,"Andreas Fleischer, Rasmus Hjalgrim","Mads Selmer Christensen, Joachim Anneberg Mikkelsen","88741, 74650","66976, 2642","14-21, 18-21",away,Kolding BK,
2020,1,1,-3,13208,1. division,Pulje 1,385433,2 19-09-2020,1. MD,1,MD,Viby J,Ikast,"Mathias Moldt Baskjær, Pernille Eskildsen","Emil Lauritzen, Malene Kæseler","68102, 53571","88086, 162","23-21, 13-21, 17-21",away,Ikast,
2020,1,1,-3,13208,1. division,Pulje 1,385433,2 19-09-2020,2. MD,2,MD,Viby J,Ikast,"Rasmus Tophøj, Thea Nøhr Geil","Melker Zickerman Bexell, Lisa Kramer","81941, 89228","328562, 85369","21-17, 21-16",home,Viby J,
2020,1,1,-3,13208,1. division,Pulje 1,385433,2 19-09-2020,1. DS,1,DS,Viby J,Ikast,Thea Nøhr Geil,Laura Fløj Thomsen,89228,93538,"18-21, 17-21",away,Ikast,
2020,1,1,-3,13208,1. division,Pulje 1,385433,2 19-09-2020,2. DS,2,DS,Viby J,Ikast,Janne Kornum,Malene Kæseler,84273,162,"14-21, 7-21",away,Ikast,
2020,1,1,-3,13208,1. division,Pulje 1,385433,2 19-09-2020,1. HS,1,HS,Viby J,Ikast,Christian Faust Kjær,Mads Emil Kristensen,92043,62778,"21-18, 8-21, 11-21",away,Ikast,
2020,1,1,-3,13208,1. division,Pulje 1,385433,2 19-09-2020,2. HS,2,HS,Viby J,Ikast,Thor Christtreu,Martin Bundgaard,33334,81148,"12-21, 16-21",away,Ikast,
2020,1,1,-3,13208,1. division,Pulje 1,385433,2 19-09-2020,1. DD,1,DD,Viby J,Ikast,"Janne Kornum, Pernille Eskildsen","Lisa Kramer, Laura Fløj Thomsen","84273, 53571","85369, 93538","16-21, 9-21",away,Ikast,
2020,1,1,-3,13208,1. division,Pulje 1,385433,2 19-09-2020,1. HD,1,HD,Viby J,Ikast,"Rasmus Tophøj, Christian Faust Kjær","Melker Zickerman Bexell, Emil Lauritzen","81941, 92043","328562, 88086","21-14, 14-21, 19-21",away,Ikast,
2020,1,1,-3,13208,1. division,Pulje 1,385433,2 19-09-2020,2. HD,2,HD,Viby J,Ikast,"Mathias Moldt Baskjær, Thor Christtreu","Mads Emil Kristensen, Martin Bundgaard","68102, 33334","62778, 81148","21-19, 17-21, 21-12",home,Viby J,
2020,1,1,-3,13208,1. division,Pulje 1,385434,3 03-10-2020,1. MD,1,MD,Aalborg Triton,Skovshoved 2,"Nicklas Mathiasen, Lisbeth Haagensen","Tobias Holst-Christensen, Claudia Paredes","45097, 227148","81989, 78754","21-16, 17-21, 21-18",home,Aalborg Triton,
2020,1,1,-3,13208,1. division,Pulje 1,385434,3 03-10-2020,2. MD,2,MD,Aalborg Triton,Skovshoved 2,"Mads Gadegaard, Gry Uhrenholt Hermansen","Nikolaj Overgaard, Filippa Koch Rohde","83208, 91648","46562, 88842","21-13, 28-26",home,Aalborg Triton,
2020,1,1,-3,13208,1. division,Pulje 1,385434,3 03-10-2020,1. DS,1,DS,Aalborg Triton,Skovshoved 2,Kate Foo Kune,Julie Rechnagel,305218,61227,"21-10, 21-9",home,Aalborg Triton,
2020,1,1,-3,13208,1. division,Pulje 1,385434,3 03-10-2020,2. DS,2,DS,Aalborg Triton,Skovshoved 2,Emilie Aalestrup,Isabella Nielsen,85925,69978,"21-12, 6-21, 8-21",away,Skovshoved 2,
2020,1,1,-3,13208,1. division,Pulje 1,385434,3 03-10-2020,1. HS,1,HS,Aalborg Triton,Skovshoved 2,Magnus Johannesen,Emil Langemark,2972,84709,"18-21, 21-12, 21-10",home,Aalborg Triton,
2020,1,1,-3,13208,1. division,Pulje 1,385434,3 03-10-2020,2. HS,2,HS,Aalborg Triton,Skovshoved 2,Gabriel Ulldahl (EU),Aske Høgsted Lauritsen,25471,48099,"21-17, 21-8",home,Aalborg Triton,
2020,1,1,-3,13208,1. division,Pulje 1,385434,3 03-10-2020,1. DD,1,DD,Aalborg Triton,Skovshoved 2,"Gry Uhrenholt Hermansen, Kate Foo Kune","Claudia Paredes, Isabella Nielsen","91648, 305218","78754, 69978","12-21, 7-21",away,Skovshoved 2,
2020,1,1,-3,13208,1. division,Pulje 1,385434,3 03-10-2020,1. HD,1,HD,Aalborg Triton,Skovshoved 2,"Nicklas Mathiasen, Mads Gadegaard","Rasmus Kjær Pedersen, Tobias Holst-Christensen","45097, 83208","83801, 81989","21-17, 14-21, 19-21",away,Skovshoved 2,
2020,1,1,-3,13208,1. division,Pulje 1,385434,3 03-10-2020,2. HD,2,HD,Aalborg Triton,Skovshoved 2,"Magnus Johannesen, Gabriel Ulldahl (EU)","Nikolaj Overgaard, Emil Langemark","2972, 25471","46562, 84709","21-13, 21-15",home,Aalborg Triton,
2020,1,1,-3,13208,1. division,Pulje 1,385435,3 03-10-2020,1. MD,1,MD,Viby J,Værløse 2,"Rasmus Tophøj, Pernille Eskildsen","Jakob Lindqvist, Ditte Søby Hansen","81941, 53571","82852, 78225","22-24, 16-21",away,Værløse 2,
2020,1,1,-3,13208,1. division,Pulje 1,385435,3 03-10-2020,2. MD,2,MD,Viby J,Værløse 2,"Mathias Moldt Baskjær, Thea Nøhr Geil","Mads Muurholm Petersen, Susan Ekelund","68102, 89228","356, 68029","15-21, 21-12, 9-21",away,Værløse 2,
2020,1,1,-3,13208,1. division,Pulje 1,385435,3 03-10-2020,1. DS,1,DS,Viby J,Værløse 2,Thea Nøhr Geil,Rebecka Kuhl (EU),89228,69479,"18-21, 18-21",away,Værløse 2,
2020,1,1,-3,13208,1. division,Pulje 1,385435,3 03-10-2020,2. DS,2,DS,Viby J,Værløse 2,Janne Kornum,Susan Ekelund,84273,68029,"6-21, 15-21",away,Værløse 2,
2020,1,1,-3,13208,1. division,Pulje 1,385435,3 03-10-2020,1. HS,1,HS,Viby J,Værløse 2,Christian Faust Kjær,Andreas Fleischer,92043,88741,"21-14, 11-21, 15-21",away,Værløse 2,
2020,1,1,-3,13208,1. division,Pulje 1,385435,3 03-10-2020,2. HS,2,HS,Viby J,Værløse 2,Nicki Sjerslev Christensen,Rasmus Hjalgrim,93737,74650,"21-13, 21-19",home,Viby J,
2020,1,1,-3,13208,1. division,Pulje 1,385435,3 03-10-2020,1. DD,1,DD,Viby J,Værløse 2,"Janne Kornum, Pernille Eskildsen","Rebecka Kuhl (EU), Ditte Søby Hansen","84273, 53571","69479, 78225","16-21, 10-21",away,Værløse 2,
2020,1,1,-3,13208,1. division,Pulje 1,385435,3 03-10-2020,1. HD,1,HD,Viby J,Værløse 2,"Rasmus Tophøj, Christian Faust Kjær","Mads Muurholm Petersen, Andreas Fleischer","81941, 92043","356, 88741","18-21, 21-19, 21-8",home,Viby J,
2020,1,1,-3,13208,1. division,Pulje 1,385435,3 03-10-2020,2. HD,2,HD,Viby J,Værløse 2,"Mathias Moldt Baskjær, Buster Dam-Tholstrup","Jakob Lindqvist, Rasmus Hjalgrim","68102, 234870","82852, 74650","21-18, 21-17",home,Viby J,
2020,1,1,-3,13208,1. division,Pulje 1,385436,3 03-10-2020,1. MD,1,MD,Ikast,Kolding BK,"Emil Lauritzen, Malene Kæseler","Jacob Hougaard Jensen, Frederikke Østergaard","88086, 162","1055, 156350","21-14, 21-14",home,Ikast,
2020,1,1,-3,13208,1. division,Pulje 1,385436,3 03-10-2020,2. MD,2,MD,Ikast,Kolding BK,"Melker Zickerman Bexell, Lisa Kramer","Joachim Anneberg Mikkelsen, Lærke Thomsen","328562, 85369","2642, 197068","21-14, 24-22",home,Ikast,
2020,1,1,-3,13208,1. division,Pulje 1,385436,3 03-10-2020,1. DS,1,DS,Ikast,Kolding BK,Laura Fløj Thomsen,Frederikke Østergaard,93538,156350,"21-16, 17-21, 18-21",away,Kolding BK,
2020,1,1,-3,13208,1. division,Pulje 1,385436,3 03-10-2020,2. DS,2,DS,Ikast,Kolding BK,Malene Kæseler,Frederikke Toft,162,91966,"17-21, 21-7, 21-18",home,Ikast,
2020,1,1,-3,13208,1. division,Pulje 1,385436,3 03-10-2020,1. HS,1,HS,Ikast,Kolding BK,Mads Emil Kristensen,Philip Illum Klindt,62778,89411,"13-21, 14-21",away,Kolding BK,
2020,1,1,-3,13208,1. division,Pulje 1,385436,3 03-10-2020,2. HS,2,HS,Ikast,Kolding BK,Martin Bundgaard,Mads Selmer Christensen,81148,66976,"21-15, 21-14",home,Ikast,
2020,1,1,-3,13208,1. division,Pulje 1,385436,3 03-10-2020,1. DD,1,DD,Ikast,Kolding BK,"Lisa Kramer, Laura Fløj Thomsen","Lærke Thomsen, Frederikke Toft","85369, 93538","197068, 91966","21-13, 21-18",home,Ikast,
2020,1,1,-3,13208,1. division,Pulje 1,385436,3 03-10-2020,1. HD,1,HD,Ikast,Kolding BK,"Emil Lauritzen, Melker Zickerman Bexell","Philip Illum Klindt, Jacob Hougaard Jensen","88086, 328562","89411, 1055","21-18, 18-21, 21-15",home,Ikast,
2020,1,1,-3,13208,1. division,Pulje 1,385436,3 03-10-2020,2. HD,2,HD,Ikast,Kolding BK,"Martin Bundgaard, Mads Emil Kristensen","Mads Selmer Christensen, Joachim Anneberg Mikkelsen","81148, 62778","66976, 2642","17-21, 16-21",away,Kolding BK,
2020,1,1,-3,13208,1. division,Pulje 1,385437,3 03-10-2020,1. MD,1,MD,abc Aalborg,Højbjerg 2,"Magnus Gregersen, Anna Do","Frederik Aalestrup, Marie Louise Steffensen","2497, 2430","59550, 76084","12-21, 17-21",away,Højbjerg 2,
2020,1,1,-3,13208,1. division,Pulje 1,385437,3 03-10-2020,2. MD,2,MD,abc Aalborg,Højbjerg 2,"Martin Hansen, Sarah Skriver","Tobias Suder, Gabriella Bøje","82239, 233750","73845, 78711","20-22, 15-21",away,Højbjerg 2,
2020,1,1,-3,13208,1. division,Pulje 1,385437,3 03-10-2020,1. DS,1,DS,abc Aalborg,Højbjerg 2,Sofie Løth Topp,Signe Schulz Terp-Nielsen,93792,2533,"19-21, 19-21",away,Højbjerg 2,
2020,1,1,-3,13208,1. division,Pulje 1,385437,3 03-10-2020,2. DS,2,DS,abc Aalborg,Højbjerg 2,Sarah Skriver,Marie Louise Steffensen,233750,76084,"18-21, 10-21",away,Højbjerg 2,
2020,1,1,-3,13208,1. division,Pulje 1,385437,3 03-10-2020,1. HS,1,HS,abc Aalborg,Højbjerg 2,Phillip Kidmose Henriksen,Mads Juel Møller,2815,3255,"21-16, 19-21, 21-16",home,abc Aalborg,
2020,1,1,-3,13208,1. division,Pulje 1,385437,3 03-10-2020,2. HS,2,HS,abc Aalborg,Højbjerg 2,Mads Sørensen,Jonathan Santos de Souza Matias,1686,325003,"21-12, 14-21, 15-21",away,Højbjerg 2,
2020,1,1,-3,13208,1. division,Pulje 1,385437,3 03-10-2020,1. DD,1,DD,abc Aalborg,Højbjerg 2,"Sofie Løth Topp, Anna Do","Signe Schulz Terp-Nielsen, Clara Graversen","93792, 2430","2533, 2358","11-21, 11-21",away,Højbjerg 2,
2020,1,1,-3,13208,1. division,Pulje 1,385437,3 03-10-2020,1. HD,1,HD,abc Aalborg,Højbjerg 2,"Kasper H. Nielsen, Phillip Kidmose Henriksen","Jonathan Santos de Souza Matias, Frederik Aalestrup","19811, 2815","325003, 59550","14-21, 20-22",away,Højbjerg 2,
2020,1,1,-3,13208,1. division,Pulje 1,385437,3 03-10-2020,2. HD,2,HD,abc Aalborg,Højbjerg 2,"Magnus Gregersen, Martin Hansen","Niels Chr. Blittrup, Tobias Suder","2497, 82239","13940, 73845","20-22, 21-19, 21-17",home,abc Aalborg,
2020,1,1,-3,13208,1. division,Pulje 1,385438,4 24-10-2020,1. MD,1,MD,Værløse 2,Aalborg Triton,"Mads Muurholm Petersen, Susan Ekelund","Mads Gadegaard, Emilie Aalestrup","356, 68029","83208, 85925","21-23, 21-23",away,Aalborg Triton,
2020,1,1,-3,13208,1. division,Pulje 1,385438,4 24-10-2020,2. MD,2,MD,Værløse 2,Aalborg Triton,"Jakob Lindqvist, Julie Frost Andersen","Nicklas Mathiasen, Lisbeth Haagensen","82852, 156421","45097, 227148","19-21, 20-22",away,Aalborg Triton,
2020,1,1,-3,13208,1. division,Pulje 1,385438,4 24-10-2020,1. DS,1,DS,Værløse 2,Aalborg Triton,Astrid Molander,Kate Foo Kune,2983,305218,"14-21, 18-21",away,Aalborg Triton,
2020,1,1,-3,13208,1. division,Pulje 1,385438,4 24-10-2020,2. DS,2,DS,Værløse 2,Aalborg Triton,Julie Frost Andersen,Toni Woods (udl.),156421,197745,"22-20, 18-21, 14-21",away,Aalborg Triton,
2020,1,1,-3,13208,1. division,Pulje 1,385438,4 24-10-2020,1. HS,1,HS,Værløse 2,Aalborg Triton,Andreas Fleischer,Magnus Johannesen,88741,2972,"21-19, 15-21, 16-21",away,Aalborg Triton,
2020,1,1,-3,13208,1. division,Pulje 1,385438,4 24-10-2020,2. HS,2,HS,Værløse 2,Aalborg Triton,Rasmus Hjalgrim,Gabriel Ulldahl (EU),74650,25471,"11-21, 11-21",away,Aalborg Triton,
2020,1,1,-3,13208,1. division,Pulje 1,385438,4 24-10-2020,1. DD,1,DD,Værløse 2,Aalborg Triton,"Susan Ekelund, Thilde Mattisson","Kate Foo Kune, Toni Woods (udl.)","68029, 36575","305218, 197745","21-11, 18-21, 21-23",away,Aalborg Triton,
2020,1,1,-3,13208,1. division,Pulje 1,385438,4 24-10-2020,1. HD,1,HD,Værløse 2,Aalborg Triton,"Mads Muurholm Petersen, Andreas Fleischer","Mads Gadegaard, Nicklas Mathiasen","356, 88741","83208, 45097","21-14, 19-21, 21-16",home,Værløse 2,
2020,1,1,-3,13208,1. division,Pulje 1,385438,4 24-10-2020,2. HD,2,HD,Værløse 2,Aalborg Triton,"Jakob Lindqvist, Rasmus Hjalgrim","Magnus Johannesen, Gabriel Ulldahl (EU)","82852, 74650","2972, 25471","21-15, 21-18",home,Værløse 2,
2020,1,1,-3,13208,1. division,Pulje 1,385439,4 24-10-2020,1. MD,1,MD,Kolding BK,Viby J,"Jacob Hougaard Jensen, Frederikke Østergaard","Mathias Moldt Baskjær, Janne Kornum","1055, 156350","68102, 84273","21-14, 18-21, 21-18",home,Kolding BK,
2020,1,1,-3,13208,1. division,Pulje 1,385439,4 24-10-2020,2. MD,2,MD,Kolding BK,Viby J,"Claus Vagner Pedersen, Maria Møller","Rasmus Tophøj, Thea Nøhr Geil","13102, 91829","81941, 89228","16-21, 15-21",away,Viby J,
2020,1,1,-3,13208,1. division,Pulje 1,385439,4 24-10-2020,1. DS,1,DS,Kolding BK,Viby J,Frederikke Østergaard,Thea Nøhr Geil,156350,89228,"21-19, 21-17",home,Kolding BK,
2020,1,1,-3,13208,1. division,Pulje 1,385439,4 24-10-2020,2. DS,2,DS,Kolding BK,Viby J,Lærke Thomsen,Janne Jakobsen,197068,89160,"21-17, 21-19",home,Kolding BK,
2020,1,1,-3,13208,1. division,Pulje 1,385439,4 24-10-2020,1. HS,1,HS,Kolding BK,Viby J,Philip Illum Klindt,Christian Faust Kjær,89411,92043,"21-12, 21-10",home,Kolding BK,
2020,1,1,-3,13208,1. division,Pulje 1,385439,4 24-10-2020,2. HS,2,HS,Kolding BK,Viby J,Mads Selmer Christensen,Mark Mohr Damgaard,66976,73700,"21-13, 21-17",home,Kolding BK,
2020,1,1,-3,13208,1. division,Pulje 1,385439,4 24-10-2020,1. DD,1,DD,Kolding BK,Viby J,"Lærke Thomsen, Maria Møller","Janne Kornum, Janne Jakobsen","197068, 91829","84273, 89160","18-21, 21-18, 21-7",home,Kolding BK,
2020,1,1,-3,13208,1. division,Pulje 1,385439,4 24-10-2020,1. HD,1,HD,Kolding BK,Viby J,"Jacob Hougaard Jensen, Philip Illum Klindt","Christian Faust Kjær, Rasmus Tophøj","1055, 89411","92043, 81941","14-21, 21-16, 17-21",away,Viby J,
2020,1,1,-3,13208,1. division,Pulje 1,385439,4 24-10-2020,2. HD,2,HD,Kolding BK,Viby J,"Mads Selmer Christensen, Claus Vagner Pedersen","Mathias Moldt Baskjær, Mark Mohr Damgaard","66976, 13102","68102, 73700","19-21, 15-21",away,Viby J,
2020,1,1,-3,13208,1. division,Pulje 1,385440,4 24-10-2020,1. MD,1,MD,Højbjerg 2,Ikast,"Frederik Aalestrup, Marie Louise Steffensen","Emil Lauritzen, Malene Kæseler","59550, 76084","88086, 162","21-14, 21-12",home,Højbjerg 2,
2020,1,1,-3,13208,1. division,Pulje 1,385440,4 24-10-2020,2. MD,2,MD,Højbjerg 2,Ikast,"Sebastian Grønbjerg, Clara Graversen","Melker Zickerman Bexell, Lisa Kramer","2276, 2358","328562, 85369","21-11, 21-12",home,Højbjerg 2,
2020,1,1,-3,13208,1. division,Pulje 1,385440,4 24-10-2020,1. DS,1,DS,Højbjerg 2,Ikast,Signe Schulz Terp-Nielsen,Laura Fløj Thomsen,2533,93538,"21-13, 21-17",home,Højbjerg 2,
2020,1,1,-3,13208,1. division,Pulje 1,385440,4 24-10-2020,2. DS,2,DS,Højbjerg 2,Ikast,Marie Louise Steffensen,Malene Kæseler,76084,162,"22-20, 15-21, 23-21",home,Højbjerg 2,
2020,1,1,-3,13208,1. division,Pulje 1,385440,4 24-10-2020,1. HS,1,HS,Højbjerg 2,Ikast,Mads Juel Møller,Martin Bundgaard,3255,81148,"17-21, 21-16, 22-20",home,Højbjerg 2,
2020,1,1,-3,13208,1. division,Pulje 1,385440,4 24-10-2020,2. HS,2,HS,Højbjerg 2,Ikast,Jonathan Santos de Souza Matias,Mads Emil Kristensen,325003,62778,"21-17, 17-21, 21-18",home,Højbjerg 2,
2020,1,1,-3,13208,1. division,Pulje 1,385440,4 24-10-2020,1. DD,1,DD,Højbjerg 2,Ikast,"Clara Graversen, Signe Schulz Terp-Nielsen","Lisa Kramer, Laura Fløj Thomsen","2358, 2533","85369, 93538","21-13, 21-16",home,Højbjerg 2,
2020,1,1,-3,13208,1. division,Pulje 1,385440,4 24-10-2020,1. HD,1,HD,Højbjerg 2,Ikast,"Sebastian Grønbjerg, Frederik Aalestrup","Emil Lauritzen, Melker Zickerman Bexell","2276, 59550","88086, 328562","21-17, 10-6",home,Højbjerg 2,H
2020,1,1,-3,13208,1. division,Pulje 1,385440,4 24-10-2020,2. HD,2,HD,Højbjerg 2,Ikast,"Mads Juel Møller, Jonathan Santos de Souza Matias","Martin Bundgaard, Mads Emil Kristensen","3255, 325003","81148, 62778","23-21, 24-22",home,Højbjerg 2,
2020,1,1,-3,13208,1. division,Pulje 1,385441,4 24-10-2020,1. MD,1,MD,Skovshoved 2,abc Aalborg,"Tobias Holst-Christensen, Claudia Paredes","Martin Hansen, Sarah Skriver","81989, 78754","82239, 233750","21-5, 12-21, 21-15",home,Skovshoved 2,
2020,1,1,-3,13208,1. division,Pulje 1,385441,4 24-10-2020,2. MD,2,MD,Skovshoved 2,abc Aalborg,"Nikolaj Overgaard, Isabella Nielsen","Magnus Gregersen, Anna Do","46562, 69978","2497, 2430","23-21, 15-21, 21-17",home,Skovshoved 2,
2020,1,1,-3,13208,1. division,Pulje 1,385441,4 24-10-2020,1. DS,1,DS,Skovshoved 2,abc Aalborg,Nele Swerts Knudsen,Sofie Løth Topp,212343,93792,"21-18, 21-16",home,Skovshoved 2,
2020,1,1,-3,13208,1. division,Pulje 1,385441,4 24-10-2020,2. DS,2,DS,Skovshoved 2,abc Aalborg,Julie Rechnagel,Sarah Skriver,61227,233750,"21-11, 21-19",home,Skovshoved 2,
2020,1,1,-3,13208,1. division,Pulje 1,385441,4 24-10-2020,1. HS,1,HS,Skovshoved 2,abc Aalborg,Axel Henrik Parkhøi,Phillip Kidmose Henriksen,2976,2815,"18-21, 21-15, 17-21",away,abc Aalborg,
2020,1,1,-3,13208,1. division,Pulje 1,385441,4 24-10-2020,2. HS,2,HS,Skovshoved 2,abc Aalborg,Emil Langemark,Kasper Rossen,84709,88369,"21-11, 21-17",home,Skovshoved 2,
2020,1,1,-3,13208,1. division,Pulje 1,385441,4 24-10-2020,1. DD,1,DD,Skovshoved 2,abc Aalborg,"Isabella Nielsen, Claudia Paredes","Anna Do, Sofie Løth Topp","69978, 78754","2430, 93792","22-20, 21-7",home,Skovshoved 2,
2020,1,1,-3,13208,1. division,Pulje 1,385441,4 24-10-2020,1. HD,1,HD,Skovshoved 2,abc Aalborg,"Nikolaj Overgaard, Emil Langemark","Kasper H. Nielsen, Phillip Kidmose Henriksen","46562, 84709","19811, 2815","21-11, 21-16",home,Skovshoved 2,
2020,1,1,-3,13208,1. division,Pulje 1,385441,4 24-10-2020,2. HD,2,HD,Skovshoved 2,abc Aalborg,"Tobias Holst-Christensen, Axel Henrik Parkhøi","Magnus Gregersen, Martin Hansen","81989, 2976","2497, 82239","21-15, 21-12",home,Skovshoved 2,
2020,1,1,-3,13209,1. division,Pulje 2,385454,1 05-09-2020,1. MD,1,MD,Lillerød,Hillerød,"David Brandt, Maria Thaysen","Rasmus Andreasen, Emma Igel","94651, 78699","76200, 93968","21-13, 21-8",home,Lillerød,
2020,1,1,-3,13209,1. division,Pulje 2,385454,1 05-09-2020,2. MD,2,MD,Lillerød,Hillerød,"Nicolai Worm Carlsen, Ann Nielsen","Emil Poulsen, Julie Messerschmidt","70528, 10042","22470, 56461","21-13, 18-21, 21-12",home,Lillerød,
2020,1,1,-3,13209,1. division,Pulje 2,385454,1 05-09-2020,1. DS,1,DS,Lillerød,Hillerød,Sofie Nielsen,Sofie Karmann,86817,234461,"21-11, 21-16",home,Lillerød,
2020,1,1,-3,13209,1. division,Pulje 2,385454,1 05-09-2020,2. DS,2,DS,Lillerød,Hillerød,Frederikke Nielsen,Julie Messerschmidt,212929,56461,"21-16, 21-17",home,Lillerød,
2020,1,1,-3,13209,1. division,Pulje 2,385454,1 05-09-2020,1. HS,1,HS,Lillerød,Hillerød,Jonas Jæger,Kaj Lü,693,74633,"21-13, 21-8",home,Lillerød,
2020,1,1,-3,13209,1. division,Pulje 2,385454,1 05-09-2020,2. HS,2,HS,Lillerød,Hillerød,Kian Andersen,Peter Rasmussen,44736,10313,"26-24, 16-21, 21-15",home,Lillerød,
2020,1,1,-3,13209,1. division,Pulje 2,385454,1 05-09-2020,1. DD,1,DD,Lillerød,Hillerød,"Maria Thaysen, Sofie Nielsen","Emma Igel, Sofie Karmann","78699, 86817","93968, 234461","21-8, 21-9",home,Lillerød,
2020,1,1,-3,13209,1. division,Pulje 2,385454,1 05-09-2020,1. HD,1,HD,Lillerød,Hillerød,"Nicolai Worm Carlsen, Kian Andersen","Kaj Lü, Emil Poulsen","70528, 44736","74633, 22470","21-7, 21-15",home,Lillerød,
2020,1,1,-3,13209,1. division,Pulje 2,385454,1 05-09-2020,2. HD,2,HD,Lillerød,Hillerød,"David Brandt, Jonas Jæger","Peter Rasmussen, Rasmus Andreasen","94651, 693","10313, 76200","30-28, 21-14",home,Lillerød,
2020,1,1,-3,13209,1. division,Pulje 2,385455,1 05-09-2020,1. MD,1,MD,Hvidovre,KMB2010,"Sebastian Bugtrup, Mette Werge","Mads Emil Christensen, Christine Busch Andreasen","71836, 115862","79846, 2241","18-21, 14-21",away,KMB2010,
2020,1,1,-3,13209,1. division,Pulje 2,385455,1 05-09-2020,2. MD,2,MD,Hvidovre,KMB2010,"Patrick Buhl, Iben Bergstein","Steve Olesen, Camilla Bo Andersen","59366, 68181","58926, 115612","23-21, 21-14",home,Hvidovre,
2020,1,1,-3,13209,1. division,Pulje 2,385455,1 05-09-2020,1. DS,1,DS,Hvidovre,KMB2010,Iben Bergstein,Freja Ravn,68181,369,"21-18, 21-13",home,Hvidovre,
2020,1,1,-3,13209,1. division,Pulje 2,385455,1 05-09-2020,2. DS,2,DS,Hvidovre,KMB2010,Anna Siess Ryberg,Anne Marie Sørensen,3300,12545,"21-11, 21-15",home,Hvidovre,
2020,1,1,-3,13209,1. division,Pulje 2,385455,1 05-09-2020,1. HS,1,HS,Hvidovre,KMB2010,Christian Lind Thomsen,Joran Kweekel (EU),14388,317469,"21-19, 7-21, 6-21",away,KMB2010,
2020,1,1,-3,13209,1. division,Pulje 2,385455,1 05-09-2020,2. HS,2,HS,Hvidovre,KMB2010,Nicolaj J. Wolf,Philip Pavlowski Pedersen,2510,33519,"24-22, 9-21, 26-24",home,Hvidovre,
2020,1,1,-3,13209,1. division,Pulje 2,385455,1 05-09-2020,1. DD,1,DD,Hvidovre,KMB2010,"Mette Werge, Anna Siess Ryberg","Freja Ravn, Camilla Bo Andersen","115862, 3300","369, 115612",,home,Hvidovre,H
2020,1,1,-3,13209,1. division,Pulje 2,385455,1 05-09-2020,1. HD,1,HD,Hvidovre,KMB2010,"Patrick Buhl, Sebastian Bugtrup","Joran Kweekel (EU), Steve Olesen","59366, 71836","317469, 58926","21-19, 18-21, 21-16",home,Hvidovre,
2020,1,1,-3,13209,1. division,Pulje 2,385455,1 05-09-2020,2. HD,2,HD,Hvidovre,KMB2010,"Christian Lind Thomsen, Nicolaj J. Wolf","Mads Emil Christensen, Philip Pavlowski Pedersen","14388, 2510","79846, 33519","16-21, 18-21",away,KMB2010,
2020,1,1,-3,13209,1. division,Pulje 2,385456,1 05-09-2020,1. MD,1,MD,Solrød Strand 2,Greve 2,"Rasmus Prasz Espersen, Elisa Melgaard","Mikkel Delbo Larsen, Tilda Sjöö (EU)","2346, 85664","14439, 197734","16-21, 16-21",away,Greve 2,
2020,1,1,-3,13209,1. division,Pulje 2,385456,1 05-09-2020,2. MD,2,MD,Solrød Strand 2,Greve 2,"Marcus Rindshøj, Amalie Cecilie Kudsk","Jeppe Søby Hansen, Moa Sjöö (EU)","3198, 132196","3319, 79926","21-17, 21-16",home,Solrød Strand 2,
2020,1,1,-3,13209,1. division,Pulje 2,385456,1 05-09-2020,1. DS,1,DS,Solrød Strand 2,Greve 2,Sarah Frederikke Vishart,Freja Helander,360,2242,"21-14, 21-17",home,Solrød Strand 2,
2020,1,1,-3,13209,1. division,Pulje 2,385456,1 05-09-2020,2. DS,2,DS,Solrød Strand 2,Greve 2,Emilie Melgaard,Annemarie Hertz Hansen,185,91489,"18-21, 21-13, 21-9",home,Solrød Strand 2,
2020,1,1,-3,13209,1. division,Pulje 2,385456,1 05-09-2020,1. HS,1,HS,Solrød Strand 2,Greve 2,Christoffer Elbrønd,Michal Rogalski,85566,280236,"21-15, 18-21, 18-21",away,Greve 2,
2020,1,1,-3,13209,1. division,Pulje 2,385456,1 05-09-2020,2. HS,2,HS,Solrød Strand 2,Greve 2,Theis Christiansen,Jonas Kudsk,14178,115748,"21-13, 21-11",home,Solrød Strand 2,
2020,1,1,-3,13209,1. division,Pulje 2,385456,1 05-09-2020,1. DD,1,DD,Solrød Strand 2,Greve 2,"Elisa Melgaard, Amalie Cecilie Kudsk","Tilda Sjöö (EU), Moa Sjöö (EU)","85664, 132196","197734, 79926","21-16, 11-21, 22-20",home,Solrød Strand 2,
2020,1,1,-3,13209,1. division,Pulje 2,385456,1 05-09-2020,1. HD,1,HD,Solrød Strand 2,Greve 2,"Marcus Rindshøj, Rasmus Prasz Espersen","Mikkel Delbo Larsen, Jonas Kudsk","3198, 2346","14439, 115748","21-14, 25-27, 21-14",home,Solrød Strand 2,
2020,1,1,-3,13209,1. division,Pulje 2,385456,1 05-09-2020,2. HD,2,HD,Solrød Strand 2,Greve 2,"Christoffer Elbrønd, Theis Christiansen","Michal Rogalski, Jeppe Søby Hansen","85566, 14178","280236, 3319","21-15, 21-7",home,Solrød Strand 2,
2020,1,1,-3,13209,1. division,Pulje 2,385457,1 05-09-2020,1. MD,1,MD,Holte,Lyngby,"Scott Evans (EU), Marie Røpke","Andreas Kjær Hansen, Cille Nielsen","20866, 19857","75004, 83730","21-14, 21-8",home,Holte,
2020,1,1,-3,13209,1. division,Pulje 2,385457,1 05-09-2020,2. MD,2,MD,Holte,Lyngby,"Michael Lamp, Pernille Harder","Sebastian Strarup Sørensen, Maja Rindshøj","11622, 11516","86570, 79177","27-25, 19-21, 21-13",home,Holte,
2020,1,1,-3,13209,1. division,Pulje 2,385457,1 05-09-2020,1. DS,1,DS,Holte,Lyngby,Katerina Tomalova (EU),Caroline Gate (EU),317457,73485,"14-21, 21-17, 21-7",home,Holte,
2020,1,1,-3,13209,1. division,Pulje 2,385457,1 05-09-2020,2. DS,2,DS,Holte,Lyngby,Helene Misser-Pedersen,Marie Falk,81509,78791,"13-21, 24-22, 18-21",away,Lyngby,
2020,1,1,-3,13209,1. division,Pulje 2,385457,1 05-09-2020,1. HS,1,HS,Holte,Lyngby,Anders Boesen,Michael Svejsø,10905,55896,"20-22, 21-9, 14-21",away,Lyngby,
2020,1,1,-3,13209,1. division,Pulje 2,385457,1 05-09-2020,2. HS,2,HS,Holte,Lyngby,Kasper Ipsen,Philip Brandt,14197,81258,"14-21, 21-16, 15-21",away,Lyngby,
2020,1,1,-3,13209,1. division,Pulje 2,385457,1 05-09-2020,1. DD,1,DD,Holte,Lyngby,"Marie Røpke, Pernille Harder","Maja Rindshøj, Caroline Gate (EU)","19857, 11516","79177, 73485","21-12, 21-17",home,Holte,
2020,1,1,-3,13209,1. division,Pulje 2,385457,1 05-09-2020,1. HD,1,HD,Holte,Lyngby,"Scott Evans (EU), Michael Lamp","Andreas Kjær Hansen, Michael Svejsø","20866, 11622","75004, 55896","26-24, 17-21, 21-10",home,Holte,
2020,1,1,-3,13209,1. division,Pulje 2,385457,1 05-09-2020,2. HD,2,HD,Holte,Lyngby,"Anders Boesen, Kasper Ipsen","Sebastian Strarup Sørensen, Philip Brandt","10905, 14197","86570, 81258","16-21, 21-12, 21-9",home,Holte,
2020,1,1,-3,13209,1. division,Pulje 2,385458,2 19-09-2020,1. MD,1,MD,Greve 2,Lillerød,"Mikkel Delbo Larsen, Tilda Sjöö (EU)","David Brandt, Maria Thaysen","14439, 197734","94651, 78699","21-14, 21-19",home,Greve 2,
2020,1,1,-3,13209,1. division,Pulje 2,385458,2 19-09-2020,2. MD,2,MD,Greve 2,Lillerød,"Jeppe Søby Hansen, Moa Sjöö (EU)","Nicolai Worm Carlsen, Ann Nielsen","3319, 79926","70528, 10042","12-21, 14-21",away,Lillerød,
2020,1,1,-3,13209,1. division,Pulje 2,385458,2 19-09-2020,1. DS,1,DS,Greve 2,Lillerød,Amalie Hertz,Emilie Sotnes Hamang (EU),80364,324814,"21-16, 21-16",home,Greve 2,
2020,1,1,-3,13209,1. division,Pulje 2,385458,2 19-09-2020,2. DS,2,DS,Greve 2,Lillerød,Rikke Madsen,Sofie Nielsen,1437,86817,"20-22, 21-12, 21-23",away,Lillerød,
2020,1,1,-3,13209,1. division,Pulje 2,385458,2 19-09-2020,1. HS,1,HS,Greve 2,Lillerød,Jonas Kudsk,Jonas Jæger,115748,693,"18-21, 18-21",away,Lillerød,
2020,1,1,-3,13209,1. division,Pulje 2,385458,2 19-09-2020,2. HS,2,HS,Greve 2,Lillerød,Oliver Barsholm,Kian Andersen,92419,44736,"22-20, 14-21, 10-21",away,Lillerød,
2020,1,1,-3,13209,1. division,Pulje 2,385458,2 19-09-2020,1. DD,1,DD,Greve 2,Lillerød,"Moa Sjöö (EU), Tilda Sjöö (EU)","Maria Thaysen, Sofie Nielsen","79926, 197734","78699, 86817","21-18, 21-17",home,Greve 2,
2020,1,1,-3,13209,1. division,Pulje 2,385458,2 19-09-2020,1. HD,1,HD,Greve 2,Lillerød,"Mikkel Delbo Larsen, Jonas Kudsk","Nicolai Worm Carlsen, Kian Andersen","14439, 115748","70528, 44736","21-16, 17-21, 16-21",away,Lillerød,
2020,1,1,-3,13209,1. division,Pulje 2,385458,2 19-09-2020,2. HD,2,HD,Greve 2,Lillerød,"Jeppe Søby Hansen, Oliver Barsholm","David Brandt, Jonas Jæger","3319, 92419","94651, 693","21-18, 12-20",away,Lillerød,L
2020,1,1,-3,13209,1. division,Pulje 2,385459,2 19-09-2020,1. MD,1,MD,Lyngby,Hvidovre,"Andreas Kjær Hansen, Cille Nielsen","Sebastian Bugtrup, Mette Werge","75004, 83730","71836, 115862","10-21, 15-21",away,Hvidovre,
2020,1,1,-3,13209,1. division,Pulje 2,385459,2 19-09-2020,2. MD,2,MD,Lyngby,Hvidovre,"Sebastian Strarup Sørensen, Maja Rindshøj","Patrick Buhl, Iben Bergstein","86570, 79177","59366, 68181","21-19, 26-28, 15-21",away,Hvidovre,
2020,1,1,-3,13209,1. division,Pulje 2,385459,2 19-09-2020,1. DS,1,DS,Lyngby,Hvidovre,Marie Falk,Iben Bergstein,78791,68181,"11-21, 22-24",away,Hvidovre,
2020,1,1,-3,13209,1. division,Pulje 2,385459,2 19-09-2020,2. DS,2,DS,Lyngby,Hvidovre,Caroline Gate (EU),Anna Siess Ryberg,73485,3300,"22-20, 15-21, 21-18",home,Lyngby,
2020,1,1,-3,13209,1. division,Pulje 2,385459,2 19-09-2020,1. HS,1,HS,Lyngby,Hvidovre,Michael Svejsø,Christian Lind Thomsen,55896,14388,"23-25, 12-21",away,Hvidovre,
2020,1,1,-3,13209,1. division,Pulje 2,385459,2 19-09-2020,2. HS,2,HS,Lyngby,Hvidovre,Philip Brandt,Nicolaj J. Wolf,81258,2510,"21-17, 16-21, 14-21",away,Hvidovre,
2020,1,1,-3,13209,1. division,Pulje 2,385459,2 19-09-2020,1. DD,1,DD,Lyngby,Hvidovre,"Maja Rindshøj, Caroline Gate (EU)","Anna Siess Ryberg, Mette Werge","79177, 73485","3300, 115862","16-21, 7-21",away,Hvidovre,
2020,1,1,-3,13209,1. division,Pulje 2,385459,2 19-09-2020,1. HD,1,HD,Lyngby,Hvidovre,"Michael Svejsø, Andreas Kjær Hansen","Sebastian Bugtrup, Patrick Buhl","55896, 75004","71836, 59366","11-21, 15-21",away,Hvidovre,
2020,1,1,-3,13209,1. division,Pulje 2,385459,2 19-09-2020,2. HD,2,HD,Lyngby,Hvidovre,"Philip Brandt, Sebastian Strarup Sørensen","Christian Lind Thomsen, Nicolaj J. Wolf","81258, 86570","14388, 2510","19-21, 21-19, 21-14",home,Lyngby,
2020,1,1,-3,13209,1. division,Pulje 2,385460,2 19-09-2020,1. MD,1,MD,Hillerød,Solrød Strand 2,"Rasmus Andreasen, Emma Igel","Rasmus Prasz Espersen, Elisa Melgaard","76200, 93968","2346, 85664","7-21, 14-21",away,Solrød Strand 2,
2020,1,1,-3,13209,1. division,Pulje 2,385460,2 19-09-2020,2. MD,2,MD,Hillerød,Solrød Strand 2,"Emil Poulsen, Julie Messerschmidt","Marcus Rindshøj, Amalie Cecilie Kudsk","22470, 56461","3198, 132196","10-21, 11-21",away,Solrød Strand 2,
2020,1,1,-3,13209,1. division,Pulje 2,385460,2 19-09-2020,1. DS,1,DS,Hillerød,Solrød Strand 2,Sofie Karmann,Sarah Frederikke Vishart,234461,360,"22-24, 20-22",away,Solrød Strand 2,
2020,1,1,-3,13209,1. division,Pulje 2,385460,2 19-09-2020,2. DS,2,DS,Hillerød,Solrød Strand 2,Julie Messerschmidt,Nanna Blichfeldt,56461,3201,"21-12, 21-13",home,Hillerød,
2020,1,1,-3,13209,1. division,Pulje 2,385460,2 19-09-2020,1. HS,1,HS,Hillerød,Solrød Strand 2,Kaj Lü,Christoffer Elbrønd,74633,85566,"23-21, 21-10",home,Hillerød,
2020,1,1,-3,13209,1. division,Pulje 2,385460,2 19-09-2020,2. HS,2,HS,Hillerød,Solrød Strand 2,Tobias Dahl Folkmann,Theis Christiansen,237916,14178,"15-21, 8-21",away,Solrød Strand 2,
2020,1,1,-3,13209,1. division,Pulje 2,385460,2 19-09-2020,1. DD,1,DD,Hillerød,Solrød Strand 2,"Emma Igel, Sofie Karmann","Elisa Melgaard, Amalie Cecilie Kudsk","93968, 234461","85664, 132196","13-21, 11-21",away,Solrød Strand 2,
2020,1,1,-3,13209,1. division,Pulje 2,385460,2 19-09-2020,1. HD,1,HD,Hillerød,Solrød Strand 2,"Kaj Lü, Tobias Dahl Folkmann","Marcus Rindshøj, Rasmus Prasz Espersen","74633, 237916","3198, 2346","14-21, 12-21",away,Solrød Strand 2,
2020,1,1,-3,13209,1. division,Pulje 2,385460,2 19-09-2020,2. HD,2,HD,Hillerød,Solrød Strand 2,"Rasmus Andreasen, Emil Poulsen","Christoffer Elbrønd, Theis Christiansen","76200, 22470","85566, 14178","13-21, 17-21",away,Solrød Strand 2,
2020,1,1,-3,13209,1. division,Pulje 2,385461,2 19-09-2020,1. MD,1,MD,KMB2010,Holte,"Mads Emil Christensen, Christine Busch Andreasen","Dennis Schmidt Jensen, Marie Røpke","79846, 2241","12883, 19857","21-11, 21-11",home,KMB2010,
2020,1,1,-3,13209,1. division,Pulje 2,385461,2 19-09-2020,2. MD,2,MD,KMB2010,Holte,"Steve Olesen, Freja Ravn","Martin Heissel, Pernille Harder","58926, 369","13678, 11516","21-15, 21-17",home,KMB2010,
2020,1,1,-3,13209,1. division,Pulje 2,385461,2 19-09-2020,1. DS,1,DS,KMB2010,Holte,Michelle Andersen,Katerina Tomalova (EU),79299,317457,"8-21, 9-21",away,Holte,
2020,1,1,-3,13209,1. division,Pulje 2,385461,2 19-09-2020,2. DS,2,DS,KMB2010,Holte,Mathilde Nexmann Larsen,Helene Misser-Pedersen,89145,81509,"19-21, 15-21",away,Holte,
2020,1,1,-3,13209,1. division,Pulje 2,385461,2 19-09-2020,1. HS,1,HS,KMB2010,Holte,Joran Kweekel (EU),Anders Boesen,317469,10905,"21-9, 13-7",home,KMB2010,K
2020,1,1,-3,13209,1. division,Pulje 2,385461,2 19-09-2020,2. HS,2,HS,KMB2010,Holte,Flemming Quach,Carsten Loesch,47783,9376,"21-13, 21-6",home,KMB2010,
2020,1,1,-3,13209,1. division,Pulje 2,385461,2 19-09-2020,1. DD,1,DD,KMB2010,Holte,"Michelle Andersen, Mathilde Nexmann Larsen","Marie Røpke, Pernille Harder","79299, 89145","19857, 11516","10-21, 11-21",away,Holte,
2020,1,1,-3,13209,1. division,Pulje 2,385461,2 19-09-2020,1. HD,1,HD,KMB2010,Holte,"Joran Kweekel (EU), Steve Olesen","Dennis Schmidt Jensen, Anders Boesen","317469, 58926","12883, 10905",0-0,home,KMB2010,K
2020,1,1,-3,13209,1. division,Pulje 2,385461,2 19-09-2020,2. HD,2,HD,KMB2010,Holte,"Mads Emil Christensen, Flemming Quach","Carsten Loesch, Martin Heissel","79846, 47783","9376, 13678","21-9, 21-9",home,KMB2010,
2020,1,1,-3,13209,1. division,Pulje 2,385462,3 03-10-2020,1. MD,1,MD,Hvidovre,Lillerød,"Sebastian Bugtrup, Mette Werge","David Brandt, Maria Thaysen","71836, 115862","94651, 78699","21-13, 18-21, 17-21",away,Lillerød,
2020,1,1,-3,13209,1. division,Pulje 2,385462,3 03-10-2020,2. MD,2,MD,Hvidovre,Lillerød,"Patrick Buhl, Iben Bergstein","Nicolai Worm Carlsen, Ann Nielsen","59366, 68181","70528, 10042","17-21, 26-24, 16-21",away,Lillerød,
2020,1,1,-3,13209,1. division,Pulje 2,385462,3 03-10-2020,1. DS,1,DS,Hvidovre,Lillerød,Iben Bergstein,Sofie Nielsen,68181,86817,"21-17, 21-16",home,Hvidovre,
2020,1,1,-3,13209,1. division,Pulje 2,385462,3 03-10-2020,2. DS,2,DS,Hvidovre,Lillerød,Anna Siess Ryberg,Frederikke Nielsen,3300,212929,"18-21, 21-18, 23-21",home,Hvidovre,
2020,1,1,-3,13209,1. division,Pulje 2,385462,3 03-10-2020,1. HS,1,HS,Hvidovre,Lillerød,Christian Lind Thomsen,Jonas Jæger,14388,693,"21-9, 21-17",home,Hvidovre,
2020,1,1,-3,13209,1. division,Pulje 2,385462,3 03-10-2020,2. HS,2,HS,Hvidovre,Lillerød,Nicolaj J. Wolf,Kian Andersen,2510,44736,"21-13, 21-15",home,Hvidovre,
2020,1,1,-3,13209,1. division,Pulje 2,385462,3 03-10-2020,1. DD,1,DD,Hvidovre,Lillerød,"Anna Siess Ryberg, Mette Werge","Maria Thaysen, Sofie Nielsen","3300, 115862","78699, 86817","16-21, 19-21",away,Lillerød,
2020,1,1,-3,13209,1. division,Pulje 2,385462,3 03-10-2020,1. HD,1,HD,Hvidovre,Lillerød,"Patrick Buhl, Sebastian Bugtrup","Nicolai Worm Carlsen, Kian Andersen","59366, 71836","70528, 44736","21-12, 20-22, 22-20",home,Hvidovre,
2020,1,1,-3,13209,1. division,Pulje 2,385462,3 03-10-2020,2. HD,2,HD,Hvidovre,Lillerød,"Christian Lind Thomsen, Nicolaj J. Wolf","David Brandt, Jonas Jæger","14388, 2510","94651, 693","19-21, 15-21",away,Lillerød,
2020,1,1,-3,13209,1. division,Pulje 2,385463,3 03-10-2020,1. MD,1,MD,KMB2010,Hillerød,"Mads Emil Christensen, Christine Busch Andreasen","Rasmus Andreasen, Emma Igel","79846, 2241","76200, 93968","21-11, 21-12",home,KMB2010,
2020,1,1,-3,13209,1. division,Pulje 2,385463,3 03-10-2020,2. MD,2,MD,KMB2010,Hillerød,"Steve Olesen, Freja Ravn","Emil Poulsen, Julie Messerschmidt","58926, 369","22470, 56461","21-16, 17-21, 21-17",home,KMB2010,
2020,1,1,-3,13209,1. division,Pulje 2,385463,3 03-10-2020,1. DS,1,DS,KMB2010,Hillerød,Anne Marie Sørensen,Sofie Karmann,12545,234461,"21-23, 21-19, 9-21",away,Hillerød,
2020,1,1,-3,13209,1. division,Pulje 2,385463,3 03-10-2020,2. DS,2,DS,KMB2010,Hillerød,Mathilde Nexmann Larsen,Julie Messerschmidt,89145,56461,"11-21, 19-21",away,Hillerød,
2020,1,1,-3,13209,1. division,Pulje 2,385463,3 03-10-2020,1. HS,1,HS,KMB2010,Hillerød,Joran Kweekel (EU),Kaj Lü,317469,74633,"21-9, 21-10",home,KMB2010,
2020,1,1,-3,13209,1. division,Pulje 2,385463,3 03-10-2020,2. HS,2,HS,KMB2010,Hillerød,Rasmus Rylander,Peter Rasmussen,69929,10313,"21-17, 18-21, 21-12",home,KMB2010,
2020,1,1,-3,13209,1. division,Pulje 2,385463,3 03-10-2020,1. DD,1,DD,KMB2010,Hillerød,"Christine Busch Andreasen, Freja Ravn","Emma Igel, Sofie Karmann","2241, 369","93968, 234461","21-10, 21-10",home,KMB2010,
2020,1,1,-3,13209,1. division,Pulje 2,385463,3 03-10-2020,1. HD,1,HD,KMB2010,Hillerød,"Joran Kweekel (EU), Steve Olesen","Emil Poulsen, Kaj Lü","317469, 58926","22470, 74633","18-21, 21-13, 21-14",home,KMB2010,
2020,1,1,-3,13209,1. division,Pulje 2,385463,3 03-10-2020,2. HD,2,HD,KMB2010,Hillerød,"Mads Emil Christensen, Rasmus Rylander","Rasmus Andreasen, Peter Rasmussen","79846, 69929","76200, 10313",,home,KMB2010,K
2020,1,1,-3,13209,1. division,Pulje 2,385464,3 03-10-2020,1. MD,1,MD,Holte,Solrød Strand 2,"Dennis Schmidt Jensen, Marie Røpke","Emil Hybel, Elisa Melgaard","12883, 19857","84145, 85664","10-21, 18-21",away,Solrød Strand 2,
2020,1,1,-3,13209,1. division,Pulje 2,385464,3 03-10-2020,2. MD,2,MD,Holte,Solrød Strand 2,"Michael Lamp, Pernille Harder","Rasmus Prasz Espersen, Amalie Cecilie Kudsk","11622, 11516","2346, 132196","22-20, 18-21, 20-22",away,Solrød Strand 2,
2020,1,1,-3,13209,1. division,Pulje 2,385464,3 03-10-2020,1. DS,1,DS,Holte,Solrød Strand 2,Helene Misser-Pedersen,Anna Bygum,81509,1616,"20-22, 15-21",away,Solrød Strand 2,
2020,1,1,-3,13209,1. division,Pulje 2,385464,3 03-10-2020,2. DS,2,DS,Holte,Solrød Strand 2,Rebecca Nymann Marxen,Sarah Frederikke Vishart,166824,360,"17-21, 13-21",away,Solrød Strand 2,
2020,1,1,-3,13209,1. division,Pulje 2,385464,3 03-10-2020,1. HS,1,HS,Holte,Solrød Strand 2,Tristan Enkebølle Nielsen,Patrick Seitzberg Abildgaard,156057,80754,"16-21, 9-21",away,Solrød Strand 2,
2020,1,1,-3,13209,1. division,Pulje 2,385464,3 03-10-2020,2. HS,2,HS,Holte,Solrød Strand 2,Carsten Loesch,Christoffer Elbrønd,9376,85566,"16-21, 14-21",away,Solrød Strand 2,
2020,1,1,-3,13209,1. division,Pulje 2,385464,3 03-10-2020,1. DD,1,DD,Holte,Solrød Strand 2,"Marie Røpke, Pernille Harder","Elisa Melgaard, Amalie Cecilie Kudsk","19857, 11516","85664, 132196",,away,Solrød Strand 2,S
2020,1,1,-3,13209,1. division,Pulje 2,385464,3 03-10-2020,1. HD,1,HD,Holte,Solrød Strand 2,"Dennis Schmidt Jensen, Michael Lamp","Emil Hybel, Rasmus Prasz Espersen","12883, 11622","84145, 2346","21-18, 17-21, 21-18",home,Holte,
2020,1,1,-3,13209,1. division,Pulje 2,385464,3 03-10-2020,2. HD,2,HD,Holte,Solrød Strand 2,"Tristan Enkebølle Nielsen, Carsten Loesch","Christoffer Elbrønd, Patrick Seitzberg Abildgaard","156057, 9376","85566, 80754","7-21, 13-21",away,Solrød Strand 2,
2020,1,1,-3,13209,1. division,Pulje 2,385465,3 03-10-2020,1. MD,1,MD,Lyngby,Greve 2,"Andreas Kjær Hansen, Cille Nielsen","David Daugaard, Moa Sjöö (EU)","75004, 83730","65640, 79926","22-24, 13-21",away,Greve 2,
2020,1,1,-3,13209,1. division,Pulje 2,385465,3 03-10-2020,2. MD,2,MD,Lyngby,Greve 2,"Sebastian Strarup Sørensen, Maja Rindshøj","Mikkel Delbo Larsen, Tilda Sjöö (EU)","86570, 79177","14439, 197734","21-16, 21-15",home,Lyngby,
2020,1,1,-3,13209,1. division,Pulje 2,385465,3 03-10-2020,1. DS,1,DS,Lyngby,Greve 2,Caroline Gate (EU),Amalie Hertz,73485,80364,"16-21, 13-21",away,Greve 2,
2020,1,1,-3,13209,1. division,Pulje 2,385465,3 03-10-2020,2. DS,2,DS,Lyngby,Greve 2,Marie Falk,Annemarie Hertz Hansen,78791,91489,"21-18, 9-21, 17-21",away,Greve 2,
2020,1,1,-3,13209,1. division,Pulje 2,385465,3 03-10-2020,1. HS,1,HS,Lyngby,Greve 2,Michael Svejsø,Jonas Kudsk,55896,115748,"21-16, 19-21, 21-16",home,Lyngby,
2020,1,1,-3,13209,1. division,Pulje 2,385465,3 03-10-2020,2. HS,2,HS,Lyngby,Greve 2,Philip Brandt,Jeppe Søby Hansen,81258,3319,"24-22, 11-21, 10-21",away,Greve 2,
2020,1,1,-3,13209,1. division,Pulje 2,385465,3 03-10-2020,1. DD,1,DD,Lyngby,Greve 2,"Maja Rindshøj, Caroline Gate (EU)","Tilda Sjöö (EU), Moa Sjöö (EU)","79177, 73485","197734, 79926","21-16, 21-12",home,Lyngby,
2020,1,1,-3,13209,1. division,Pulje 2,385465,3 03-10-2020,1. HD,1,HD,Lyngby,Greve 2,"Michael Svejsø, Andreas Kjær Hansen","David Daugaard, Jeppe Søby Hansen","55896, 75004","65640, 3319","21-15, 21-14",home,Lyngby,
2020,1,1,-3,13209,1. division,Pulje 2,385465,3 03-10-2020,2. HD,2,HD,Lyngby,Greve 2,"Sebastian Strarup Sørensen, Philip Brandt","Mikkel Delbo Larsen, Jonas Kudsk","86570, 81258","14439, 115748","21-19, 13-21, 21-11",home,Lyngby,
2020,1,1,-3,13209,1. division,Pulje 2,385466,4 24-10-2020,1. MD,1,MD,Hillerød,Hvidovre,"Rasmus Andreasen, Emma Igel","Patrick Buhl, Mette Werge","76200, 93968","59366, 115862","10-21, 17-21",away,Hvidovre,
2020,1,1,-3,13209,1. division,Pulje 2,385466,4 24-10-2020,2. MD,2,MD,Hillerød,Hvidovre,"Emil Poulsen, Julie Messerschmidt","Oliver Lau Andersen, Iben Bergstein","22470, 56461","85007, 68181","8-21, 11-21",away,Hvidovre,
2020,1,1,-3,13209,1. division,Pulje 2,385466,4 24-10-2020,1. DS,1,DS,Hillerød,Hvidovre,Sofie Karmann,Iben Bergstein,234461,68181,"21-18, 19-21, 10-21",away,Hvidovre,
2020,1,1,-3,13209,1. division,Pulje 2,385466,4 24-10-2020,2. DS,2,DS,Hillerød,Hvidovre,Julie Messerschmidt,Anna Siess Ryberg,56461,3300,"13-21, 11-21",away,Hvidovre,
2020,1,1,-3,13209,1. division,Pulje 2,385466,4 24-10-2020,1. HS,1,HS,Hillerød,Hvidovre,Kaj Lü,Lakshya Sen,74633,317764,"11-21, 17-21",away,Hvidovre,
2020,1,1,-3,13209,1. division,Pulje 2,385466,4 24-10-2020,2. HS,2,HS,Hillerød,Hvidovre,Peter Rasmussen,Christian Lind Thomsen,10313,14388,,away,Hvidovre,(2)
2020,1,1,-3,13209,1. division,Pulje 2,385466,4 24-10-2020,1. DD,1,DD,Hillerød,Hvidovre,"Sofie Karmann, Emma Igel","Anna Siess Ryberg, Mette Werge","234461, 93968","3300, 115862","15-21, 11-21",away,Hvidovre,
2020,1,1,-3,13209,1. division,Pulje 2,385466,4 24-10-2020,1. HD,1,HD,Hillerød,Hvidovre,"Emil Poulsen, Kaj Lü","Patrick Buhl, Christian Lind Thomsen","22470, 74633","59366, 14388","16-21, 14-21",away,Hvidovre,
2020,1,1,-3,13209,1. division,Pulje 2,385466,4 24-10-2020,2. HD,2,HD,Hillerød,Hvidovre,"Rasmus Andreasen, Peter Rasmussen","Oliver Lau Andersen, Lakshya Sen","76200, 10313","85007, 317764",,away,Hvidovre,(2)
2020,1,1,-3,13209,1. division,Pulje 2,385467,4 24-10-2020,1. MD,1,MD,Solrød Strand 2,KMB2010,"Emil Hybel, Amalie Cecilie Kudsk","Mads Emil Christensen, Christine Busch Andreasen","84145, 132196","79846, 2241","14-21, 21-18, 21-14",home,Solrød Strand 2,
2020,1,1,-3,13209,1. division,Pulje 2,385467,4 24-10-2020,2. MD,2,MD,Solrød Strand 2,KMB2010,"Rasmus Prasz Espersen, Joan Christiansen","Steve Olesen, Freja Ravn","2346, 22440","58926, 369","21-16, 21-19",home,Solrød Strand 2,
2020,1,1,-3,13209,1. division,Pulje 2,385467,4 24-10-2020,1. DS,1,DS,Solrød Strand 2,KMB2010,Anna Bygum,Anne Marie Sørensen,1616,12545,"21-14, 12-21, 20-22",away,KMB2010,
2020,1,1,-3,13209,1. division,Pulje 2,385467,4 24-10-2020,2. DS,2,DS,Solrød Strand 2,KMB2010,Sarah Frederikke Vishart,Mathilde Nexmann Larsen,360,89145,"21-14, 21-15",home,Solrød Strand 2,
2020,1,1,-3,13209,1. division,Pulje 2,385467,4 24-10-2020,1. HS,1,HS,Solrød Strand 2,KMB2010,Patrick Seitzberg Abildgaard,Joran Kweekel (EU),80754,317469,,away,KMB2010,K
2020,1,1,-3,13209,1. division,Pulje 2,385467,4 24-10-2020,2. HS,2,HS,Solrød Strand 2,KMB2010,Theis Christiansen,Philip Pavlowski Pedersen,14178,33519,"21-16, 21-9",home,Solrød Strand 2,
2020,1,1,-3,13209,1. division,Pulje 2,385467,4 24-10-2020,1. DD,1,DD,Solrød Strand 2,KMB2010,"Joan Christiansen, Amalie Cecilie Kudsk","Christine Busch Andreasen, Freja Ravn","22440, 132196","2241, 369","13-21, 22-24",away,KMB2010,
2020,1,1,-3,13209,1. division,Pulje 2,385467,4 24-10-2020,1. HD,1,HD,Solrød Strand 2,KMB2010,"Emil Hybel, Rasmus Prasz Espersen","Joran Kweekel (EU), Steve Olesen","84145, 2346","317469, 58926","14-21, 18-21",away,KMB2010,
2020,1,1,-3,13209,1. division,Pulje 2,385467,4 24-10-2020,2. HD,2,HD,Solrød Strand 2,KMB2010,"Theis Christiansen, Marcus Rindshøj","Philip Pavlowski Pedersen, Mads Emil Christensen","14178, 3198","33519, 79846","24-22, 24-22",home,Solrød Strand 2,
2020,1,1,-3,13209,1. division,Pulje 2,385468,4 24-10-2020,1. MD,1,MD,Greve 2,Holte,"Mikkel Delbo Larsen, Tilda Sjöö (EU)","Michael Lamp, Pernille Harder","14439, 197734","11622, 11516","21-13, 10-14",home,Greve 2,G
2020,1,1,-3,13209,1. division,Pulje 2,385468,4 24-10-2020,2. MD,2,MD,Greve 2,Holte,"Michael Rasmussen, Moa Sjöö (EU)","Dennis Schmidt Jensen, Marie Røpke","42503, 79926","12883, 19857","14-21, 19-21",away,Holte,
2020,1,1,-3,13209,1. division,Pulje 2,385468,4 24-10-2020,1. DS,1,DS,Greve 2,Holte,Amalie Hertz,Katerina Tomalova (EU),80364,317457,"26-28, 21-18, 21-17",home,Greve 2,
2020,1,1,-3,13209,1. division,Pulje 2,385468,4 24-10-2020,2. DS,2,DS,Greve 2,Holte,Annemarie Hertz Hansen,Helene Misser-Pedersen,91489,81509,"21-16, 21-15",home,Greve 2,
2020,1,1,-3,13209,1. division,Pulje 2,385468,4 24-10-2020,1. HS,1,HS,Greve 2,Holte,Victor Popp Henriksen,Kasper Ipsen,86924,14197,"15-21, 14-21",away,Holte,
2020,1,1,-3,13209,1. division,Pulje 2,385468,4 24-10-2020,2. HS,2,HS,Greve 2,Holte,Jonas Kudsk,Henrik Stumpe,115748,12873,"16-21, 21-9, 21-4",home,Greve 2,
2020,1,1,-3,13209,1. division,Pulje 2,385468,4 24-10-2020,1. DD,1,DD,Greve 2,Holte,"Moa Sjöö (EU), Tilda Sjöö (EU)","Marie Røpke, Katerina Tomalova (EU)","79926, 197734","19857, 317457","21-11, 21-14",home,Greve 2,
2020,1,1,-3,13209,1. division,Pulje 2,385468,4 24-10-2020,1. HD,1,HD,Greve 2,Holte,"Victor Popp Henriksen, Mikkel Delbo Larsen","Michael Lamp, Dennis Schmidt Jensen","86924, 14439","11622, 12883",,home,Greve 2,G
2020,1,1,-3,13209,1. division,Pulje 2,385468,4 24-10-2020,2. HD,2,HD,Greve 2,Holte,"Michael Rasmussen, Jonas Kudsk","Kasper Ipsen, Henrik Stumpe","42503, 115748","14197, 12873","18-21, 21-14, 14-21",away,Holte,
2020,1,1,-3,13209,1. division,Pulje 2,385469,4 24-10-2020,1. MD,1,MD,Lillerød,Lyngby,"David Brandt, Maria Thaysen","Sebastian Strarup Sørensen, Maja Rindshøj","94651, 78699","86570, 79177","21-15, 21-18",home,Lillerød,
2020,1,1,-3,13209,1. division,Pulje 2,385469,4 24-10-2020,2. MD,2,MD,Lillerød,Lyngby,"Nicolai Worm Carlsen, Ann Nielsen","Andreas Kjær Hansen, Cille Nielsen","70528, 10042","75004, 83730","19-21, 21-16, 21-14",home,Lillerød,
2020,1,1,-3,13209,1. division,Pulje 2,385469,4 24-10-2020,1. DS,1,DS,Lillerød,Lyngby,Emilie Sotnes Hamang (EU),Caroline Gate (EU),324814,73485,"21-14, 10-21, 0-8",away,Lyngby,(2)
2020,1,1,-3,13209,1. division,Pulje 2,385469,4 24-10-2020,2. DS,2,DS,Lillerød,Lyngby,Sofie Nielsen,Marie Falk,86817,78791,"15-21, 21-16, 16-21",away,Lyngby,
2020,1,1,-3,13209,1. division,Pulje 2,385469,4 24-10-2020,1. HS,1,HS,Lillerød,Lyngby,Jonas Jæger,Michael Svejsø,693,55896,"21-18, 7-21, 19-21",away,Lyngby,
2020,1,1,-3,13209,1. division,Pulje 2,385469,4 24-10-2020,2. HS,2,HS,Lillerød,Lyngby,Kian Andersen,Philip Brandt,44736,81258,"19-21, 22-20, 21-17",home,Lillerød,
2020,1,1,-3,13209,1. division,Pulje 2,385469,4 24-10-2020,1. DD,1,DD,Lillerød,Lyngby,"Maria Thaysen, Sofie Nielsen","Caroline Gate (EU), Maja Rindshøj","78699, 86817","73485, 79177","21-15, 21-18",home,Lillerød,
2020,1,1,-3,13209,1. division,Pulje 2,385469,4 24-10-2020,1. HD,1,HD,Lillerød,Lyngby,"Nicolai Worm Carlsen, Kian Andersen","Philip Brandt, Sebastian Strarup Sørensen","70528, 44736","81258, 86570","21-10, 21-12",home,Lillerød,
2020,1,1,-3,13209,1. division,Pulje 2,385469,4 24-10-2020,2. HD,2,HD,Lillerød,Lyngby,"David Brandt, Jonas Jæger","Michael Svejsø, Andreas Kjær Hansen","94651, 693","55896, 75004","21-14, 21-19",home,Lillerød,
2020,1,1,-3,13212,2. division,Pulje 1,385482,1 05-09-2020,1. MD,1,MD,Aabenraa,Kolding BK 2,"Jesper Thomsen, Iza Šalehar (EU)","Claus Vagner Pedersen, Sofie Høyer","10398, 251050","13102, 2527","23-21, 14-21, 21-17",home,Aabenraa,
2020,1,1,-3,13212,2. division,Pulje 1,385482,1 05-09-2020,2. MD,2,MD,Aabenraa,Kolding BK 2,"Jonas Eilskov Jessen, Amalie A. Frihagen","Lasse Nielsen, Sophie Jørgensen","77127, 94550","206978, 92008","21-17, 21-11",home,Aabenraa,
2020,1,1,-3,13212,2. division,Pulje 1,385482,1 05-09-2020,1. DS,1,DS,Aabenraa,Kolding BK 2,Amy Tan,Lærke Thomsen,320144,197068,"19-21, 21-23",away,Kolding BK 2,
2020,1,1,-3,13212,2. division,Pulje 1,385482,1 05-09-2020,2. DS,2,DS,Aabenraa,Kolding BK 2,Kamma Lerdrup Foged,Anne Sofie Locht,75131,116038,"12-21, 15-21",away,Kolding BK 2,
2020,1,1,-3,13212,2. division,Pulje 1,385482,1 05-09-2020,1. HS,1,HS,Aabenraa,Kolding BK 2,Milan Dratva (EU),Jacob Petersen,282099,33391,"21-16, 21-8",home,Aabenraa,
2020,1,1,-3,13212,2. division,Pulje 1,385482,1 05-09-2020,2. HS,2,HS,Aabenraa,Kolding BK 2,Cristian Savin (EU),Georg Borup Friberg,324976,2213,"21-13, 21-18",home,Aabenraa,
2020,1,1,-3,13212,2. division,Pulje 1,385482,1 05-09-2020,3. HS,3,HS,Aabenraa,Kolding BK 2,Frederik Sangtong,Jonas Oxlund Segato,86760,1221,"16-21, 21-19, 21-15",home,Aabenraa,
2020,1,1,-3,13212,2. division,Pulje 1,385482,1 05-09-2020,4. HS,4,HS,Aabenraa,Kolding BK 2,Rune Nørgaard Jensen,Jeppe Helenius,21134,92848,"7-21, 12-21",away,Kolding BK 2,
2020,1,1,-3,13212,2. division,Pulje 1,385482,1 05-09-2020,1. DD,1,DD,Aabenraa,Kolding BK 2,"Amy Tan, Iza Šalehar (EU)","Lærke Thomsen, Anne Sofie Locht","320144, 251050","197068, 116038","14-21, 10-21",away,Kolding BK 2,
2020,1,1,-3,13212,2. division,Pulje 1,385482,1 05-09-2020,2. DD,2,DD,Aabenraa,Kolding BK 2,"Kamma Lerdrup Foged, Amalie A. Frihagen","Sofie Høyer, Sophie Jørgensen","75131, 94550","2527, 92008","11-21, 17-21",away,Kolding BK 2,
2020,1,1,-3,13212,2. division,Pulje 1,385482,1 05-09-2020,1. HD,1,HD,Aabenraa,Kolding BK 2,"Milan Dratva (EU), Jesper Thomsen","Claus Vagner Pedersen, Jacob Petersen","282099, 10398","13102, 33391","21-18, 21-10",home,Aabenraa,
2020,1,1,-3,13212,2. division,Pulje 1,385482,1 05-09-2020,2. HD,2,HD,Aabenraa,Kolding BK 2,"Jonas Eilskov Jessen, Cristian Savin (EU)","Lasse Nielsen, Jeppe Helenius","77127, 324976","206978, 92848","21-8, 21-19",home,Aabenraa,
2020,1,1,-3,13212,2. division,Pulje 1,385482,1 05-09-2020,3. HD,3,HD,Aabenraa,Kolding BK 2,"Frederik Sangtong, Rune Nørgaard Jensen","Georg Borup Friberg, Jonas Oxlund Segato","86760, 21134","2213, 1221","16-21, 21-18, 21-17",home,Aabenraa,
2020,1,1,-3,13212,2. division,Pulje 1,385483,1 05-09-2020,1. MD,1,MD,Lillerød 2,Odense OBK 2,"Loui Kjær Kjellberg, Emilie Erikson","Oliver Thomsen, Emilia Nesic","87957, 2390","84411, 3294","21-19, 26-24",home,Lillerød 2,
2020,1,1,-3,13212,2. division,Pulje 1,385483,1 05-09-2020,2. MD,2,MD,Lillerød 2,Odense OBK 2,"Nikolaj Mangor, Sara Runesten Hansen","Oliver Gram, Lia Šalehar (EU)","165014, 10620","88326, 251051","16-21, 21-16, 18-21",away,Odense OBK 2,
2020,1,1,-3,13212,2. division,Pulje 1,385483,1 05-09-2020,1. DS,1,DS,Lillerød 2,Odense OBK 2,Signe Ghodt,Lærke Tolstrup Hvid,156793,230360,"7-21, 12-21",away,Odense OBK 2,
2020,1,1,-3,13212,2. division,Pulje 1,385483,1 05-09-2020,2. DS,2,DS,Lillerød 2,Odense OBK 2,Isabell Christensen,Kathrine Gaarde,234463,83647,"21-17, 21-18",home,Lillerød 2,
2020,1,1,-3,13212,2. division,Pulje 1,385483,1 05-09-2020,1. HS,1,HS,Lillerød 2,Odense OBK 2,Mikkel Toft,Magnus Klinggaard Andersen,83167,155869,"6-21, 16-21",away,Odense OBK 2,
2020,1,1,-3,13212,2. division,Pulje 1,385483,1 05-09-2020,2. HS,2,HS,Lillerød 2,Odense OBK 2,Alexander Pedersen,Simon Normann,164952,71801,"17-21, 21-13, 21-18",home,Lillerød 2,
2020,1,1,-3,13212,2. division,Pulje 1,385483,1 05-09-2020,3. HS,3,HS,Lillerød 2,Odense OBK 2,Oliver Skovbo Larsen,Jonathan Tang,164718,62892,"21-9, 21-19",home,Lillerød 2,
2020,1,1,-3,13212,2. division,Pulje 1,385483,1 05-09-2020,4. HS,4,HS,Lillerød 2,Odense OBK 2,Philip Olah,Tobias Spillemose,197330,225852,"21-15, 18-21, 19-21",away,Odense OBK 2,
2020,1,1,-3,13212,2. division,Pulje 1,385483,1 05-09-2020,1. DD,1,DD,Lillerød 2,Odense OBK 2,"Emilie Erikson, Sara Runesten Hansen","Emilia Nesic, Lia Šalehar (EU)","2390, 10620","3294, 251051","13-21, 15-21",away,Odense OBK 2,
2020,1,1,-3,13212,2. division,Pulje 1,385483,1 05-09-2020,2. DD,2,DD,Lillerød 2,Odense OBK 2,"Signe Ghodt, Isabell Christensen","Kathrine Gaarde, Lærke Tolstrup Hvid","156793, 234463","83647, 230360","17-21, 21-15, 18-21",away,Odense OBK 2,
2020,1,1,-3,13212,2. division,Pulje 1,385483,1 05-09-2020,1. HD,1,HD,Lillerød 2,Odense OBK 2,"Alexander Pedersen, Oliver Skovbo Larsen","Oliver Gram, Tobias Spillemose","164952, 164718","88326, 225852","19-21, 21-17, 22-24",away,Odense OBK 2,
2020,1,1,-3,13212,2. division,Pulje 1,385483,1 05-09-2020,2. HD,2,HD,Lillerød 2,Odense OBK 2,"Loui Kjær Kjellberg, Philip Olah","Simon Normann, Oliver Thomsen","87957, 197330","71801, 84411","17-21, 21-18, 13-21",away,Odense OBK 2,
2020,1,1,-3,13212,2. division,Pulje 1,385483,1 05-09-2020,3. HD,3,HD,Lillerød 2,Odense OBK 2,"Nikolaj Mangor, Mikkel Toft","Magnus Klinggaard Andersen, Jonathan Tang","165014, 83167","155869, 62892","21-17, 12-21, 21-17",home,Lillerød 2,
2020,1,1,-3,13212,2. division,Pulje 1,385484,1 05-09-2020,1. MD,1,MD,Aalborg Triton 2,Aarhus AB 2,"Mads Gadegaard, Mathilde Bjergen","Jeppe Bruun Christensen, Cecilie Bjergen","83208, 80867","78581, 69237","21-19, 21-17",home,Aalborg Triton 2,
2020,1,1,-3,13212,2. division,Pulje 1,385484,1 05-09-2020,2. MD,2,MD,Aalborg Triton 2,Aarhus AB 2,"Anton Nexø, Lise Jacobsen","Marc Storm Andersen, Karoline Synnestvedt","71634, 12508","63667, 75713","21-13, 18-21, 21-9",home,Aalborg Triton 2,
2020,1,1,-3,13212,2. division,Pulje 1,385484,1 05-09-2020,1. DS,1,DS,Aalborg Triton 2,Aarhus AB 2,Nikoline Søndergaard Laugesen,Stine Skovbo Jakobsen,179989,76276,"19-21, 17-21",away,Aarhus AB 2,
2020,1,1,-3,13212,2. division,Pulje 1,385484,1 05-09-2020,2. DS,2,DS,Aalborg Triton 2,Aarhus AB 2,Ida Janum Riis,Emma Kjærsfeldt,93197,81034,"22-20, 21-19",home,Aalborg Triton 2,
2020,1,1,-3,13212,2. division,Pulje 1,385484,1 05-09-2020,1. HS,1,HS,Aalborg Triton 2,Aarhus AB 2,Victor Nexø,Rasmus Grill Noes,267,62639,"21-18, 21-11",home,Aalborg Triton 2,
2020,1,1,-3,13212,2. division,Pulje 1,385484,1 05-09-2020,2. HS,2,HS,Aalborg Triton 2,Aarhus AB 2,Malthe Mølbjerg Nielsen,Jakob Godt Hansen,3008,83051,"21-19, 11-21, 18-21",away,Aarhus AB 2,
2020,1,1,-3,13212,2. division,Pulje 1,385484,1 05-09-2020,3. HS,3,HS,Aalborg Triton 2,Aarhus AB 2,Christoffer Geisler,Rasmus Carøe Christensen,64430,54565,"9-21, 14-21",away,Aarhus AB 2,
2020,1,1,-3,13212,2. division,Pulje 1,385484,1 05-09-2020,4. HS,4,HS,Aalborg Triton 2,Aarhus AB 2,Frederik Bjergen,Andreas Als,80865,86405,"21-17, 17-21, 16-21",away,Aarhus AB 2,
2020,1,1,-3,13212,2. division,Pulje 1,385484,1 05-09-2020,1. DD,1,DD,Aalborg Triton 2,Aarhus AB 2,"Mathilde Bjergen, Nikoline Søndergaard Laugesen","Karoline Synnestvedt, Cecilie Bjergen","80867, 179989","75713, 69237","21-15, 7-21, 19-21",away,Aarhus AB 2,
2020,1,1,-3,13212,2. division,Pulje 1,385484,1 05-09-2020,2. DD,2,DD,Aalborg Triton 2,Aarhus AB 2,"Lise Jacobsen, Ida Janum Riis","Stine Skovbo Jakobsen, Emma Kjærsfeldt","12508, 93197","76276, 81034","19-21, 11-21",away,Aarhus AB 2,
2020,1,1,-3,13212,2. division,Pulje 1,385484,1 05-09-2020,1. HD,1,HD,Aalborg Triton 2,Aarhus AB 2,"Mads Gadegaard, Malthe Mølbjerg Nielsen","Jakob Godt Hansen, Jeppe Bruun Christensen","83208, 3008","83051, 78581","21-18, 19-21, 21-16",home,Aalborg Triton 2,
2020,1,1,-3,13212,2. division,Pulje 1,385484,1 05-09-2020,2. HD,2,HD,Aalborg Triton 2,Aarhus AB 2,"Anton Nexø, Victor Nexø","Rasmus Carøe Christensen, Rasmus Grill Noes","71634, 267","54565, 62639","21-19, 21-19",home,Aalborg Triton 2,
2020,1,1,-3,13212,2. division,Pulje 1,385484,1 05-09-2020,3. HD,3,HD,Aalborg Triton 2,Aarhus AB 2,"Christoffer Geisler, Frederik Bjergen","Marc Storm Andersen, Andreas Als","64430, 80865","63667, 86405","14-21, 18-21",away,Aarhus AB 2,
2020,1,1,-3,13212,2. division,Pulje 1,385485,1 05-09-2020,1. MD,1,MD,Ikast 2,Højbjerg 3,"Rasmus Kæseler, Emilie Bønlykke Faarborg","Tobias Suder, Marie Louise Steffensen","85702, 2230","73845, 76084","16-21, 24-22, 17-21",away,Højbjerg 3,
2020,1,1,-3,13212,2. division,Pulje 1,385485,1 05-09-2020,2. MD,2,MD,Ikast 2,Højbjerg 3,"Joakim Vahlkvist, Emma Irring Braüner","Niels Chr. Blittrup, Clara Løber","89561, 212583","13940, 93196","19-21, 21-12, 15-21",away,Højbjerg 3,
2020,1,1,-3,13212,2. division,Pulje 1,385485,1 05-09-2020,1. DS,1,DS,Ikast 2,Højbjerg 3,Ellen Møldrup,Sofie Futtrup,171118,64812,"19-21, 12-21",away,Højbjerg 3,
2020,1,1,-3,13212,2. division,Pulje 1,385485,1 05-09-2020,2. DS,2,DS,Ikast 2,Højbjerg 3,Emilie Ravn,Filippa Thyberg,178763,2740,"21-13, 16-21, 21-19",home,Ikast 2,
2020,1,1,-3,13212,2. division,Pulje 1,385485,1 05-09-2020,1. HS,1,HS,Ikast 2,Højbjerg 3,Mathias Solgaard,Lasse Brund,3032,82039,"22-20, 21-8",home,Ikast 2,
2020,1,1,-3,13212,2. division,Pulje 1,385485,1 05-09-2020,2. HS,2,HS,Ikast 2,Højbjerg 3,Nicklas Scott Larsen,Jakob Houe Andersen,87502,156109,"10-21, 17-21",away,Højbjerg 3,
2020,1,1,-3,13212,2. division,Pulje 1,385485,1 05-09-2020,3. HS,3,HS,Ikast 2,Højbjerg 3,Benjamin Illum Klindt,Mathias Pedersen,2978,2664,"22-24, 21-16, 21-17",home,Ikast 2,
2020,1,1,-3,13212,2. division,Pulje 1,385485,1 05-09-2020,4. HS,4,HS,Ikast 2,Højbjerg 3,Nicklas Vinter Pedersen,Nikolaj Lassen,86749,132281,"21-12, 10-21, 15-21",away,Højbjerg 3,
2020,1,1,-3,13212,2. division,Pulje 1,385485,1 05-09-2020,1. DD,1,DD,Ikast 2,Højbjerg 3,"Emma Irring Braüner, Ellen Møldrup","Marie Louise Steffensen, Clara Løber","212583, 171118","76084, 93196","11-21, 13-21",away,Højbjerg 3,
2020,1,1,-3,13212,2. division,Pulje 1,385485,1 05-09-2020,2. DD,2,DD,Ikast 2,Højbjerg 3,"Emilie Ravn, Emilie Bønlykke Faarborg","Sofie Futtrup, Filippa Thyberg","178763, 2230","64812, 2740","19-21, 21-8, 21-6",home,Ikast 2,
2020,1,1,-3,13212,2. division,Pulje 1,385485,1 05-09-2020,1. HD,1,HD,Ikast 2,Højbjerg 3,"Rasmus Kæseler, Nicklas Scott Larsen","Tobias Suder, Jakob Houe Andersen","85702, 87502","73845, 156109","21-16, 21-16",home,Ikast 2,
2020,1,1,-3,13212,2. division,Pulje 1,385485,1 05-09-2020,2. HD,2,HD,Ikast 2,Højbjerg 3,"Benjamin Illum Klindt, Mathias Solgaard","Niels Chr. Blittrup, Lasse Brund","2978, 3032","13940, 82039","21-19, 21-15",home,Ikast 2,
2020,1,1,-3,13212,2. division,Pulje 1,385485,1 05-09-2020,3. HD,3,HD,Ikast 2,Højbjerg 3,"Nicklas Vinter Pedersen, Joakim Vahlkvist","Mathias Pedersen, Nikolaj Lassen","86749, 89561","2664, 132281","17-21, 17-21",away,Højbjerg 3,
2020,1,1,-3,13212,2. division,Pulje 1,385486,2 19-09-2020,1. MD,1,MD,Aarhus AB 2,Aabenraa,"Chris Olsen, Cecilie Bjergen","Jesper Thomsen, Iza Šalehar (EU)","77537, 69237","10398, 251050","9-21, 21-7, 21-18",home,Aarhus AB 2,
2020,1,1,-3,13212,2. division,Pulje 1,385486,2 19-09-2020,2. MD,2,MD,Aarhus AB 2,Aabenraa,"Marc Storm Andersen, Jenni Olesen","Jonas Eilskov Jessen, Amalie A. Frihagen","63667, 420","77127, 94550","21-15, 21-7",home,Aarhus AB 2,
2020,1,1,-3,13212,2. division,Pulje 1,385486,2 19-09-2020,1. DS,1,DS,Aarhus AB 2,Aabenraa,Stine Skovbo Jakobsen,Amy Tan,76276,320144,"22-20, 18-21, 14-21",away,Aabenraa,
2020,1,1,-3,13212,2. division,Pulje 1,385486,2 19-09-2020,2. DS,2,DS,Aarhus AB 2,Aabenraa,Emma Kjærsfeldt,Kamma Lerdrup Foged,81034,75131,"21-7, 21-7",home,Aarhus AB 2,
2020,1,1,-3,13212,2. division,Pulje 1,385486,2 19-09-2020,1. HS,1,HS,Aarhus AB 2,Aabenraa,Jakob Godt Hansen,Milan Dratva (EU),83051,282099,"15-21, 21-15, 10-21",away,Aabenraa,
2020,1,1,-3,13212,2. division,Pulje 1,385486,2 19-09-2020,2. HS,2,HS,Aarhus AB 2,Aabenraa,Rasmus Carøe Christensen,Cristian Savin (EU),54565,324976,"9-21, 11-21",away,Aabenraa,
2020,1,1,-3,13212,2. division,Pulje 1,385486,2 19-09-2020,3. HS,3,HS,Aarhus AB 2,Aabenraa,Rasmus Grill Noes,Frederik Sangtong,62639,86760,"21-19, 21-16",home,Aarhus AB 2,
2020,1,1,-3,13212,2. division,Pulje 1,385486,2 19-09-2020,4. HS,4,HS,Aarhus AB 2,Aabenraa,Frederik Æbeløe Christensen,Rune Nørgaard Jensen,89031,21134,"21-7, 21-8",home,Aarhus AB 2,
2020,1,1,-3,13212,2. division,Pulje 1,385486,2 19-09-2020,1. DD,1,DD,Aarhus AB 2,Aabenraa,"Jenni Olesen, Cecilie Bjergen","Amy Tan, Iza Šalehar (EU)","420, 69237","320144, 251050","21-14, 21-7",home,Aarhus AB 2,
2020,1,1,-3,13212,2. division,Pulje 1,385486,2 19-09-2020,2. DD,2,DD,Aarhus AB 2,Aabenraa,"Stine Skovbo Jakobsen, Emma Kjærsfeldt","Amalie A. Frihagen, Kamma Lerdrup Foged","76276, 81034","94550, 75131","21-8, 21-10",home,Aarhus AB 2,
2020,1,1,-3,13212,2. division,Pulje 1,385486,2 19-09-2020,1. HD,1,HD,Aarhus AB 2,Aabenraa,"Rasmus Carøe Christensen, Rasmus Grill Noes","Jesper Thomsen, Milan Dratva (EU)","54565, 62639","10398, 282099","16-21, 21-14, 18-21",away,Aabenraa,
2020,1,1,-3,13212,2. division,Pulje 1,385486,2 19-09-2020,2. HD,2,HD,Aarhus AB 2,Aabenraa,"Chris Olsen, Jakob Godt Hansen","Cristian Savin (EU), Jonas Eilskov Jessen","77537, 83051","324976, 77127","21-18, 21-16",home,Aarhus AB 2,
2020,1,1,-3,13212,2. division,Pulje 1,385486,2 19-09-2020,3. HD,3,HD,Aarhus AB 2,Aabenraa,"Marc Storm Andersen, Frederik Æbeløe Christensen","Rune Nørgaard Jensen, Frederik Sangtong","63667, 89031","21134, 86760","21-8, 21-17",home,Aarhus AB 2,
2020,1,1,-3,13212,2. division,Pulje 1,385487,2 19-09-2020,1. MD,1,MD,Højbjerg 3,Lillerød 2,"Tobias Suder, Gabriella Bøje","Loui Kjær Kjellberg, Emilie Erikson","73845, 78711","87957, 2390","21-10, 21-15",home,Højbjerg 3,
2020,1,1,-3,13212,2. division,Pulje 1,385487,2 19-09-2020,2. MD,2,MD,Højbjerg 3,Lillerød 2,"Morten Skrøder Bødskov, Line Nørgaard","Nikolaj Mangor, Sara Runesten Hansen","42546, 53232","165014, 10620","18-21, 21-19, 14-21",away,Lillerød 2,
2020,1,1,-3,13212,2. division,Pulje 1,385487,2 19-09-2020,1. DS,1,DS,Højbjerg 3,Lillerød 2,Filippa Thyberg,Signe Ghodt,2740,156793,"21-15, 21-13",home,Højbjerg 3,
2020,1,1,-3,13212,2. division,Pulje 1,385487,2 19-09-2020,2. DS,2,DS,Højbjerg 3,Lillerød 2,Clara Løber,Isabell Christensen,93196,234463,"21-19, 21-17",home,Højbjerg 3,
2020,1,1,-3,13212,2. division,Pulje 1,385487,2 19-09-2020,1. HS,1,HS,Højbjerg 3,Lillerød 2,Jakob Houe Andersen,Mikkel Toft,156109,83167,"21-12, 22-20",home,Højbjerg 3,
2020,1,1,-3,13212,2. division,Pulje 1,385487,2 19-09-2020,2. HS,2,HS,Højbjerg 3,Lillerød 2,Lasse Brund,Alexander Pedersen,82039,164952,"21-17, 19-21, 13-21",away,Lillerød 2,
2020,1,1,-3,13212,2. division,Pulje 1,385487,2 19-09-2020,3. HS,3,HS,Højbjerg 3,Lillerød 2,Mathias Pedersen,Oliver Skovbo Larsen,2664,164718,"17-21, 22-24",away,Lillerød 2,
2020,1,1,-3,13212,2. division,Pulje 1,385487,2 19-09-2020,4. HS,4,HS,Højbjerg 3,Lillerød 2,Nikolaj Lassen,Gustav Tolstrup,132281,88390,"21-10, 21-11",home,Højbjerg 3,
2020,1,1,-3,13212,2. division,Pulje 1,385487,2 19-09-2020,1. DD,1,DD,Højbjerg 3,Lillerød 2,"Clara Løber, Line Nørgaard","Emilie Erikson, Sara Runesten Hansen","93196, 53232","2390, 10620","15-21, 21-11, 21-19",home,Højbjerg 3,
2020,1,1,-3,13212,2. division,Pulje 1,385487,2 19-09-2020,2. DD,2,DD,Højbjerg 3,Lillerød 2,"Gabriella Bøje, Filippa Thyberg","Signe Ghodt, Isabell Christensen","78711, 2740","156793, 234463","21-15, 21-12",home,Højbjerg 3,
2020,1,1,-3,13212,2. division,Pulje 1,385487,2 19-09-2020,1. HD,1,HD,Højbjerg 3,Lillerød 2,"Jakob Houe Andersen, Tobias Suder","Alexander Pedersen, Gustav Tolstrup","156109, 73845","164952, 88390","21-10, 21-9",home,Højbjerg 3,
2020,1,1,-3,13212,2. division,Pulje 1,385487,2 19-09-2020,2. HD,2,HD,Højbjerg 3,Lillerød 2,"Morten Skrøder Bødskov, Mathias Pedersen","Loui Kjær Kjellberg, Oliver Skovbo Larsen","42546, 2664","87957, 164718","15-21, 13-21",away,Lillerød 2,
2020,1,1,-3,13212,2. division,Pulje 1,385487,2 19-09-2020,3. HD,3,HD,Højbjerg 3,Lillerød 2,"Nikolaj Lassen, Lasse Brund","Nikolaj Mangor, Mikkel Toft","132281, 82039","165014, 83167","21-15, 18-21, 21-17",home,Højbjerg 3,
2020,1,1,-3,13212,2. division,Pulje 1,385488,2 19-09-2020,1. MD,1,MD,Kolding BK 2,Aalborg Triton 2,"Claus Vagner Pedersen, Sofie Høyer","Mads Gadegaard, Gry Uhrenholt Hermansen","13102, 2527","83208, 91648","21-19, 19-21, 20-22",away,Aalborg Triton 2,
2020,1,1,-3,13212,2. division,Pulje 1,385488,2 19-09-2020,2. MD,2,MD,Kolding BK 2,Aalborg Triton 2,"Lasse Nielsen, Sophie Jørgensen","Anton Nexø, Mathilde Bjergen","206978, 92008","71634, 80867","16-21, 14-21",away,Aalborg Triton 2,
2020,1,1,-3,13212,2. division,Pulje 1,385488,2 19-09-2020,1. DS,1,DS,Kolding BK 2,Aalborg Triton 2,Lærke Thomsen,Sofie Røjkjær,197068,157149,"21-14, 21-9",home,Kolding BK 2,
2020,1,1,-3,13212,2. division,Pulje 1,385488,2 19-09-2020,2. DS,2,DS,Kolding BK 2,Aalborg Triton 2,Anne Sofie Locht,Nikoline Søndergaard Laugesen,116038,179989,"21-13, 17-21, 18-21",away,Aalborg Triton 2,
2020,1,1,-3,13212,2. division,Pulje 1,385488,2 19-09-2020,1. HS,1,HS,Kolding BK 2,Aalborg Triton 2,Alexander Æbeløe Christensen,Victor Nexø,80246,267,"23-21, 16-21, 8-21",away,Aalborg Triton 2,
2020,1,1,-3,13212,2. division,Pulje 1,385488,2 19-09-2020,2. HS,2,HS,Kolding BK 2,Aalborg Triton 2,Jeppe Schack,Malthe Mølbjerg Nielsen,84056,3008,"21-19, 17-21, 21-15",home,Kolding BK 2,
2020,1,1,-3,13212,2. division,Pulje 1,385488,2 19-09-2020,3. HS,3,HS,Kolding BK 2,Aalborg Triton 2,Jacob Petersen,Christoffer Geisler,33391,64430,"18-21, 26-24, 17-21",away,Aalborg Triton 2,
2020,1,1,-3,13212,2. division,Pulje 1,385488,2 19-09-2020,4. HS,4,HS,Kolding BK 2,Aalborg Triton 2,Georg Borup Friberg,Frederik Bjergen,2213,80865,"21-13, 22-20",home,Kolding BK 2,
2020,1,1,-3,13212,2. division,Pulje 1,385488,2 19-09-2020,1. DD,1,DD,Kolding BK 2,Aalborg Triton 2,"Lærke Thomsen, Anne Sofie Locht","Gry Uhrenholt Hermansen, Sofie Røjkjær","197068, 116038","91648, 157149","13-21, 21-17, 21-19",home,Kolding BK 2,
2020,1,1,-3,13212,2. division,Pulje 1,385488,2 19-09-2020,2. DD,2,DD,Kolding BK 2,Aalborg Triton 2,"Sofie Høyer, Sophie Jørgensen","Mathilde Bjergen, Nikoline Søndergaard Laugesen","2527, 92008","80867, 179989","14-21, 21-17, 14-21",away,Aalborg Triton 2,
2020,1,1,-3,13212,2. division,Pulje 1,385488,2 19-09-2020,1. HD,1,HD,Kolding BK 2,Aalborg Triton 2,"Claus Vagner Pedersen, Jeppe Schack","Mads Gadegaard, Malthe Mølbjerg Nielsen","13102, 84056","83208, 3008","12-21, 22-20, 14-21",away,Aalborg Triton 2,
2020,1,1,-3,13212,2. division,Pulje 1,385488,2 19-09-2020,2. HD,2,HD,Kolding BK 2,Aalborg Triton 2,"Lasse Nielsen, Jacob Petersen","Anton Nexø, Victor Nexø","206978, 33391","71634, 267","21-17, 16-21, 21-15",home,Kolding BK 2,
2020,1,1,-3,13212,2. division,Pulje 1,385488,2 19-09-2020,3. HD,3,HD,Kolding BK 2,Aalborg Triton 2,"Georg Borup Friberg, Alexander Æbeløe Christensen","Frederik Bjergen, Christoffer Geisler","2213, 80246","80865, 64430",0-0,away,Aalborg Triton 2,A
2020,1,1,-3,13212,2. division,Pulje 1,385489,2 19-09-2020,1. MD,1,MD,Odense OBK 2,Ikast 2,"Oliver Gram, Lia Šalehar (EU)","Rasmus Kæseler, Emma Irring Braüner","88326, 251051","85702, 212583","21-15, 18-21, 17-21",away,Ikast 2,
2020,1,1,-3,13212,2. division,Pulje 1,385489,2 19-09-2020,2. MD,2,MD,Odense OBK 2,Ikast 2,"Oliver Thomsen, Kathrine Gaarde","Joakim Vahlkvist, Arna Karen Jóhannsdóttir (EU)","84411, 83647","89561, 252660","21-15, 21-13",home,Odense OBK 2,
2020,1,1,-3,13212,2. division,Pulje 1,385489,2 19-09-2020,1. DS,1,DS,Odense OBK 2,Ikast 2,Simona Pilgaard,Emilie Ravn,154020,178763,"16-21, 21-9, 23-21",home,Odense OBK 2,
2020,1,1,-3,13212,2. division,Pulje 1,385489,2 19-09-2020,2. DS,2,DS,Odense OBK 2,Ikast 2,Lærke Tolstrup Hvid,Ellen Møldrup,230360,171118,"21-18, 21-18",home,Odense OBK 2,
2020,1,1,-3,13212,2. division,Pulje 1,385489,2 19-09-2020,1. HS,1,HS,Odense OBK 2,Ikast 2,Magnus Klinggaard Andersen,Mathias Solgaard,155869,3032,"16-21, 21-10, 21-18",home,Odense OBK 2,
2020,1,1,-3,13212,2. division,Pulje 1,385489,2 19-09-2020,2. HS,2,HS,Odense OBK 2,Ikast 2,Simon Normann,Nicklas Scott Larsen,71801,87502,"21-14, 21-18",home,Odense OBK 2,
2020,1,1,-3,13212,2. division,Pulje 1,385489,2 19-09-2020,3. HS,3,HS,Odense OBK 2,Ikast 2,Hjalte Linde Johansen,Benjamin Illum Klindt,91920,2978,"21-17, 18-21, 21-18",home,Odense OBK 2,
2020,1,1,-3,13212,2. division,Pulje 1,385489,2 19-09-2020,4. HS,4,HS,Odense OBK 2,Ikast 2,Tobias Spillemose,Nicklas Vinter Pedersen,225852,86749,"21-11, 21-10",home,Odense OBK 2,
2020,1,1,-3,13212,2. division,Pulje 1,385489,2 19-09-2020,1. DD,1,DD,Odense OBK 2,Ikast 2,"Lia Šalehar (EU), Simona Pilgaard","Ellen Møldrup, Emma Irring Braüner","251051, 154020","171118, 212583","21-8, 21-13",home,Odense OBK 2,
2020,1,1,-3,13212,2. division,Pulje 1,385489,2 19-09-2020,2. DD,2,DD,Odense OBK 2,Ikast 2,"Kathrine Gaarde, Lærke Tolstrup Hvid","Emilie Ravn, Arna Karen Jóhannsdóttir (EU)","83647, 230360","178763, 252660","18-21, 21-15, 21-11",home,Odense OBK 2,
2020,1,1,-3,13212,2. division,Pulje 1,385489,2 19-09-2020,1. HD,1,HD,Odense OBK 2,Ikast 2,"Tobias Spillemose, Oliver Gram","Rasmus Kæseler, Nicklas Scott Larsen","225852, 88326","85702, 87502","21-15, 21-16",home,Odense OBK 2,
2020,1,1,-3,13212,2. division,Pulje 1,385489,2 19-09-2020,2. HD,2,HD,Odense OBK 2,Ikast 2,"Simon Normann, Oliver Thomsen","Mathias Solgaard, Benjamin Illum Klindt","71801, 84411","3032, 2978","21-9, 21-10",home,Odense OBK 2,
2020,1,1,-3,13212,2. division,Pulje 1,385489,2 19-09-2020,3. HD,3,HD,Odense OBK 2,Ikast 2,"Magnus Klinggaard Andersen, Hjalte Linde Johansen","Nicklas Vinter Pedersen, Joakim Vahlkvist","155869, 91920","86749, 89561","21-13, 21-15",home,Odense OBK 2,
2020,1,1,-3,13212,2. division,Pulje 1,385490,3 03-10-2020,1. MD,1,MD,Lillerød 2,Aabenraa,"Loui Kjær Kjellberg, Emilie Erikson","Jesper Thomsen, Iza Šalehar (EU)","87957, 2390","10398, 251050","14-21, 26-24, 10-21",away,Aabenraa,
2020,1,1,-3,13212,2. division,Pulje 1,385490,3 03-10-2020,2. MD,2,MD,Lillerød 2,Aabenraa,"Nikolaj Mangor, Sara Runesten Hansen","Jonas Eilskov Jessen, Amalie A. Frihagen","165014, 10620","77127, 94550","21-17, 21-8",home,Lillerød 2,
2020,1,1,-3,13212,2. division,Pulje 1,385490,3 03-10-2020,1. DS,1,DS,Lillerød 2,Aabenraa,Signe Ghodt,Amy Tan,156793,320144,"18-21, 19-21",away,Aabenraa,
2020,1,1,-3,13212,2. division,Pulje 1,385490,3 03-10-2020,2. DS,2,DS,Lillerød 2,Aabenraa,Isabell Christensen,Erica Smeets,234463,68521,"21-15, 21-13",home,Lillerød 2,
2020,1,1,-3,13212,2. division,Pulje 1,385490,3 03-10-2020,1. HS,1,HS,Lillerød 2,Aabenraa,Mikkel Toft,Milan Dratva (EU),83167,282099,"15-21, 14-21",away,Aabenraa,
2020,1,1,-3,13212,2. division,Pulje 1,385490,3 03-10-2020,2. HS,2,HS,Lillerød 2,Aabenraa,Alexander Pedersen,Cristian Savin (EU),164952,324976,"20-22, 7-21",away,Aabenraa,
2020,1,1,-3,13212,2. division,Pulje 1,385490,3 03-10-2020,3. HS,3,HS,Lillerød 2,Aabenraa,Oliver Skovbo Larsen,Frederik Sangtong,164718,86760,"21-14, 18-21, 21-13",home,Lillerød 2,
2020,1,1,-3,13212,2. division,Pulje 1,385490,3 03-10-2020,4. HS,4,HS,Lillerød 2,Aabenraa,Gustav Tolstrup,Rune Nørgaard Jensen,88390,21134,"21-11, 18-21, 23-21",home,Lillerød 2,
2020,1,1,-3,13212,2. division,Pulje 1,385490,3 03-10-2020,1. DD,1,DD,Lillerød 2,Aabenraa,"Emilie Erikson, Sara Runesten Hansen","Amy Tan, Iza Šalehar (EU)","2390, 10620","320144, 251050","21-15, 21-18",home,Lillerød 2,
2020,1,1,-3,13212,2. division,Pulje 1,385490,3 03-10-2020,2. DD,2,DD,Lillerød 2,Aabenraa,"Signe Ghodt, Isabell Christensen","Amalie A. Frihagen, Erica Smeets","156793, 234463","94550, 68521","21-14, 21-9",home,Lillerød 2,
2020,1,1,-3,13212,2. division,Pulje 1,385490,3 03-10-2020,1. HD,1,HD,Lillerød 2,Aabenraa,"Alexander Pedersen, Gustav Tolstrup","Jesper Thomsen, Milan Dratva (EU)","164952, 88390","10398, 282099","14-21, 17-21",away,Aabenraa,
2020,1,1,-3,13212,2. division,Pulje 1,385490,3 03-10-2020,2. HD,2,HD,Lillerød 2,Aabenraa,"Loui Kjær Kjellberg, Oliver Skovbo Larsen","Jonas Eilskov Jessen, Cristian Savin (EU)","87957, 164718","77127, 324976","21-16, 21-10",home,Lillerød 2,
2020,1,1,-3,13212,2. division,Pulje 1,385490,3 03-10-2020,3. HD,3,HD,Lillerød 2,Aabenraa,"Nikolaj Mangor, Mikkel Toft","Rune Nørgaard Jensen, Frederik Sangtong","165014, 83167","21134, 86760","21-15, 21-16",home,Lillerød 2,
2020,1,1,-3,13212,2. division,Pulje 1,385491,3 03-10-2020,1. MD,1,MD,Odense OBK 2,Kolding BK 2,"Oliver Thomsen, Nettie Skaarenborg","Claus Vagner Pedersen, Sofie Høyer","84411, 56695","13102, 2527","21-19, 21-18",home,Odense OBK 2,
2020,1,1,-3,13212,2. division,Pulje 1,385491,3 03-10-2020,2. MD,2,MD,Odense OBK 2,Kolding BK 2,"Oliver Gram, Lia Šalehar (EU)","Lasse Nielsen, Sophie Jørgensen","88326, 251051","206978, 92008","21-12, 21-16",home,Odense OBK 2,
2020,1,1,-3,13212,2. division,Pulje 1,385491,3 03-10-2020,1. DS,1,DS,Odense OBK 2,Kolding BK 2,Lærke Tolstrup Hvid,Anne Sofie Locht,230360,116038,"22-20, 15-21, 21-12",home,Odense OBK 2,
2020,1,1,-3,13212,2. division,Pulje 1,385491,3 03-10-2020,2. DS,2,DS,Odense OBK 2,Kolding BK 2,Kathrine Gaarde,Nete Møllekær,83647,115592,"21-14, 21-15",home,Odense OBK 2,
2020,1,1,-3,13212,2. division,Pulje 1,385491,3 03-10-2020,1. HS,1,HS,Odense OBK 2,Kolding BK 2,Magnus Klinggaard Andersen,Georg Borup Friberg,155869,2213,"21-17, 21-13",home,Odense OBK 2,
2020,1,1,-3,13212,2. division,Pulje 1,385491,3 03-10-2020,2. HS,2,HS,Odense OBK 2,Kolding BK 2,Simon Normann,Jacob Petersen,71801,33391,"21-13, 21-19",home,Odense OBK 2,
2020,1,1,-3,13212,2. division,Pulje 1,385491,3 03-10-2020,3. HS,3,HS,Odense OBK 2,Kolding BK 2,Hjalte Linde Johansen,Jonas Oxlund Segato,91920,1221,"21-18, 20-22, 21-23",away,Kolding BK 2,
2020,1,1,-3,13212,2. division,Pulje 1,385491,3 03-10-2020,4. HS,4,HS,Odense OBK 2,Kolding BK 2,Tobias Spillemose,Jeppe Helenius,225852,92848,"18-21, 21-14, 21-15",home,Odense OBK 2,
2020,1,1,-3,13212,2. division,Pulje 1,385491,3 03-10-2020,1. DD,1,DD,Odense OBK 2,Kolding BK 2,"Lia Šalehar (EU), Nettie Skaarenborg","Sofie Høyer, Sophie Jørgensen","251051, 56695","2527, 92008","21-13, 21-14",home,Odense OBK 2,
2020,1,1,-3,13212,2. division,Pulje 1,385491,3 03-10-2020,2. DD,2,DD,Odense OBK 2,Kolding BK 2,"Kathrine Gaarde, Lærke Tolstrup Hvid","Anne Sofie Locht, Nete Møllekær","83647, 230360","116038, 115592","21-14, 24-22",home,Odense OBK 2,
2020,1,1,-3,13212,2. division,Pulje 1,385491,3 03-10-2020,1. HD,1,HD,Odense OBK 2,Kolding BK 2,"Oliver Gram, Tobias Spillemose","Claus Vagner Pedersen, Georg Borup Friberg","88326, 225852","13102, 2213","17-21, 26-24, 21-14",home,Odense OBK 2,
2020,1,1,-3,13212,2. division,Pulje 1,385491,3 03-10-2020,2. HD,2,HD,Odense OBK 2,Kolding BK 2,"Oliver Thomsen, Simon Normann","Lasse Nielsen, Jacob Petersen","84411, 71801","206978, 33391","21-18, 21-17",home,Odense OBK 2,
2020,1,1,-3,13212,2. division,Pulje 1,385491,3 03-10-2020,3. HD,3,HD,Odense OBK 2,Kolding BK 2,"Magnus Klinggaard Andersen, Hjalte Linde Johansen","Jeppe Helenius, Jonas Oxlund Segato","155869, 91920","92848, 1221","21-14, 21-6",home,Odense OBK 2,
2020,1,1,-3,13212,2. division,Pulje 1,385492,3 03-10-2020,1. MD,1,MD,Ikast 2,Aalborg Triton 2,"Rasmus Kæseler, Emma Irring Braüner","Anton Nexø, Sofie Røjkjær","85702, 212583","71634, 157149","17-21, 21-18, 12-21",away,Aalborg Triton 2,
2020,1,1,-3,13212,2. division,Pulje 1,385492,3 03-10-2020,2. MD,2,MD,Ikast 2,Aalborg Triton 2,"Joakim Vahlkvist, Emilie Bønlykke Faarborg","Kasper Røjkjær Kjøbsted, Mathilde Bjergen","89561, 2230","94985, 80867","21-12, 9-21, 21-15",home,Ikast 2,
2020,1,1,-3,13212,2. division,Pulje 1,385492,3 03-10-2020,1. DS,1,DS,Ikast 2,Aalborg Triton 2,Vibse Jonassen,Nikoline Søndergaard Laugesen,116065,179989,"21-16, 21-17",home,Ikast 2,
2020,1,1,-3,13212,2. division,Pulje 1,385492,3 03-10-2020,2. DS,2,DS,Ikast 2,Aalborg Triton 2,Emilie Ravn,Ida Janum Riis,178763,93197,"22-20, 21-9",home,Ikast 2,
2020,1,1,-3,13212,2. division,Pulje 1,385492,3 03-10-2020,1. HS,1,HS,Ikast 2,Aalborg Triton 2,Mathias Solgaard,Victor Nexø,3032,267,"22-20, 22-20",home,Ikast 2,
2020,1,1,-3,13212,2. division,Pulje 1,385492,3 03-10-2020,2. HS,2,HS,Ikast 2,Aalborg Triton 2,Nicklas Scott Larsen,Malthe Mølbjerg Nielsen,87502,3008,"17-21, 16-21",away,Aalborg Triton 2,
2020,1,1,-3,13212,2. division,Pulje 1,385492,3 03-10-2020,3. HS,3,HS,Ikast 2,Aalborg Triton 2,Benjamin Illum Klindt,Christoffer Geisler,2978,64430,"13-21, 14-21",away,Aalborg Triton 2,
2020,1,1,-3,13212,2. division,Pulje 1,385492,3 03-10-2020,4. HS,4,HS,Ikast 2,Aalborg Triton 2,Nicklas Vinter Pedersen,Frederik Bjergen,86749,80865,"21-14, 19-21, 16-21",away,Aalborg Triton 2,
2020,1,1,-3,13212,2. division,Pulje 1,385492,3 03-10-2020,1. DD,1,DD,Ikast 2,Aalborg Triton 2,"Vibse Jonassen, Emma Irring Braüner","Sofie Røjkjær, Mathilde Bjergen","116065, 212583","157149, 80867","19-21, 21-23",away,Aalborg Triton 2,
2020,1,1,-3,13212,2. division,Pulje 1,385492,3 03-10-2020,2. DD,2,DD,Ikast 2,Aalborg Triton 2,"Emilie Ravn, Emilie Bønlykke Faarborg","Ida Janum Riis, Nikoline Søndergaard Laugesen","178763, 2230","93197, 179989","21-15, 21-15",home,Ikast 2,
2020,1,1,-3,13212,2. division,Pulje 1,385492,3 03-10-2020,1. HD,1,HD,Ikast 2,Aalborg Triton 2,"Rasmus Kæseler, Benjamin Illum Klindt","Anton Nexø, Malthe Mølbjerg Nielsen","85702, 2978","71634, 3008","22-24, 19-21",away,Aalborg Triton 2,
2020,1,1,-3,13212,2. division,Pulje 1,385492,3 03-10-2020,2. HD,2,HD,Ikast 2,Aalborg Triton 2,"Nicklas Scott Larsen, Nicklas Vinter Pedersen","Christoffer Geisler, Victor Nexø","87502, 86749","64430, 267","21-9, 17-21, 16-21",away,Aalborg Triton 2,
2020,1,1,-3,13212,2. division,Pulje 1,385492,3 03-10-2020,3. HD,3,HD,Ikast 2,Aalborg Triton 2,"Joakim Vahlkvist, Mathias Solgaard","Kasper Røjkjær Kjøbsted, Frederik Bjergen","89561, 3032","94985, 80865","21-18, 21-16",home,Ikast 2,
2020,1,1,-3,13212,2. division,Pulje 1,385493,3 03-10-2020,1. MD,1,MD,Højbjerg 3,Aarhus AB 2,"Morten Skrøder Bødskov, Line Nørgaard","Chris Olsen, Cecilie Bjergen","42546, 53232","77537, 69237","21-16, 12-21, 18-21",away,Aarhus AB 2,
2020,1,1,-3,13212,2. division,Pulje 1,385493,3 03-10-2020,2. MD,2,MD,Højbjerg 3,Aarhus AB 2,"Thomas Søe Jepsen, Clara Løber","Marc Storm Andersen, Karoline Synnestvedt","37251, 93196","63667, 75713","21-19, 21-12",home,Højbjerg 3,
2020,1,1,-3,13212,2. division,Pulje 1,385493,3 03-10-2020,1. DS,1,DS,Højbjerg 3,Aarhus AB 2,Sofie Futtrup,Stine Skovbo Jakobsen,64812,76276,"15-21, 22-24",away,Aarhus AB 2,
2020,1,1,-3,13212,2. division,Pulje 1,385493,3 03-10-2020,2. DS,2,DS,Højbjerg 3,Aarhus AB 2,Filippa Thyberg,Emma Kjærsfeldt,2740,81034,"21-16, 21-17",home,Højbjerg 3,
2020,1,1,-3,13212,2. division,Pulje 1,385493,3 03-10-2020,1. HS,1,HS,Højbjerg 3,Aarhus AB 2,Mickey Lykkegren,Jakob Godt Hansen,85019,83051,"15-21, 6-21",away,Aarhus AB 2,
2020,1,1,-3,13212,2. division,Pulje 1,385493,3 03-10-2020,2. HS,2,HS,Højbjerg 3,Aarhus AB 2,Jakob Houe Andersen,Rasmus Carøe Christensen,156109,54565,"14-21, 25-23, 21-18",home,Højbjerg 3,
2020,1,1,-3,13212,2. division,Pulje 1,385493,3 03-10-2020,3. HS,3,HS,Højbjerg 3,Aarhus AB 2,Lasse Brund,Rasmus Grill Noes,82039,62639,"19-21, 12-21",away,Aarhus AB 2,
2020,1,1,-3,13212,2. division,Pulje 1,385493,3 03-10-2020,4. HS,4,HS,Højbjerg 3,Aarhus AB 2,Andreas Bjerring,Frederik Æbeløe Christensen,74611,89031,"14-21, 21-23",away,Aarhus AB 2,
2020,1,1,-3,13212,2. division,Pulje 1,385493,3 03-10-2020,1. DD,1,DD,Højbjerg 3,Aarhus AB 2,"Clara Løber, Line Nørgaard","Cecilie Bjergen, Karoline Synnestvedt","93196, 53232","69237, 75713","21-17, 21-17",home,Højbjerg 3,
2020,1,1,-3,13212,2. division,Pulje 1,385493,3 03-10-2020,2. DD,2,DD,Højbjerg 3,Aarhus AB 2,"Sofie Futtrup, Filippa Thyberg","Stine Skovbo Jakobsen, Emma Kjærsfeldt","64812, 2740","76276, 81034","16-21, 21-17, 19-21",away,Aarhus AB 2,
2020,1,1,-3,13212,2. division,Pulje 1,385493,3 03-10-2020,1. HD,1,HD,Højbjerg 3,Aarhus AB 2,"Morten Skrøder Bødskov, Thomas Søe Jepsen","Rasmus Grill Noes, Frederik Æbeløe Christensen","42546, 37251","62639, 89031","21-18, 21-13",home,Højbjerg 3,
2020,1,1,-3,13212,2. division,Pulje 1,385493,3 03-10-2020,2. HD,2,HD,Højbjerg 3,Aarhus AB 2,"Jakob Houe Andersen, Andreas Bjerring","Jakob Godt Hansen, Chris Olsen","156109, 74611","83051, 77537",5-13,away,Aarhus AB 2,A
2020,1,1,-3,13212,2. division,Pulje 1,385493,3 03-10-2020,3. HD,3,HD,Højbjerg 3,Aarhus AB 2,"Lasse Brund, Mickey Lykkegren","Rasmus Carøe Christensen, Marc Storm Andersen","82039, 85019","54565, 63667","15-21, 23-21",home,Højbjerg 3,H
2020,1,1,-3,13212,2. division,Pulje 1,385494,4 24-10-2020,1. MD,1,MD,Kolding BK 2,Lillerød 2,"Lasse Nielsen, Sofie Høyer","Loui Kjær Kjellberg, Emilie Erikson","206978, 2527","87957, 2390","17-21, 17-21",away,Lillerød 2,
2020,1,1,-3,13212,2. division,Pulje 1,385494,4 24-10-2020,2. MD,2,MD,Kolding BK 2,Lillerød 2,"Jesper Korsbæk Jensen, Sophie Jørgensen","Nikolaj Mangor, Sara Runesten Hansen","56499, 92008","165014, 10620","9-21, 9-21",away,Lillerød 2,
2020,1,1,-3,13212,2. division,Pulje 1,385494,4 24-10-2020,1. DS,1,DS,Kolding BK 2,Lillerød 2,Frederikke Toft,Frederikke Nielsen,91966,212929,"21-19, 21-10",home,Kolding BK 2,
2020,1,1,-3,13212,2. division,Pulje 1,385494,4 24-10-2020,2. DS,2,DS,Kolding BK 2,Lillerød 2,Anne Sofie Locht,Signe Ghodt,116038,156793,"11-21, 18-21",away,Lillerød 2,
2020,1,1,-3,13212,2. division,Pulje 1,385494,4 24-10-2020,1. HS,1,HS,Kolding BK 2,Lillerød 2,Magnus B. Kristensen,Peter Rønn Stensæth,214762,77751,"20-22, 13-21",away,Lillerød 2,
2020,1,1,-3,13212,2. division,Pulje 1,385494,4 24-10-2020,2. HS,2,HS,Kolding BK 2,Lillerød 2,Georg Borup Friberg,Alexander Pedersen,2213,164952,"23-21, 17-21, 19-21",away,Lillerød 2,
2020,1,1,-3,13212,2. division,Pulje 1,385494,4 24-10-2020,3. HS,3,HS,Kolding BK 2,Lillerød 2,Jacob Petersen,Oliver Skovbo Larsen,33391,164718,"21-11, 21-13",home,Kolding BK 2,
2020,1,1,-3,13212,2. division,Pulje 1,385494,4 24-10-2020,4. HS,4,HS,Kolding BK 2,Lillerød 2,Jonas Oxlund Segato,Mikkel Toft,1221,83167,"18-21, 21-19, 21-14",home,Kolding BK 2,
2020,1,1,-3,13212,2. division,Pulje 1,385494,4 24-10-2020,1. DD,1,DD,Kolding BK 2,Lillerød 2,"Frederikke Toft, Sofie Høyer","Emilie Erikson, Sara Runesten Hansen","91966, 2527","2390, 10620","8-21, 14-21",away,Lillerød 2,
2020,1,1,-3,13212,2. division,Pulje 1,385494,4 24-10-2020,2. DD,2,DD,Kolding BK 2,Lillerød 2,"Anne Sofie Locht, Sophie Jørgensen","Frederikke Nielsen, Signe Ghodt","116038, 92008","212929, 156793","12-21, 12-21",away,Lillerød 2,
2020,1,1,-3,13212,2. division,Pulje 1,385494,4 24-10-2020,1. HD,1,HD,Kolding BK 2,Lillerød 2,"Magnus B. Kristensen, Jacob Petersen","Peter Rønn Stensæth, Alexander Pedersen","214762, 33391","77751, 164952","19-21, 21-17, 9-21",away,Lillerød 2,
2020,1,1,-3,13212,2. division,Pulje 1,385494,4 24-10-2020,2. HD,2,HD,Kolding BK 2,Lillerød 2,"Lasse Nielsen, Georg Borup Friberg","Loui Kjær Kjellberg, Oliver Skovbo Larsen","206978, 2213","87957, 164718","16-21, 21-18, 12-21",away,Lillerød 2,
2020,1,1,-3,13212,2. division,Pulje 1,385494,4 24-10-2020,3. HD,3,HD,Kolding BK 2,Lillerød 2,"Jesper Korsbæk Jensen, Jonas Oxlund Segato","Nikolaj Mangor, Mikkel Toft","56499, 1221","165014, 83167","21-18, 19-21, 22-20",home,Kolding BK 2,
2020,1,1,-3,13212,2. division,Pulje 1,385495,4 24-10-2020,1. MD,1,MD,Aalborg Triton 2,Odense OBK 2,"Anton Nexø, Gry Uhrenholt Hermansen","Oliver Thomsen, Nettie Skaarenborg","71634, 91648","84411, 56695","21-18, 21-9",home,Aalborg Triton 2,
2020,1,1,-3,13212,2. division,Pulje 1,385495,4 24-10-2020,2. MD,2,MD,Aalborg Triton 2,Odense OBK 2,"Kasper Røjkjær Kjøbsted, Sofie Røjkjær","Mikkel Normann, Lia Šalehar (EU)","94985, 157149","57319, 251051","21-16, 21-18",home,Aalborg Triton 2,
2020,1,1,-3,13212,2. division,Pulje 1,385495,4 24-10-2020,1. DS,1,DS,Aalborg Triton 2,Odense OBK 2,Nikoline Søndergaard Laugesen,Lærke Tolstrup Hvid,179989,230360,"17-21, 17-21",away,Odense OBK 2,
2020,1,1,-3,13212,2. division,Pulje 1,385495,4 24-10-2020,2. DS,2,DS,Aalborg Triton 2,Odense OBK 2,Mathilde Bjergen,Kathrine Gaarde,80867,83647,"19-21, 13-21",away,Odense OBK 2,
2020,1,1,-3,13212,2. division,Pulje 1,385495,4 24-10-2020,1. HS,1,HS,Aalborg Triton 2,Odense OBK 2,Victor Nexø,Magnus Klinggaard Andersen,267,155869,"21-10, 21-15",home,Aalborg Triton 2,
2020,1,1,-3,13212,2. division,Pulje 1,385495,4 24-10-2020,2. HS,2,HS,Aalborg Triton 2,Odense OBK 2,Malthe Mølbjerg Nielsen,Simon Normann,3008,71801,"21-14, 21-15",home,Aalborg Triton 2,
2020,1,1,-3,13212,2. division,Pulje 1,385495,4 24-10-2020,3. HS,3,HS,Aalborg Triton 2,Odense OBK 2,Christoffer Geisler,Hjalte Linde Johansen,64430,91920,"21-10, 17-21, 21-11",home,Aalborg Triton 2,
2020,1,1,-3,13212,2. division,Pulje 1,385495,4 24-10-2020,4. HS,4,HS,Aalborg Triton 2,Odense OBK 2,Frederik Bjergen,Tobias Spillemose,80865,225852,"21-12, 21-10",home,Aalborg Triton 2,
2020,1,1,-3,13212,2. division,Pulje 1,385495,4 24-10-2020,1. DD,1,DD,Aalborg Triton 2,Odense OBK 2,"Gry Uhrenholt Hermansen, Sofie Røjkjær","Nettie Skaarenborg, Lia Šalehar (EU)","91648, 157149","56695, 251051","21-14, 21-11",home,Aalborg Triton 2,
2020,1,1,-3,13212,2. division,Pulje 1,385495,4 24-10-2020,2. DD,2,DD,Aalborg Triton 2,Odense OBK 2,"Mathilde Bjergen, Nikoline Søndergaard Laugesen","Kathrine Gaarde, Lærke Tolstrup Hvid","80867, 179989","83647, 230360","16-21, 21-17, 26-24",home,Aalborg Triton 2,
2020,1,1,-3,13212,2. division,Pulje 1,385495,4 24-10-2020,1. HD,1,HD,Aalborg Triton 2,Odense OBK 2,"Anton Nexø, Malthe Mølbjerg Nielsen","Oliver Thomsen, Simon Normann","71634, 3008","84411, 71801",,home,Aalborg Triton 2,A
2020,1,1,-3,13212,2. division,Pulje 1,385495,4 24-10-2020,2. HD,2,HD,Aalborg Triton 2,Odense OBK 2,"Christoffer Geisler, Victor Nexø","Tobias Spillemose, Mikkel Normann","64430, 267","225852, 57319","19-21, 19-21",away,Odense OBK 2,
2020,1,1,-3,13212,2. division,Pulje 1,385495,4 24-10-2020,3. HD,3,HD,Aalborg Triton 2,Odense OBK 2,"Frederik Bjergen, Kasper Røjkjær Kjøbsted","Magnus Klinggaard Andersen, Hjalte Linde Johansen","80865, 94985","155869, 91920","16-21, 21-15, 21-19",home,Aalborg Triton 2,
2020,1,1,-3,13212,2. division,Pulje 1,385496,4 24-10-2020,1. MD,1,MD,Aarhus AB 2,Ikast 2,"Chris Olsen, Bolette Blomgren","Joakim Vahlkvist, Emilie Bønlykke Faarborg","77537, 2787","89561, 2230","23-21, 21-14",home,Aarhus AB 2,
2020,1,1,-3,13212,2. division,Pulje 1,385496,4 24-10-2020,2. MD,2,MD,Aarhus AB 2,Ikast 2,"Frederik Æbeløe Christensen, Jenni Olesen","Rasmus Kæseler, Emma Irring Braüner","89031, 420","85702, 212583","12-21, 21-15, 17-21",away,Ikast 2,
2020,1,1,-3,13212,2. division,Pulje 1,385496,4 24-10-2020,1. DS,1,DS,Aarhus AB 2,Ikast 2,Stine Skovbo Jakobsen,Vibse Jonassen,76276,116065,"21-14, 21-15",home,Aarhus AB 2,
2020,1,1,-3,13212,2. division,Pulje 1,385496,4 24-10-2020,2. DS,2,DS,Aarhus AB 2,Ikast 2,Emma Kjærsfeldt,Emilie Ravn,81034,178763,"8-21, 21-18, 21-14",home,Aarhus AB 2,
2020,1,1,-3,13212,2. division,Pulje 1,385496,4 24-10-2020,1. HS,1,HS,Aarhus AB 2,Ikast 2,Jakob Godt Hansen,Mathias Solgaard,83051,3032,"12-21, 16-21",away,Ikast 2,
2020,1,1,-3,13212,2. division,Pulje 1,385496,4 24-10-2020,2. HS,2,HS,Aarhus AB 2,Ikast 2,Rasmus Carøe Christensen,Benjamin Illum Klindt,54565,2978,"21-13, 17-21, 23-21",home,Aarhus AB 2,
2020,1,1,-3,13212,2. division,Pulje 1,385496,4 24-10-2020,3. HS,3,HS,Aarhus AB 2,Ikast 2,Rasmus Grill Noes,Nicklas Scott Larsen,62639,87502,"21-17, 23-21",home,Aarhus AB 2,
2020,1,1,-3,13212,2. division,Pulje 1,385496,4 24-10-2020,4. HS,4,HS,Aarhus AB 2,Ikast 2,Andreas Als,Oliver Geisler,86405,86385,"21-10, 21-7",home,Aarhus AB 2,
2020,1,1,-3,13212,2. division,Pulje 1,385496,4 24-10-2020,1. DD,1,DD,Aarhus AB 2,Ikast 2,"Jenni Olesen, Bolette Blomgren","Emilie Bønlykke Faarborg, Emilie Ravn","420, 2787","2230, 178763","21-14, 21-7",home,Aarhus AB 2,
2020,1,1,-3,13212,2. division,Pulje 1,385496,4 24-10-2020,2. DD,2,DD,Aarhus AB 2,Ikast 2,"Emma Kjærsfeldt, Stine Skovbo Jakobsen","Vibse Jonassen, Emma Irring Braüner","81034, 76276","116065, 212583","21-19, 19-21, 21-17",home,Aarhus AB 2,
2020,1,1,-3,13212,2. division,Pulje 1,385496,4 24-10-2020,1. HD,1,HD,Aarhus AB 2,Ikast 2,"Rasmus Grill Noes, Frederik Æbeløe Christensen","Rasmus Kæseler, Benjamin Illum Klindt","62639, 89031","85702, 2978","22-20, 21-14",home,Aarhus AB 2,
2020,1,1,-3,13212,2. division,Pulje 1,385496,4 24-10-2020,2. HD,2,HD,Aarhus AB 2,Ikast 2,"Jakob Godt Hansen, Chris Olsen","Oliver Geisler, Nicklas Scott Larsen","83051, 77537","86385, 87502","17-21, 20-22",away,Ikast 2,
2020,1,1,-3,13212,2. division,Pulje 1,385496,4 24-10-2020,3. HD,3,HD,Aarhus AB 2,Ikast 2,"Andreas Als, Rasmus Carøe Christensen","Joakim Vahlkvist, Mathias Solgaard","86405, 54565","89561, 3032","14-21, 21-15, 21-19",home,Aarhus AB 2,
2020,1,1,-3,13212,2. division,Pulje 1,385497,4 24-10-2020,1. MD,1,MD,Aabenraa,Højbjerg 3,"Jesper Thomsen, Iza Šalehar (EU)","Tobias Suder, Gabriella Bøje","10398, 251050","73845, 78711","11-21, 22-20, 21-17",home,Aabenraa,
2020,1,1,-3,13212,2. division,Pulje 1,385497,4 24-10-2020,2. MD,2,MD,Aabenraa,Højbjerg 3,"Rune Nørgaard Jensen, Kamma Lerdrup Foged","Niels Chr. Blittrup, Clara Løber","21134, 75131","13940, 93196","8-21, 20-22",away,Højbjerg 3,
2020,1,1,-3,13212,2. division,Pulje 1,385497,4 24-10-2020,1. DS,1,DS,Aabenraa,Højbjerg 3,Amy Tan,Sofie Futtrup,320144,64812,"21-15, 21-16",home,Aabenraa,
2020,1,1,-3,13212,2. division,Pulje 1,385497,4 24-10-2020,2. DS,2,DS,Aabenraa,Højbjerg 3,Erica Smeets,Filippa Thyberg,68521,2740,"18-21, 13-21",away,Højbjerg 3,
2020,1,1,-3,13212,2. division,Pulje 1,385497,4 24-10-2020,1. HS,1,HS,Aabenraa,Højbjerg 3,Milan Dratva (EU),Mickey Lykkegren,282099,85019,"21-14, 22-20",home,Aabenraa,
2020,1,1,-3,13212,2. division,Pulje 1,385497,4 24-10-2020,2. HS,2,HS,Aabenraa,Højbjerg 3,Cristian Savin (EU),Nikolaj Lassen,324976,132281,"13-21, 21-19, 21-14",home,Aabenraa,
2020,1,1,-3,13212,2. division,Pulje 1,385497,4 24-10-2020,3. HS,3,HS,Aabenraa,Højbjerg 3,Frederik Sangtong,Lasse Brund,86760,82039,"21-18, 17-21, 19-21",away,Højbjerg 3,
2020,1,1,-3,13212,2. division,Pulje 1,385497,4 24-10-2020,4. HS,4,HS,Aabenraa,Højbjerg 3,Andreas Bagge Paulsen,Mathias Pedersen,43130,2664,"21-18, 6-21, 21-11",home,Aabenraa,
2020,1,1,-3,13212,2. division,Pulje 1,385497,4 24-10-2020,1. DD,1,DD,Aabenraa,Højbjerg 3,"Amy Tan, Iza Šalehar (EU)","Gabriella Bøje, Clara Løber","320144, 251050","78711, 93196","10-21, 21-19, 15-21",away,Højbjerg 3,
2020,1,1,-3,13212,2. division,Pulje 1,385497,4 24-10-2020,2. DD,2,DD,Aabenraa,Højbjerg 3,"Kamma Lerdrup Foged, Erica Smeets","Filippa Thyberg, Sofie Futtrup","75131, 68521","2740, 64812","11-21, 15-21",away,Højbjerg 3,
2020,1,1,-3,13212,2. division,Pulje 1,385497,4 24-10-2020,1. HD,1,HD,Aabenraa,Højbjerg 3,"Jesper Thomsen, Milan Dratva (EU)","Mathias Pedersen, Tobias Suder","10398, 282099","2664, 73845","21-14, 21-15",home,Aabenraa,
2020,1,1,-3,13212,2. division,Pulje 1,385497,4 24-10-2020,2. HD,2,HD,Aabenraa,Højbjerg 3,"Cristian Savin (EU), Andreas Bagge Paulsen","Niels Chr. Blittrup, Nikolaj Lassen","324976, 43130","13940, 132281","15-21, 12-21",away,Højbjerg 3,
2020,1,1,-3,13212,2. division,Pulje 1,385497,4 24-10-2020,3. HD,3,HD,Aabenraa,Højbjerg 3,"Rune Nørgaard Jensen, Frederik Sangtong","Lasse Brund, Mickey Lykkegren","21134, 86760","82039, 85019","15-21, 15-21",away,Højbjerg 3,
2020,1,1,-3,13213,2. division,Pulje 2,385510,1 05-09-2020,1. MD,1,MD,Skovshoved 3,Gentofte 2,"Christoffer Voldsgaard Holm, Mette Viscovich","Kristian Høholdt Kræmer, Ida Købke","81006, 10040","88747, 47923","16-21, 12-21",away,Gentofte 2,
2020,1,1,-3,13213,2. division,Pulje 2,385510,1 05-09-2020,2. MD,2,MD,Skovshoved 3,Gentofte 2,"Mouritz Troels Munk, Sophie Kampmann","Andreas Bøgebjerg, Louise Thorsager","2746, 41709","88851, 88463","21-13, 21-17",home,Skovshoved 3,
2020,1,1,-3,13213,2. division,Pulje 2,385510,1 05-09-2020,1. DS,1,DS,Skovshoved 3,Gentofte 2,Mette K. Pedersen,Carla Mogensen,12846,796,"21-13, 21-15",home,Skovshoved 3,
2020,1,1,-3,13213,2. division,Pulje 2,385510,1 05-09-2020,2. DS,2,DS,Skovshoved 3,Gentofte 2,Naja Maj Jonassen,Hannah Perregaard,116068,43433,"21-16, 13-21, 19-21",away,Gentofte 2,
2020,1,1,-3,13213,2. division,Pulje 2,385510,1 05-09-2020,1. HS,1,HS,Skovshoved 3,Gentofte 2,Aske Høgsted Lauritsen,Christopher Vittoriani,48099,3269,"23-25, 16-21",away,Gentofte 2,
2020,1,1,-3,13213,2. division,Pulje 2,385510,1 05-09-2020,2. HS,2,HS,Skovshoved 3,Gentofte 2,Marcus Viscovich,Victor Ørding Kauffmann,3127,91606,"16-21, 21-19, 19-21",away,Gentofte 2,
2020,1,1,-3,13213,2. division,Pulje 2,385510,1 05-09-2020,3. HS,3,HS,Skovshoved 3,Gentofte 2,Rasmus Middelbo Eigtved,Oscar Sunekær Bertelsen,67134,2554,"19-21, 21-15, 14-21",away,Gentofte 2,
2020,1,1,-3,13213,2. division,Pulje 2,385510,1 05-09-2020,4. HS,4,HS,Skovshoved 3,Gentofte 2,Johnny Hast Hansen,Nicolai Müller,9673,31799,"12-21, 10-21",away,Gentofte 2,
2020,1,1,-3,13213,2. division,Pulje 2,385510,1 05-09-2020,1. DD,1,DD,Skovshoved 3,Gentofte 2,"Mette Viscovich, Sophie Kampmann","Ida Købke, Louise Thorsager","10040, 41709","47923, 88463","21-14, 21-18",home,Skovshoved 3,
2020,1,1,-3,13213,2. division,Pulje 2,385510,1 05-09-2020,2. DD,2,DD,Skovshoved 3,Gentofte 2,"Mette K. Pedersen, Naja Maj Jonassen","Hannah Perregaard, Carla Mogensen","12846, 116068","43433, 796","7-21, 16-21",away,Gentofte 2,
2020,1,1,-3,13213,2. division,Pulje 2,385510,1 05-09-2020,1. HD,1,HD,Skovshoved 3,Gentofte 2,"Aske Høgsted Lauritsen, Rasmus Middelbo Eigtved","Kristian Høholdt Kræmer, Nicolai Müller","48099, 67134","88747, 31799","12-21, 21-15, 19-21",away,Gentofte 2,
2020,1,1,-3,13213,2. division,Pulje 2,385510,1 05-09-2020,2. HD,2,HD,Skovshoved 3,Gentofte 2,"Christoffer Voldsgaard Holm, Mouritz Troels Munk","Christopher Vittoriani, Victor Ørding Kauffmann","81006, 2746","3269, 91606","13-21, 17-21",away,Gentofte 2,
2020,1,1,-3,13213,2. division,Pulje 2,385510,1 05-09-2020,3. HD,3,HD,Skovshoved 3,Gentofte 2,"Marcus Viscovich, Johnny Hast Hansen","Oscar Sunekær Bertelsen, Andreas Bøgebjerg","3127, 9673","2554, 88851","14-21, 10-21",away,Gentofte 2,
2020,1,1,-3,13213,2. division,Pulje 2,385511,1 05-09-2020,1. MD,1,MD,KBK Kbh.,Værløse 3,"Kristoffer Knudsen, Zenia Dam Larsen","Rene Mattisson, Caroline Terreni","40490, 67649","16173, 156270","21-13, 21-10",home,KBK Kbh.,
2020,1,1,-3,13213,2. division,Pulje 2,385511,1 05-09-2020,2. MD,2,MD,KBK Kbh.,Værløse 3,"Morten Petersen, Malena Norrman (EU)","Kristian Weber, Julie Frost Andersen","11184, 253645","212330, 156421","21-15, 21-18",home,KBK Kbh.,
2020,1,1,-3,13213,2. division,Pulje 2,385511,1 05-09-2020,1. DS,1,DS,KBK Kbh.,Værløse 3,Anna Thea Madsen,Cecilie Frost Andersen,64637,156419,"21-8, 21-7",home,KBK Kbh.,
2020,1,1,-3,13213,2. division,Pulje 2,385511,1 05-09-2020,2. DS,2,DS,KBK Kbh.,Værløse 3,Monika Szoke (EU),Sofie Nyvang,305450,1116,"21-4, 21-10",home,KBK Kbh.,
2020,1,1,-3,13213,2. division,Pulje 2,385511,1 05-09-2020,1. HS,1,HS,KBK Kbh.,Værløse 3,Jacob Nilsson (EU),Alexander Andersen,59082,1068,"21-10, 21-13",home,KBK Kbh.,
2020,1,1,-3,13213,2. division,Pulje 2,385511,1 05-09-2020,2. HS,2,HS,KBK Kbh.,Værløse 3,Filip Suwanphingkha (EU),Morten Herschend,196567,53507,"21-11, 21-10",home,KBK Kbh.,
2020,1,1,-3,13213,2. division,Pulje 2,385511,1 05-09-2020,3. HS,3,HS,KBK Kbh.,Værløse 3,Jacob Christian Hede Dahlgaard,Martin Grue Andreassen,93181,73114,"21-16, 21-19",home,KBK Kbh.,
2020,1,1,-3,13213,2. division,Pulje 2,385511,1 05-09-2020,4. HS,4,HS,KBK Kbh.,Værløse 3,Simon Pihl,Christian Bach,65403,29235,"21-13, 21-13",home,KBK Kbh.,
2020,1,1,-3,13213,2. division,Pulje 2,385511,1 05-09-2020,1. DD,1,DD,KBK Kbh.,Værløse 3,"Zenia Dam Larsen, Anna Thea Madsen","Julie Frost Andersen, Sofie Nyvang","67649, 64637","156421, 1116","21-12, 21-12",home,KBK Kbh.,
2020,1,1,-3,13213,2. division,Pulje 2,385511,1 05-09-2020,2. DD,2,DD,KBK Kbh.,Værløse 3,"Malena Norrman (EU), Monika Szoke (EU)","Caroline Terreni, Cecilie Frost Andersen","253645, 305450","156270, 156419","21-13, 21-18",home,KBK Kbh.,
2020,1,1,-3,13213,2. division,Pulje 2,385511,1 05-09-2020,1. HD,1,HD,KBK Kbh.,Værløse 3,"Kristoffer Knudsen, Jacob Nilsson (EU)","Rene Mattisson, Kristian Weber","40490, 59082","16173, 212330","21-10, 21-18",home,KBK Kbh.,
2020,1,1,-3,13213,2. division,Pulje 2,385511,1 05-09-2020,2. HD,2,HD,KBK Kbh.,Værløse 3,"Morten Petersen, Simon Pihl","Morten Herschend, Christian Bach","11184, 65403","53507, 29235","21-16, 21-12",home,KBK Kbh.,
2020,1,1,-3,13213,2. division,Pulje 2,385511,1 05-09-2020,3. HD,3,HD,KBK Kbh.,Værløse 3,"Jacob Christian Hede Dahlgaard, Filip Suwanphingkha (EU)","Alexander Andersen, Martin Grue Andreassen","93181, 196567","1068, 73114","21-16, 21-16",home,KBK Kbh.,
2020,1,1,-3,13213,2. division,Pulje 2,385512,1 05-09-2020,1. MD,1,MD,Solrød Strand 3,Holbæk,"Mathias Bang Knudsen, Amanda Madsen","Peter Mørk, Pernille Hansen","54756, 59671","13526, 17062","19-21, 21-13, 21-16",home,Solrød Strand 3,
2020,1,1,-3,13213,2. division,Pulje 2,385512,1 05-09-2020,2. MD,2,MD,Solrød Strand 3,Holbæk,"Daniel Belisario, Joan Christiansen","Thomas Laybourn, Mie Schjøtt-Kristensen","1861, 22440","11557, 14146","19-21, 16-21",away,Holbæk,
2020,1,1,-3,13213,2. division,Pulje 2,385512,1 05-09-2020,1. DS,1,DS,Solrød Strand 3,Holbæk,Nanna Blichfeldt,Benedicte Sillassen,3201,240049,"16-21, 11-21",away,Holbæk,
2020,1,1,-3,13213,2. division,Pulje 2,385512,1 05-09-2020,2. DS,2,DS,Solrød Strand 3,Holbæk,Christina Aagaard,Mathilde Gam,14312,164548,"21-18, 21-17",home,Solrød Strand 3,
2020,1,1,-3,13213,2. division,Pulje 2,385512,1 05-09-2020,1. HS,1,HS,Solrød Strand 3,Holbæk,Peter Correll,Marcus Kruse Pedersen,66570,229469,"16-21, 9-21",away,Holbæk,
2020,1,1,-3,13213,2. division,Pulje 2,385512,1 05-09-2020,2. HS,2,HS,Solrød Strand 3,Holbæk,Jonas Arly Rasmussen,Kasper Sandal,80946,24341,"21-16, 21-17",home,Solrød Strand 3,
2020,1,1,-3,13213,2. division,Pulje 2,385512,1 05-09-2020,3. HS,3,HS,Solrød Strand 3,Holbæk,Phillip Ørbæk,Magnus Toftegaard,25886,1481,"19-21, 22-20, 18-21",away,Holbæk,
2020,1,1,-3,13213,2. division,Pulje 2,385512,1 05-09-2020,4. HS,4,HS,Solrød Strand 3,Holbæk,Malte Thyregod,Nikolaj Andersen,75871,56373,"13-21, 9-21",away,Holbæk,
2020,1,1,-3,13213,2. division,Pulje 2,385512,1 05-09-2020,1. DD,1,DD,Solrød Strand 3,Holbæk,"Joan Christiansen, Amanda Madsen","Mie Schjøtt-Kristensen, Pernille Hansen","22440, 59671","14146, 17062","21-13, 21-3",home,Solrød Strand 3,
2020,1,1,-3,13213,2. division,Pulje 2,385512,1 05-09-2020,2. DD,2,DD,Solrød Strand 3,Holbæk,"Nanna Blichfeldt, Christina Aagaard","Benedicte Sillassen, Mathilde Gam","3201, 14312","240049, 164548","17-21, 21-15, 20-22",away,Holbæk,
2020,1,1,-3,13213,2. division,Pulje 2,385512,1 05-09-2020,1. HD,1,HD,Solrød Strand 3,Holbæk,"Daniel Belisario, Mathias Bang Knudsen","Peter Mørk, Thomas Laybourn","1861, 54756","13526, 11557","21-17, 13-21, 21-14",home,Solrød Strand 3,
2020,1,1,-3,13213,2. division,Pulje 2,385512,1 05-09-2020,2. HD,2,HD,Solrød Strand 3,Holbæk,"Peter Correll, Jonas Arly Rasmussen","Kasper Sandal, Nikolaj Andersen","66570, 80946","24341, 56373","13-21, 10-21",away,Holbæk,
2020,1,1,-3,13213,2. division,Pulje 2,385512,1 05-09-2020,3. HD,3,HD,Solrød Strand 3,Holbæk,"Phillip Ørbæk, Malte Thyregod","Marcus Kruse Pedersen, Magnus Toftegaard","25886, 75871","229469, 1481","17-21, 19-21",away,Holbæk,
2020,1,1,-3,13213,2. division,Pulje 2,385513,1 05-09-2020,1. MD,1,MD,Karlslunde,Greve 3,"Theodor Johansen, Anna Klinke","Frederik Holm, Anne Madsen","50584, 72415","91705, 156374","21-8, 21-10",home,Karlslunde,
2020,1,1,-3,13213,2. division,Pulje 2,385513,1 05-09-2020,2. MD,2,MD,Karlslunde,Greve 3,"Mads Pedersen, Line Møller-Damgaard","Christian Andersen, Amanda Rostholm","34464, 46637","224399, 230591","21-11, 21-14",home,Karlslunde,
2020,1,1,-3,13213,2. division,Pulje 2,385513,1 05-09-2020,1. DS,1,DS,Karlslunde,Greve 3,Line Isberg,Rikke Madsen,13610,1437,"21-17, 21-14",home,Karlslunde,
2020,1,1,-3,13213,2. division,Pulje 2,385513,1 05-09-2020,2. DS,2,DS,Karlslunde,Greve 3,Melanie Louise Skovbo Jakobsen,Cathrine Rosengren,60050,86920,"21-17, 21-19",home,Karlslunde,
2020,1,1,-3,13213,2. division,Pulje 2,385513,1 05-09-2020,1. HS,1,HS,Karlslunde,Greve 3,Rasmus Fladberg,Victor Popp Henriksen,46403,86924,"21-7, 21-10",home,Karlslunde,
2020,1,1,-3,13213,2. division,Pulje 2,385513,1 05-09-2020,2. HS,2,HS,Karlslunde,Greve 3,Thomas Fynbo,Oliver Barsholm,31488,92419,"21-12, 21-8",home,Karlslunde,
2020,1,1,-3,13213,2. division,Pulje 2,385513,1 05-09-2020,3. HS,3,HS,Karlslunde,Greve 3,Simon G. Pedersen,Michael Rasmussen,36212,42503,,home,Karlslunde,K
2020,1,1,-3,13213,2. division,Pulje 2,385513,1 05-09-2020,4. HS,4,HS,Karlslunde,Greve 3,Jeppe Ellebæk,Nikolai Sæthre Rasmussen,38691,156305,"24-22, 21-12",home,Karlslunde,
2020,1,1,-3,13213,2. division,Pulje 2,385513,1 05-09-2020,1. DD,1,DD,Karlslunde,Greve 3,"Anna Klinke, Line Isberg","Anne Madsen, Rikke Madsen","72415, 13610","156374, 1437","17-21, 18-21",away,Greve 3,
2020,1,1,-3,13213,2. division,Pulje 2,385513,1 05-09-2020,2. DD,2,DD,Karlslunde,Greve 3,"Line Møller-Damgaard, Melanie Louise Skovbo Jakobsen","Amanda Rostholm, Cathrine Rosengren","46637, 60050","230591, 86920","21-18, 21-11",home,Karlslunde,
2020,1,1,-3,13213,2. division,Pulje 2,385513,1 05-09-2020,1. HD,1,HD,Karlslunde,Greve 3,"Theodor Johansen, Rasmus Fladberg","Frederik Holm, Oliver Barsholm","50584, 46403","91705, 92419","21-10, 21-7",home,Karlslunde,
2020,1,1,-3,13213,2. division,Pulje 2,385513,1 05-09-2020,2. HD,2,HD,Karlslunde,Greve 3,"Mads Pedersen, Simon G. Pedersen","Victor Popp Henriksen, Michael Rasmussen","34464, 36212","86924, 42503",,home,Karlslunde,K
2020,1,1,-3,13213,2. division,Pulje 2,385513,1 05-09-2020,3. HD,3,HD,Karlslunde,Greve 3,"Thomas Fynbo, Jeppe Ellebæk","Nikolai Sæthre Rasmussen, Christian Andersen","31488, 38691","156305, 224399","21-12, 21-12",home,Karlslunde,
2020,1,1,-3,13213,2. division,Pulje 2,385514,2 19-09-2020,1. MD,1,MD,Holbæk,Skovshoved 3,"Thomas Laybourn, Pernille Hansen","Mouritz Troels Munk, Sophie Kampmann","11557, 17062","2746, 41709","21-19, 14-21, 17-21",away,Skovshoved 3,
2020,1,1,-3,13213,2. division,Pulje 2,385514,2 19-09-2020,2. MD,2,MD,Holbæk,Skovshoved 3,"Lasse Sandal, Katja Elm Jensen","Christoffer Voldsgaard Holm, Marie-Louise Guhle Abildgaard","82389, 21280","81006, 365","19-21, 21-14, 17-21",away,Skovshoved 3,
2020,1,1,-3,13213,2. division,Pulje 2,385514,2 19-09-2020,1. DS,1,DS,Holbæk,Skovshoved 3,Benedicte Sillassen,Mie Andersson,240049,197624,"21-8, 21-18",home,Holbæk,
2020,1,1,-3,13213,2. division,Pulje 2,385514,2 19-09-2020,2. DS,2,DS,Holbæk,Skovshoved 3,Mathilde Gam,Mette Viscovich,164548,10040,"21-18, 21-16",home,Holbæk,
2020,1,1,-3,13213,2. division,Pulje 2,385514,2 19-09-2020,1. HS,1,HS,Holbæk,Skovshoved 3,Marcus Kruse Pedersen,Marcus Viscovich,229469,3127,"15-21, 17-21",away,Skovshoved 3,
2020,1,1,-3,13213,2. division,Pulje 2,385514,2 19-09-2020,2. HS,2,HS,Holbæk,Skovshoved 3,Kasper Sandal,Rasmus Middelbo Eigtved,24341,67134,"21-19, 19-21, 21-12",home,Holbæk,
2020,1,1,-3,13213,2. division,Pulje 2,385514,2 19-09-2020,3. HS,3,HS,Holbæk,Skovshoved 3,Magnus Toftegaard,Henrik Koblauch,1481,12863,"17-21, 21-19, 21-13",home,Holbæk,
2020,1,1,-3,13213,2. division,Pulje 2,385514,2 19-09-2020,4. HS,4,HS,Holbæk,Skovshoved 3,Nikolaj Andersen,Johnny Hast Hansen,56373,9673,"21-9, 21-15",home,Holbæk,
2020,1,1,-3,13213,2. division,Pulje 2,385514,2 19-09-2020,1. DD,1,DD,Holbæk,Skovshoved 3,"Katja Elm Jensen, Pernille Hansen","Mette Viscovich, Sophie Kampmann","21280, 17062","10040, 41709","14-21, 22-20, 15-21",away,Skovshoved 3,
2020,1,1,-3,13213,2. division,Pulje 2,385514,2 19-09-2020,2. DD,2,DD,Holbæk,Skovshoved 3,"Benedicte Sillassen, Mathilde Gam","Mie Andersson, Marie-Louise Guhle Abildgaard","240049, 164548","197624, 365","21-15, 21-18",home,Holbæk,
2020,1,1,-3,13213,2. division,Pulje 2,385514,2 19-09-2020,1. HD,1,HD,Holbæk,Skovshoved 3,"Kasper Sandal, Nikolaj Andersen","Rasmus Middelbo Eigtved, Christoffer Voldsgaard Holm","24341, 56373","67134, 81006","17-21, 22-20, 21-19",home,Holbæk,
2020,1,1,-3,13213,2. division,Pulje 2,385514,2 19-09-2020,2. HD,2,HD,Holbæk,Skovshoved 3,"Lasse Sandal, Magnus Toftegaard","Mouritz Troels Munk, Henrik Koblauch","82389, 1481","2746, 12863","20-22, 12-21",away,Skovshoved 3,
2020,1,1,-3,13213,2. division,Pulje 2,385514,2 19-09-2020,3. HD,3,HD,Holbæk,Skovshoved 3,"Thomas Laybourn, Marcus Kruse Pedersen","Johnny Hast Hansen, Marcus Viscovich","11557, 229469","9673, 3127","21-19, 21-15",home,Holbæk,
2020,1,1,-3,13213,2. division,Pulje 2,385515,2 19-09-2020,1. MD,1,MD,Greve 3,KBK Kbh.,"Frederik Holm, Anne Madsen","Kristoffer Knudsen, Zenia Dam Larsen","91705, 156374","40490, 67649","8-21, 11-21",away,KBK Kbh.,
2020,1,1,-3,13213,2. division,Pulje 2,385515,2 19-09-2020,2. MD,2,MD,Greve 3,KBK Kbh.,"Michael Rasmussen, Rikke Blume","Morten Petersen, Malena Norrman (EU)","42503, 115941","11184, 253645","13-21, 15-21",away,KBK Kbh.,
2020,1,1,-3,13213,2. division,Pulje 2,385515,2 19-09-2020,1. DS,1,DS,Greve 3,KBK Kbh.,Annemarie Hertz Hansen,Anna Thea Madsen,91489,64637,"16-21, 12-21",away,KBK Kbh.,
2020,1,1,-3,13213,2. division,Pulje 2,385515,2 19-09-2020,2. DS,2,DS,Greve 3,KBK Kbh.,Rikke Madsen,Monika Szoke (EU),1437,305450,"15-21, 11-21",away,KBK Kbh.,
2020,1,1,-3,13213,2. division,Pulje 2,385515,2 19-09-2020,1. HS,1,HS,Greve 3,KBK Kbh.,Victor Popp Henriksen,Jacob Nilsson (EU),86924,59082,"8-21, 13-21",away,KBK Kbh.,
2020,1,1,-3,13213,2. division,Pulje 2,385515,2 19-09-2020,2. HS,2,HS,Greve 3,KBK Kbh.,Oliver Barsholm,Filip Suwanphingkha (EU),92419,196567,"11-21, 14-21",away,KBK Kbh.,
2020,1,1,-3,13213,2. division,Pulje 2,385515,2 19-09-2020,3. HS,3,HS,Greve 3,KBK Kbh.,Nikolai Sæthre Rasmussen,Yohannaan Banchard Fernando,156305,214095,"15-21, 22-20, 22-24",away,KBK Kbh.,
2020,1,1,-3,13213,2. division,Pulje 2,385515,2 19-09-2020,4. HS,4,HS,Greve 3,KBK Kbh.,Anton Seerup Jensen,Simon Pihl,167893,65403,"5-21, 15-21",away,KBK Kbh.,
2020,1,1,-3,13213,2. division,Pulje 2,385515,2 19-09-2020,1. DD,1,DD,Greve 3,KBK Kbh.,"Anne Madsen, Rikke Madsen","Anna Thea Madsen, Zenia Dam Larsen","156374, 1437","64637, 67649","21-13, 11-21, 11-21",away,KBK Kbh.,
2020,1,1,-3,13213,2. division,Pulje 2,385515,2 19-09-2020,2. DD,2,DD,Greve 3,KBK Kbh.,"Annemarie Hertz Hansen, Rikke Blume","Malena Norrman (EU), Monika Szoke (EU)","91489, 115941","253645, 305450","13-21, 12-21",away,KBK Kbh.,
2020,1,1,-3,13213,2. division,Pulje 2,385515,2 19-09-2020,1. HD,1,HD,Greve 3,KBK Kbh.,"Frederik Holm, Oliver Barsholm","Kristoffer Knudsen, Jacob Nilsson (EU)","91705, 92419","40490, 59082","11-21, 14-21",away,KBK Kbh.,
2020,1,1,-3,13213,2. division,Pulje 2,385515,2 19-09-2020,2. HD,2,HD,Greve 3,KBK Kbh.,"Nikolai Sæthre Rasmussen, Michael Rasmussen","Simon Pihl, Filip Suwanphingkha (EU)","156305, 42503","65403, 196567","21-17, 21-23, 12-21",away,KBK Kbh.,
2020,1,1,-3,13213,2. division,Pulje 2,385515,2 19-09-2020,3. HD,3,HD,Greve 3,KBK Kbh.,"Victor Popp Henriksen, Anton Seerup Jensen","Yohannaan Banchard Fernando, Morten Petersen","86924, 167893","214095, 11184","20-22, 13-21",away,KBK Kbh.,
2020,1,1,-3,13213,2. division,Pulje 2,385516,2 19-09-2020,1. MD,1,MD,Gentofte 2,Solrød Strand 3,"Kristian Høholdt Kræmer, Louise Thorsager","Thomas Dew-Hattens, Lena Grebak","88747, 88463","53686, 44222","21-19, 21-19",home,Gentofte 2,
2020,1,1,-3,13213,2. division,Pulje 2,385516,2 19-09-2020,2. MD,2,MD,Gentofte 2,Solrød Strand 3,"Andreas Bøgebjerg, Anne Pedersen","Mathias Bang Knudsen, Joan Christiansen","88851, 13152","54756, 22440","21-19, 11-21, 17-21",away,Solrød Strand 3,
2020,1,1,-3,13213,2. division,Pulje 2,385516,2 19-09-2020,1. DS,1,DS,Gentofte 2,Solrød Strand 3,Carla Mogensen,Emilie Melgaard,796,185,"14-21, 18-21",away,Solrød Strand 3,
2020,1,1,-3,13213,2. division,Pulje 2,385516,2 19-09-2020,2. DS,2,DS,Gentofte 2,Solrød Strand 3,Hannah Perregaard,Christina Aagaard,43433,14312,"20-22, 20-22",away,Solrød Strand 3,
2020,1,1,-3,13213,2. division,Pulje 2,385516,2 19-09-2020,1. HS,1,HS,Gentofte 2,Solrød Strand 3,Christopher Vittoriani,Jonas Arly Rasmussen,3269,80946,"21-13, 21-14",home,Gentofte 2,
2020,1,1,-3,13213,2. division,Pulje 2,385516,2 19-09-2020,2. HS,2,HS,Gentofte 2,Solrød Strand 3,Victor Ørding Kauffmann,Phillip Ørbæk,91606,25886,"21-10, 21-16",home,Gentofte 2,
2020,1,1,-3,13213,2. division,Pulje 2,385516,2 19-09-2020,3. HS,3,HS,Gentofte 2,Solrød Strand 3,Oscar Sunekær Bertelsen,Malte Thyregod,2554,75871,"21-11, 21-12",home,Gentofte 2,
2020,1,1,-3,13213,2. division,Pulje 2,385516,2 19-09-2020,4. HS,4,HS,Gentofte 2,Solrød Strand 3,Nicolai Müller,Daniel Belisario,31799,1861,"21-12, 21-12",home,Gentofte 2,
2020,1,1,-3,13213,2. division,Pulje 2,385516,2 19-09-2020,1. DD,1,DD,Gentofte 2,Solrød Strand 3,"Louise Thorsager, Anne Pedersen","Joan Christiansen, Lena Grebak","88463, 13152","22440, 44222","8-21, 5-21",away,Solrød Strand 3,
2020,1,1,-3,13213,2. division,Pulje 2,385516,2 19-09-2020,2. DD,2,DD,Gentofte 2,Solrød Strand 3,"Hannah Perregaard, Carla Mogensen","Christina Aagaard, Emilie Melgaard","43433, 796","14312, 185","16-21, 21-19, 18-21",away,Solrød Strand 3,
2020,1,1,-3,13213,2. division,Pulje 2,385516,2 19-09-2020,1. HD,1,HD,Gentofte 2,Solrød Strand 3,"Kristian Høholdt Kræmer, Nicolai Müller","Mathias Bang Knudsen, Thomas Dew-Hattens","88747, 31799","54756, 53686","21-16, 16-21, 21-17",home,Gentofte 2,
2020,1,1,-3,13213,2. division,Pulje 2,385516,2 19-09-2020,2. HD,2,HD,Gentofte 2,Solrød Strand 3,"Christopher Vittoriani, Victor Ørding Kauffmann","Phillip Ørbæk, Daniel Belisario","3269, 91606","25886, 1861","21-17, 21-18",home,Gentofte 2,
2020,1,1,-3,13213,2. division,Pulje 2,385516,2 19-09-2020,3. HD,3,HD,Gentofte 2,Solrød Strand 3,"Oscar Sunekær Bertelsen, Andreas Bøgebjerg","Malte Thyregod, Jonas Arly Rasmussen","2554, 88851","75871, 80946","21-15, 21-10",home,Gentofte 2,
2020,1,1,-3,13213,2. division,Pulje 2,385517,2 19-09-2020,1. MD,1,MD,Værløse 3,Karlslunde,"Rene Mattisson, Caroline Terreni","Theodor Johansen, Anna Klinke","16173, 156270","50584, 72415","10-21, 9-21",away,Karlslunde,
2020,1,1,-3,13213,2. division,Pulje 2,385517,2 19-09-2020,2. MD,2,MD,Værløse 3,Karlslunde,"Morten Estrup, Julie Frost Andersen","Mads Pedersen, Line Møller-Damgaard","29127, 156421","34464, 46637","14-21, 10-21",away,Karlslunde,
2020,1,1,-3,13213,2. division,Pulje 2,385517,2 19-09-2020,1. DS,1,DS,Værløse 3,Karlslunde,Kirstine Duer Thorsen,Line Isberg,2560,13610,"8-21, 8-21",away,Karlslunde,
2020,1,1,-3,13213,2. division,Pulje 2,385517,2 19-09-2020,2. DS,2,DS,Værløse 3,Karlslunde,Josephine Van Zaane,Melanie Louise Skovbo Jakobsen,52587,60050,"21-19, 21-11",home,Værløse 3,
2020,1,1,-3,13213,2. division,Pulje 2,385517,2 19-09-2020,1. HS,1,HS,Værløse 3,Karlslunde,Alexander Andersen,Rasmus Fladberg,1068,46403,"10-21, 21-16, 22-24",away,Karlslunde,
2020,1,1,-3,13213,2. division,Pulje 2,385517,2 19-09-2020,2. HS,2,HS,Værløse 3,Karlslunde,Morten Herschend,Thomas Fynbo,53507,31488,"9-21, 12-21",away,Karlslunde,
2020,1,1,-3,13213,2. division,Pulje 2,385517,2 19-09-2020,3. HS,3,HS,Værløse 3,Karlslunde,Christian Bach,Simon G. Pedersen,29235,36212,"19-21, 21-12, 21-11",home,Værløse 3,
2020,1,1,-3,13213,2. division,Pulje 2,385517,2 19-09-2020,4. HS,4,HS,Værløse 3,Karlslunde,Kristian Weber,Jeppe Ellebæk,212330,38691,"12-21, 10-21",away,Karlslunde,
2020,1,1,-3,13213,2. division,Pulje 2,385517,2 19-09-2020,1. DD,1,DD,Værløse 3,Karlslunde,"Caroline Terreni, Kirstine Duer Thorsen","Line Isberg, Anna Klinke","156270, 2560","13610, 72415","16-21, 13-21",away,Karlslunde,
2020,1,1,-3,13213,2. division,Pulje 2,385517,2 19-09-2020,2. DD,2,DD,Værløse 3,Karlslunde,"Josephine Van Zaane, Julie Frost Andersen","Line Møller-Damgaard, Melanie Louise Skovbo Jakobsen","52587, 156421","46637, 60050","21-15, 21-17",home,Værløse 3,
2020,1,1,-3,13213,2. division,Pulje 2,385517,2 19-09-2020,1. HD,1,HD,Værløse 3,Karlslunde,"Rene Mattisson, Kristian Weber","Rasmus Fladberg, Theodor Johansen","16173, 212330","46403, 50584","14-21, 18-21",away,Karlslunde,
2020,1,1,-3,13213,2. division,Pulje 2,385517,2 19-09-2020,2. HD,2,HD,Værløse 3,Karlslunde,"Christian Bach, Morten Herschend","Mads Pedersen, Simon G. Pedersen","29235, 53507","34464, 36212","12-21, 9-21",away,Karlslunde,
2020,1,1,-3,13213,2. division,Pulje 2,385517,2 19-09-2020,3. HD,3,HD,Værløse 3,Karlslunde,"Alexander Andersen, Morten Estrup","Thomas Fynbo, Jeppe Ellebæk","1068, 29127","31488, 38691","18-21, 14-21",away,Karlslunde,
2020,1,1,-3,13213,2. division,Pulje 2,385518,3 03-10-2020,1. MD,1,MD,KBK Kbh.,Skovshoved 3,"Kristoffer Knudsen, Zenia Dam Larsen","Tobias Middelbo Eigtved, Mette Viscovich","40490, 67649","86927, 10040","21-14, 21-15",home,KBK Kbh.,
2020,1,1,-3,13213,2. division,Pulje 2,385518,3 03-10-2020,2. MD,2,MD,KBK Kbh.,Skovshoved 3,"Morten Petersen, Malena Norrman (EU)","Mouritz Troels Munk, Sophie Kampmann","11184, 253645","2746, 41709","21-17, 20-22, 21-14",home,KBK Kbh.,
2020,1,1,-3,13213,2. division,Pulje 2,385518,3 03-10-2020,1. DS,1,DS,KBK Kbh.,Skovshoved 3,Anna Thea Madsen,Mie Andersson,64637,197624,"21-17, 21-14",home,KBK Kbh.,
2020,1,1,-3,13213,2. division,Pulje 2,385518,3 03-10-2020,2. DS,2,DS,KBK Kbh.,Skovshoved 3,Monika Szoke (EU),Mette K. Pedersen,305450,12846,"21-16, 21-11",home,KBK Kbh.,
2020,1,1,-3,13213,2. division,Pulje 2,385518,3 03-10-2020,1. HS,1,HS,KBK Kbh.,Skovshoved 3,Jacob Nilsson (EU),Kári Gunnarsson,59082,39868,"21-14, 21-12",home,KBK Kbh.,
2020,1,1,-3,13213,2. division,Pulje 2,385518,3 03-10-2020,2. HS,2,HS,KBK Kbh.,Skovshoved 3,Filip Suwanphingkha (EU),Marcus Viscovich,196567,3127,"21-12, 17-21, 20-22",away,Skovshoved 3,
2020,1,1,-3,13213,2. division,Pulje 2,385518,3 03-10-2020,3. HS,3,HS,KBK Kbh.,Skovshoved 3,Jacob Christian Hede Dahlgaard,Rasmus Middelbo Eigtved,93181,67134,"17-21, 21-13, 16-21",away,Skovshoved 3,
2020,1,1,-3,13213,2. division,Pulje 2,385518,3 03-10-2020,4. HS,4,HS,KBK Kbh.,Skovshoved 3,Simon Pihl,Morten Spurr Madsen,65403,21658,"25-23, 21-12",home,KBK Kbh.,
2020,1,1,-3,13213,2. division,Pulje 2,385518,3 03-10-2020,1. DD,1,DD,KBK Kbh.,Skovshoved 3,"Anna Thea Madsen, Zenia Dam Larsen","Mette Viscovich, Sophie Kampmann","64637, 67649","10040, 41709","21-15, 21-16",home,KBK Kbh.,
2020,1,1,-3,13213,2. division,Pulje 2,385518,3 03-10-2020,2. DD,2,DD,KBK Kbh.,Skovshoved 3,"Malena Norrman (EU), Monika Szoke (EU)","Mette K. Pedersen, Mie Andersson","253645, 305450","12846, 197624","21-11, 21-15",home,KBK Kbh.,
2020,1,1,-3,13213,2. division,Pulje 2,385518,3 03-10-2020,1. HD,1,HD,KBK Kbh.,Skovshoved 3,"Kristoffer Knudsen, Jacob Nilsson (EU)","Kári Gunnarsson, Tobias Middelbo Eigtved","40490, 59082","39868, 86927","21-8, 21-16",home,KBK Kbh.,
2020,1,1,-3,13213,2. division,Pulje 2,385518,3 03-10-2020,2. HD,2,HD,KBK Kbh.,Skovshoved 3,"Jacob Christian Hede Dahlgaard, Simon Pihl","Mouritz Troels Munk, Rasmus Middelbo Eigtved","93181, 65403","2746, 67134","13-21, 21-16, 15-21",away,Skovshoved 3,
2020,1,1,-3,13213,2. division,Pulje 2,385518,3 03-10-2020,3. HD,3,HD,KBK Kbh.,Skovshoved 3,"Morten Petersen, Filip Suwanphingkha (EU)","Morten Spurr Madsen, Marcus Viscovich","11184, 196567","21658, 3127","20-22, 13-21",away,Skovshoved 3,
2020,1,1,-3,13213,2. division,Pulje 2,385519,3 03-10-2020,1. MD,1,MD,Værløse 3,Gentofte 2,"Morten Estrup, Julie Frost Andersen","Kristian Høholdt Kræmer, Louise Thorsager","29127, 156421","88747, 88463","14-21, 21-19, 13-21",away,Gentofte 2,
2020,1,1,-3,13213,2. division,Pulje 2,385519,3 03-10-2020,2. MD,2,MD,Værløse 3,Gentofte 2,"Kristian Weber, Caroline Terreni","Andreas Bøgebjerg, Anne Pedersen","212330, 156270","88851, 13152","13-21, 19-21",away,Gentofte 2,
2020,1,1,-3,13213,2. division,Pulje 2,385519,3 03-10-2020,1. DS,1,DS,Værløse 3,Gentofte 2,Astrid Molander,Carla Mogensen,2983,796,"21-14, 21-19",home,Værløse 3,
2020,1,1,-3,13213,2. division,Pulje 2,385519,3 03-10-2020,2. DS,2,DS,Værløse 3,Gentofte 2,Emma Abbotts,Hannah Perregaard,89157,43433,"15-21, 20-22",away,Gentofte 2,
2020,1,1,-3,13213,2. division,Pulje 2,385519,3 03-10-2020,1. HS,1,HS,Værløse 3,Gentofte 2,Alexander Andersen,Joshua Eipe,1068,62702,"6-21, 6-21",away,Gentofte 2,
2020,1,1,-3,13213,2. division,Pulje 2,385519,3 03-10-2020,2. HS,2,HS,Værløse 3,Gentofte 2,Martin Grue Andreassen,Victor Ørding Kauffmann,73114,91606,"17-21, 15-21",away,Gentofte 2,
2020,1,1,-3,13213,2. division,Pulje 2,385519,3 03-10-2020,3. HS,3,HS,Værløse 3,Gentofte 2,Morten Herschend,Oscar Sunekær Bertelsen,53507,2554,"8-21, 13-21",away,Gentofte 2,
2020,1,1,-3,13213,2. division,Pulje 2,385519,3 03-10-2020,4. HS,4,HS,Værløse 3,Gentofte 2,Christian Bach,Nicolai Müller,29235,31799,"15-21, 18-21",away,Gentofte 2,
2020,1,1,-3,13213,2. division,Pulje 2,385519,3 03-10-2020,1. DD,1,DD,Værløse 3,Gentofte 2,"Caroline Terreni, Astrid Molander","Hannah Perregaard, Carla Mogensen","156270, 2983","43433, 796","21-13, 16-21, 21-15",home,Værløse 3,
2020,1,1,-3,13213,2. division,Pulje 2,385519,3 03-10-2020,2. DD,2,DD,Værløse 3,Gentofte 2,"Julie Frost Andersen, Emma Abbotts","Louise Thorsager, Anne Pedersen","156421, 89157","88463, 13152","16-21, 16-21",away,Gentofte 2,
2020,1,1,-3,13213,2. division,Pulje 2,385519,3 03-10-2020,1. HD,1,HD,Værløse 3,Gentofte 2,"Kristian Weber, Morten Estrup","Joshua Eipe, Nicolai Müller","212330, 29127","62702, 31799","11-21, 18-21",away,Gentofte 2,
2020,1,1,-3,13213,2. division,Pulje 2,385519,3 03-10-2020,2. HD,2,HD,Værløse 3,Gentofte 2,"Christian Bach, Morten Herschend","Kristian Høholdt Kræmer, Victor Ørding Kauffmann","29235, 53507","88747, 91606","16-21, 14-21",away,Gentofte 2,
2020,1,1,-3,13213,2. division,Pulje 2,385519,3 03-10-2020,3. HD,3,HD,Værløse 3,Gentofte 2,"Martin Grue Andreassen, Alexander Andersen","Andreas Bøgebjerg, Oscar Sunekær Bertelsen","73114, 1068","88851, 2554","18-21, 14-21",away,Gentofte 2,
2020,1,1,-3,13213,2. division,Pulje 2,385520,3 03-10-2020,1. MD,1,MD,Karlslunde,Solrød Strand 3,"Theodor Johansen, Anna Klinke","Marcus Rindshøj, Lena Grebak","50584, 72415","3198, 44222","13-21, 12-21",away,Solrød Strand 3,
2020,1,1,-3,13213,2. division,Pulje 2,385520,3 03-10-2020,2. MD,2,MD,Karlslunde,Solrød Strand 3,"Mads Pedersen, Line Møller-Damgaard","Thomas Dew-Hattens, Joan Christiansen","34464, 46637","53686, 22440","21-17, 18-21, 21-17",home,Karlslunde,
2020,1,1,-3,13213,2. division,Pulje 2,385520,3 03-10-2020,1. DS,1,DS,Karlslunde,Solrød Strand 3,Line Isberg,Nanna Blichfeldt,13610,3201,"16-21, 21-16, 16-21",away,Solrød Strand 3,
2020,1,1,-3,13213,2. division,Pulje 2,385520,3 03-10-2020,2. DS,2,DS,Karlslunde,Solrød Strand 3,Melanie Louise Skovbo Jakobsen,Emilie Melgaard,60050,185,"20-22, 13-21",away,Solrød Strand 3,
2020,1,1,-3,13213,2. division,Pulje 2,385520,3 03-10-2020,1. HS,1,HS,Karlslunde,Solrød Strand 3,Rasmus Fladberg,Peter Correll,46403,66570,"21-8, 21-7",home,Karlslunde,
2020,1,1,-3,13213,2. division,Pulje 2,385520,3 03-10-2020,2. HS,2,HS,Karlslunde,Solrød Strand 3,Thomas Fynbo,Jonas Arly Rasmussen,31488,80946,"21-19, 21-16",home,Karlslunde,
2020,1,1,-3,13213,2. division,Pulje 2,385520,3 03-10-2020,3. HS,3,HS,Karlslunde,Solrød Strand 3,Simon G. Pedersen,Theis Christiansen,36212,14178,"21-23, 13-21",away,Solrød Strand 3,
2020,1,1,-3,13213,2. division,Pulje 2,385520,3 03-10-2020,4. HS,4,HS,Karlslunde,Solrød Strand 3,Martin Jensen,Mathias Bang Knudsen,14072,54756,"21-13, 24-22",home,Karlslunde,
2020,1,1,-3,13213,2. division,Pulje 2,385520,3 03-10-2020,1. DD,1,DD,Karlslunde,Solrød Strand 3,"Anna Klinke, Line Møller-Damgaard","Joan Christiansen, Lena Grebak","72415, 46637","22440, 44222","16-21, 19-21",away,Solrød Strand 3,
2020,1,1,-3,13213,2. division,Pulje 2,385520,3 03-10-2020,2. DD,2,DD,Karlslunde,Solrød Strand 3,"Line Isberg, Melanie Louise Skovbo Jakobsen","Nanna Blichfeldt, Emilie Melgaard","13610, 60050","3201, 185","21-19, 21-19",home,Karlslunde,
2020,1,1,-3,13213,2. division,Pulje 2,385520,3 03-10-2020,1. HD,1,HD,Karlslunde,Solrød Strand 3,"Rasmus Fladberg, Theodor Johansen","Theis Christiansen, Marcus Rindshøj","46403, 50584","14178, 3198","21-15, 21-9",home,Karlslunde,
2020,1,1,-3,13213,2. division,Pulje 2,385520,3 03-10-2020,2. HD,2,HD,Karlslunde,Solrød Strand 3,"Simon G. Pedersen, Mads Pedersen","Mathias Bang Knudsen, Thomas Dew-Hattens","36212, 34464","54756, 53686","18-21, 21-18, 19-21",away,Solrød Strand 3,
2020,1,1,-3,13213,2. division,Pulje 2,385520,3 03-10-2020,3. HD,3,HD,Karlslunde,Solrød Strand 3,"Thomas Fynbo, Martin Jensen","Peter Correll, Jonas Arly Rasmussen","31488, 14072","66570, 80946","21-13, 18-21, 21-15",home,Karlslunde,
2020,1,1,-3,13213,2. division,Pulje 2,385521,3 03-10-2020,1. MD,1,MD,Greve 3,Holbæk,"Frederik Holm, Anne Madsen","Thomas Laybourn, Pernille Hansen","91705, 156374","11557, 17062","7-21, 12-21",away,Holbæk,
2020,1,1,-3,13213,2. division,Pulje 2,385521,3 03-10-2020,2. MD,2,MD,Greve 3,Holbæk,"Michael Rasmussen, Amanda Rostholm","Peter Mørk, Katja Elm Jensen","42503, 230591","13526, 21280","14-21, 14-21",away,Holbæk,
2020,1,1,-3,13213,2. division,Pulje 2,385521,3 03-10-2020,1. DS,1,DS,Greve 3,Holbæk,Rikke Madsen,Benedicte Sillassen,1437,240049,"16-21, 16-21",away,Holbæk,
2020,1,1,-3,13213,2. division,Pulje 2,385521,3 03-10-2020,2. DS,2,DS,Greve 3,Holbæk,Cathrine Rosengren,Mathilde Gam,86920,164548,"7-21, 17-21",away,Holbæk,
2020,1,1,-3,13213,2. division,Pulje 2,385521,3 03-10-2020,1. HS,1,HS,Greve 3,Holbæk,Victor Popp Henriksen,Marcus Kruse Pedersen,86924,229469,"14-21, 10-21",away,Holbæk,
2020,1,1,-3,13213,2. division,Pulje 2,385521,3 03-10-2020,2. HS,2,HS,Greve 3,Holbæk,Oliver Barsholm,Kasper Sandal,92419,24341,"14-21, 19-21",away,Holbæk,
2020,1,1,-3,13213,2. division,Pulje 2,385521,3 03-10-2020,3. HS,3,HS,Greve 3,Holbæk,Nikolai Sæthre Rasmussen,Magnus Toftegaard,156305,1481,"21-12, 21-11",home,Greve 3,
2020,1,1,-3,13213,2. division,Pulje 2,385521,3 03-10-2020,4. HS,4,HS,Greve 3,Holbæk,Anton Seerup Jensen,Nikolaj Andersen,167893,56373,"21-16, 19-21, 16-21",away,Holbæk,
2020,1,1,-3,13213,2. division,Pulje 2,385521,3 03-10-2020,1. DD,1,DD,Greve 3,Holbæk,"Rikke Madsen, Anne Madsen","Katja Elm Jensen, Pernille Hansen","1437, 156374","21280, 17062","21-19, 21-18",home,Greve 3,
2020,1,1,-3,13213,2. division,Pulje 2,385521,3 03-10-2020,2. DD,2,DD,Greve 3,Holbæk,"Amanda Rostholm, Cathrine Rosengren","Benedicte Sillassen, Mathilde Gam","230591, 86920","240049, 164548","18-21, 11-21",away,Holbæk,
2020,1,1,-3,13213,2. division,Pulje 2,385521,3 03-10-2020,1. HD,1,HD,Greve 3,Holbæk,"Oliver Barsholm, Frederik Holm","Nikolaj Andersen, Kasper Sandal","92419, 91705","56373, 24341","12-21, 10-21",away,Holbæk,
2020,1,1,-3,13213,2. division,Pulje 2,385521,3 03-10-2020,2. HD,2,HD,Greve 3,Holbæk,"Michael Rasmussen, Nikolai Sæthre Rasmussen","Peter Mørk, Thomas Laybourn","42503, 156305","13526, 11557","6-21, 13-21",away,Holbæk,
2020,1,1,-3,13213,2. division,Pulje 2,385521,3 03-10-2020,3. HD,3,HD,Greve 3,Holbæk,"Anton Seerup Jensen, Victor Popp Henriksen","Magnus Toftegaard, Marcus Kruse Pedersen","167893, 86924","1481, 229469","17-21, 15-21",away,Holbæk,
2020,1,1,-3,13213,2. division,Pulje 2,385522,4 24-10-2020,1. MD,1,MD,Gentofte 2,KBK Kbh.,"Kristian Høholdt Kræmer, Louise Thorsager","Kristoffer Knudsen, Zenia Dam Larsen","88747, 88463","40490, 67649","7-21, 11-21",away,KBK Kbh.,
2020,1,1,-3,13213,2. division,Pulje 2,385522,4 24-10-2020,2. MD,2,MD,Gentofte 2,KBK Kbh.,"Andreas Bøgebjerg, Spela Silvester Laumand","Morten Petersen, Malena Norrman (EU)","88851, 92423","11184, 253645","21-23, 17-21",away,KBK Kbh.,
2020,1,1,-3,13213,2. division,Pulje 2,385522,4 24-10-2020,1. DS,1,DS,Gentofte 2,KBK Kbh.,Carla Mogensen,Anna Thea Madsen,796,64637,"8-21, 12-21",away,KBK Kbh.,
2020,1,1,-3,13213,2. division,Pulje 2,385522,4 24-10-2020,2. DS,2,DS,Gentofte 2,KBK Kbh.,Hannah Perregaard,Monika Szoke (EU),43433,305450,"19-21, 13-21",away,KBK Kbh.,
2020,1,1,-3,13213,2. division,Pulje 2,385522,4 24-10-2020,1. HS,1,HS,Gentofte 2,KBK Kbh.,Joshua Eipe,Jacob Nilsson (EU),62702,59082,"19-21, 14-21",away,KBK Kbh.,
2020,1,1,-3,13213,2. division,Pulje 2,385522,4 24-10-2020,2. HS,2,HS,Gentofte 2,KBK Kbh.,Victor Ørding Kauffmann,Filip Suwanphingkha (EU),91606,196567,"21-13, 17-21, 21-13",home,Gentofte 2,
2020,1,1,-3,13213,2. division,Pulje 2,385522,4 24-10-2020,3. HS,3,HS,Gentofte 2,KBK Kbh.,Oscar Sunekær Bertelsen,Yohannaan Banchard Fernando,2554,214095,"21-9, 17-21, 21-18",home,Gentofte 2,
2020,1,1,-3,13213,2. division,Pulje 2,385522,4 24-10-2020,4. HS,4,HS,Gentofte 2,KBK Kbh.,Nicolai Müller,Simon Pihl,31799,65403,"21-12, 21-19",home,Gentofte 2,
2020,1,1,-3,13213,2. division,Pulje 2,385522,4 24-10-2020,1. DD,1,DD,Gentofte 2,KBK Kbh.,"Louise Thorsager, Spela Silvester Laumand","Anna Thea Madsen, Zenia Dam Larsen","88463, 92423","64637, 67649","14-21, 10-21",away,KBK Kbh.,
2020,1,1,-3,13213,2. division,Pulje 2,385522,4 24-10-2020,2. DD,2,DD,Gentofte 2,KBK Kbh.,"Hannah Perregaard, Carla Mogensen","Malena Norrman (EU), Monika Szoke (EU)","43433, 796","253645, 305450","21-17, 18-21, 8-21",away,KBK Kbh.,
2020,1,1,-3,13213,2. division,Pulje 2,385522,4 24-10-2020,1. HD,1,HD,Gentofte 2,KBK Kbh.,"Joshua Eipe, Nicolai Müller","Kristoffer Knudsen, Jacob Nilsson (EU)","62702, 31799","40490, 59082","19-21, 21-11, 17-21",away,KBK Kbh.,
2020,1,1,-3,13213,2. division,Pulje 2,385522,4 24-10-2020,2. HD,2,HD,Gentofte 2,KBK Kbh.,"Victor Ørding Kauffmann, Kristian Høholdt Kræmer","Simon Pihl, Morten Petersen","91606, 88747","65403, 11184","21-19, 21-10",home,Gentofte 2,
2020,1,1,-3,13213,2. division,Pulje 2,385522,4 24-10-2020,3. HD,3,HD,Gentofte 2,KBK Kbh.,"Oscar Sunekær Bertelsen, Andreas Bøgebjerg","Filip Suwanphingkha (EU), Yohannaan Banchard Fernando","2554, 88851","196567, 214095","21-14, 21-19",home,Gentofte 2,
2020,1,1,-3,13213,2. division,Pulje 2,385523,4 24-10-2020,1. MD,1,MD,Solrød Strand 3,Værløse 3,"Thomas Dew-Hattens, Amanda Abildgaard","Morten Estrup, Sussie Steindal","53686, 158752","29127, 42550","21-23, 21-16, 21-14",home,Solrød Strand 3,
2020,1,1,-3,13213,2. division,Pulje 2,385523,4 24-10-2020,2. MD,2,MD,Solrød Strand 3,Værløse 3,"Mathias Bang Knudsen, Christina Aagaard","Kristian Weber, Caroline Terreni","54756, 14312","212330, 156270","21-15, 21-16",home,Solrød Strand 3,
2020,1,1,-3,13213,2. division,Pulje 2,385523,4 24-10-2020,1. DS,1,DS,Solrød Strand 3,Værløse 3,Emilie Melgaard,Josephine Van Zaane,185,52587,"21-13, 21-11",home,Solrød Strand 3,
2020,1,1,-3,13213,2. division,Pulje 2,385523,4 24-10-2020,2. DS,2,DS,Solrød Strand 3,Værløse 3,Nanna Blichfeldt,Emma Abbotts,3201,89157,"21-11, 21-14",home,Solrød Strand 3,
2020,1,1,-3,13213,2. division,Pulje 2,385523,4 24-10-2020,1. HS,1,HS,Solrød Strand 3,Værløse 3,Christoffer Elbrønd,Alexander Andersen,85566,1068,"21-16, 21-15",home,Solrød Strand 3,
2020,1,1,-3,13213,2. division,Pulje 2,385523,4 24-10-2020,2. HS,2,HS,Solrød Strand 3,Værløse 3,Peter Correll,Morten Herschend,66570,53507,"18-21, 11-21",away,Værløse 3,
2020,1,1,-3,13213,2. division,Pulje 2,385523,4 24-10-2020,3. HS,3,HS,Solrød Strand 3,Værløse 3,Jonas Arly Rasmussen,Christian Bach,80946,29235,"18-21, 21-10, 10-21",away,Værløse 3,
2020,1,1,-3,13213,2. division,Pulje 2,385523,4 24-10-2020,4. HS,4,HS,Solrød Strand 3,Værløse 3,Malte Thyregod,Mikkel Frantzen,75871,92892,"21-12, 21-10",home,Solrød Strand 3,
2020,1,1,-3,13213,2. division,Pulje 2,385523,4 24-10-2020,1. DD,1,DD,Solrød Strand 3,Værløse 3,"Amanda Abildgaard, Christina Aagaard","Caroline Terreni, Emma Abbotts","158752, 14312","156270, 89157","12-21, 16-21",away,Værløse 3,
2020,1,1,-3,13213,2. division,Pulje 2,385523,4 24-10-2020,2. DD,2,DD,Solrød Strand 3,Værløse 3,"Nanna Blichfeldt, Emilie Melgaard","Josephine Van Zaane, Sussie Steindal","3201, 185","52587, 42550","21-13, 15-21, 22-20",home,Solrød Strand 3,
2020,1,1,-3,13213,2. division,Pulje 2,385523,4 24-10-2020,1. HD,1,HD,Solrød Strand 3,Værløse 3,"Mathias Bang Knudsen, Thomas Dew-Hattens","Morten Estrup, Kristian Weber","54756, 53686","29127, 212330","21-8, 21-15",home,Solrød Strand 3,
2020,1,1,-3,13213,2. division,Pulje 2,385523,4 24-10-2020,2. HD,2,HD,Solrød Strand 3,Værløse 3,"Christoffer Elbrønd, Jonas Arly Rasmussen","Christian Bach, Morten Herschend","85566, 80946","29235, 53507","21-4, 21-13",home,Solrød Strand 3,
2020,1,1,-3,13213,2. division,Pulje 2,385523,4 24-10-2020,3. HD,3,HD,Solrød Strand 3,Værløse 3,"Malte Thyregod, Peter Correll","Alexander Andersen, Mikkel Frantzen","75871, 66570","1068, 92892","21-16, 21-15",home,Solrød Strand 3,
2020,1,1,-3,13213,2. division,Pulje 2,385524,4 24-10-2020,1. MD,1,MD,Holbæk,Karlslunde,"Peter Mørk, Pernille Hansen","Theodor Johansen, Anna Klinke","13526, 17062","50584, 72415","21-4, 10-21, 20-22",away,Karlslunde,
2020,1,1,-3,13213,2. division,Pulje 2,385524,4 24-10-2020,2. MD,2,MD,Holbæk,Karlslunde,"Thomas Laybourn, Mie Schjøtt-Kristensen","Mads Pedersen, Line Møller-Damgaard","11557, 14146","34464, 46637","21-17, 14-21, 21-10",home,Holbæk,
2020,1,1,-3,13213,2. division,Pulje 2,385524,4 24-10-2020,1. DS,1,DS,Holbæk,Karlslunde,Benedicte Sillassen,Line Isberg,240049,13610,"21-9, 21-8",home,Holbæk,
2020,1,1,-3,13213,2. division,Pulje 2,385524,4 24-10-2020,2. DS,2,DS,Holbæk,Karlslunde,Katja Elm Jensen,Melanie Louise Skovbo Jakobsen,21280,60050,"21-19, 22-20",home,Holbæk,
2020,1,1,-3,13213,2. division,Pulje 2,385524,4 24-10-2020,1. HS,1,HS,Holbæk,Karlslunde,Marcus Kruse Pedersen,Rasmus Fladberg,229469,46403,"16-21, 15-21",away,Karlslunde,
2020,1,1,-3,13213,2. division,Pulje 2,385524,4 24-10-2020,2. HS,2,HS,Holbæk,Karlslunde,Kasper Sandal,Thomas Fynbo,24341,31488,"11-21, 8-21",away,Karlslunde,
2020,1,1,-3,13213,2. division,Pulje 2,385524,4 24-10-2020,3. HS,3,HS,Holbæk,Karlslunde,Nikolaj Andersen,Simon G. Pedersen,56373,36212,"16-21, 21-13, 21-23",away,Karlslunde,
2020,1,1,-3,13213,2. division,Pulje 2,385524,4 24-10-2020,4. HS,4,HS,Holbæk,Karlslunde,Jonathan Grønbæk Andersen,Martin Jensen,602,14072,"21-17, 19-21, 23-21",home,Holbæk,
2020,1,1,-3,13213,2. division,Pulje 2,385524,4 24-10-2020,1. DD,1,DD,Holbæk,Karlslunde,"Pernille Hansen, Katja Elm Jensen","Anna Klinke, Line Møller-Damgaard","17062, 21280","72415, 46637","14-21, 14-21",away,Karlslunde,
2020,1,1,-3,13213,2. division,Pulje 2,385524,4 24-10-2020,2. DD,2,DD,Holbæk,Karlslunde,"Mie Schjøtt-Kristensen, Benedicte Sillassen","Line Isberg, Melanie Louise Skovbo Jakobsen","14146, 240049","13610, 60050","19-21, 17-21",away,Karlslunde,
2020,1,1,-3,13213,2. division,Pulje 2,385524,4 24-10-2020,1. HD,1,HD,Holbæk,Karlslunde,"Kasper Sandal, Nikolaj Andersen","Rasmus Fladberg, Theodor Johansen","24341, 56373","46403, 50584","21-18, 13-21, 18-21",away,Karlslunde,
2020,1,1,-3,13213,2. division,Pulje 2,385524,4 24-10-2020,2. HD,2,HD,Holbæk,Karlslunde,"Thomas Laybourn, Peter Mørk","Simon G. Pedersen, Mads Pedersen","11557, 13526","36212, 34464","20-22, 21-14, 21-14",home,Holbæk,
2020,1,1,-3,13213,2. division,Pulje 2,385524,4 24-10-2020,3. HD,3,HD,Holbæk,Karlslunde,"Marcus Kruse Pedersen, Jonathan Grønbæk Andersen","Thomas Fynbo, Martin Jensen","229469, 602","31488, 14072","12-21, 11-21",away,Karlslunde,
2020,1,1,-3,13213,2. division,Pulje 2,385525,4 24-10-2020,1. MD,1,MD,Skovshoved 3,Greve 3,"Christoffer Voldsgaard Holm, Filippa Koch Rohde","Frederik Holm, Rikke Blume","81006, 88842","91705, 115941",8-5,home,Skovshoved 3,S
2020,1,1,-3,13213,2. division,Pulje 2,385525,4 24-10-2020,2. MD,2,MD,Skovshoved 3,Greve 3,"Mouritz Troels Munk, Sophie Kampmann","Christian Andersen, Anne Madsen","2746, 41709","224399, 156374","21-14, 21-13",home,Skovshoved 3,
2020,1,1,-3,13213,2. division,Pulje 2,385525,4 24-10-2020,1. DS,1,DS,Skovshoved 3,Greve 3,Mie Andersson,Cathrine Rosengren,197624,86920,"21-15, 21-17",home,Skovshoved 3,
2020,1,1,-3,13213,2. division,Pulje 2,385525,4 24-10-2020,2. DS,2,DS,Skovshoved 3,Greve 3,Mette Viscovich,Amanda Rostholm,10040,230591,"21-5, 21-12",home,Skovshoved 3,
2020,1,1,-3,13213,2. division,Pulje 2,385525,4 24-10-2020,1. HS,1,HS,Skovshoved 3,Greve 3,Marcus Viscovich,Nikolai Sæthre Rasmussen,3127,156305,"21-5, 21-15",home,Skovshoved 3,
2020,1,1,-3,13213,2. division,Pulje 2,385525,4 24-10-2020,2. HS,2,HS,Skovshoved 3,Greve 3,Aske Høgsted Lauritsen,Jacob Thyge,48099,91821,"21-5, 21-9",home,Skovshoved 3,
2020,1,1,-3,13213,2. division,Pulje 2,385525,4 24-10-2020,3. HS,3,HS,Skovshoved 3,Greve 3,Rasmus Middelbo Eigtved,Anton Seerup Jensen,67134,167893,"21-13, 21-12",home,Skovshoved 3,
2020,1,1,-3,13213,2. division,Pulje 2,385525,4 24-10-2020,4. HS,4,HS,Skovshoved 3,Greve 3,Henrik Koblauch,Jonas Berg,12863,3119,"21-9, 21-14",home,Skovshoved 3,
2020,1,1,-3,13213,2. division,Pulje 2,385525,4 24-10-2020,1. DD,1,DD,Skovshoved 3,Greve 3,"Mette Viscovich, Sophie Kampmann","Anne Madsen, Cathrine Rosengren","10040, 41709","156374, 86920","21-9, 21-9",home,Skovshoved 3,
2020,1,1,-3,13213,2. division,Pulje 2,385525,4 24-10-2020,2. DD,2,DD,Skovshoved 3,Greve 3,"Filippa Koch Rohde, Mie Andersson","Amanda Rostholm, Rikke Blume","88842, 197624","230591, 115941","21-16, 21-10",home,Skovshoved 3,
2020,1,1,-3,13213,2. division,Pulje 2,385525,4 24-10-2020,1. HD,1,HD,Skovshoved 3,Greve 3,"Aske Høgsted Lauritsen, Rasmus Middelbo Eigtved","Frederik Holm, Anton Seerup Jensen","48099, 67134","91705, 167893",0-0,home,Skovshoved 3,S
2020,1,1,-3,13213,2. division,Pulje 2,385525,4 24-10-2020,2. HD,2,HD,Skovshoved 3,Greve 3,"Marcus Viscovich, Christoffer Voldsgaard Holm","Nikolai Sæthre Rasmussen, Jacob Thyge","3127, 81006","156305, 91821","21-14, 21-6",home,Skovshoved 3,
2020,1,1,-3,13213,2. division,Pulje 2,385525,4 24-10-2020,3. HD,3,HD,Skovshoved 3,Greve 3,"Mouritz Troels Munk, Henrik Koblauch","Christian Andersen, Jonas Berg","2746, 12863","224399, 3119","21-15, 21-12",home,Skovshoved 3,
2020,1,1,-3,13216,3. division,Pulje 1,385538,1 05-09-2020,1. MD,1,MD,Skovbakken,Team Favrskov,"Glenn Ammitsbøll, Helle Iversen","Allan Fredskilde, Marianne Meidahl","73664, 14487","12850, 14406","21-10, 21-13",home,Skovbakken,
2020,1,1,-3,13216,3. division,Pulje 1,385538,1 05-09-2020,2. MD,2,MD,Skovbakken,Team Favrskov,"Kasper Iversen, Stinne B. Enevoldsen","Christian Langhoff, Mia Bastrup Ravn","40467, 64722","12681, 14667","15-21, 11-21",away,Team Favrskov,
2020,1,1,-3,13216,3. division,Pulje 1,385538,1 05-09-2020,1. DS,1,DS,Skovbakken,Team Favrskov,Kira Ammitzbøll,Birgitte Hjorth,58681,12960,"21-12, 21-10",home,Skovbakken,
2020,1,1,-3,13216,3. division,Pulje 1,385538,1 05-09-2020,2. DS,2,DS,Skovbakken,Team Favrskov,Sabrine Frandsen,Sarah Kjær,39810,92114,"21-14, 17-21, 21-19",home,Skovbakken,
2020,1,1,-3,13216,3. division,Pulje 1,385538,1 05-09-2020,1. HS,1,HS,Skovbakken,Team Favrskov,Martin Lindved,Kasper Dinesen,44552,49785,"14-21, 16-21",away,Team Favrskov,
2020,1,1,-3,13216,3. division,Pulje 1,385538,1 05-09-2020,2. HS,2,HS,Skovbakken,Team Favrskov,Anders Johannsen,Anders Riis Gosch,24690,91962,"21-19, 21-8",home,Skovbakken,
2020,1,1,-3,13216,3. division,Pulje 1,385538,1 05-09-2020,3. HS,3,HS,Skovbakken,Team Favrskov,Alexander Illum,Peter Thiele,47474,42171,"23-21, 21-17",home,Skovbakken,
2020,1,1,-3,13216,3. division,Pulje 1,385538,1 05-09-2020,4. HS,4,HS,Skovbakken,Team Favrskov,Søren Frandsen,Morten Østergård,14277,17076,"15-21, 14-21",away,Team Favrskov,
2020,1,1,-3,13216,3. division,Pulje 1,385538,1 05-09-2020,1. DD,1,DD,Skovbakken,Team Favrskov,"Kira Ammitzbøll, Helle Iversen","Marianne Meidahl, Mia Bastrup Ravn","58681, 14487","14406, 14667","21-14, 21-14",home,Skovbakken,
2020,1,1,-3,13216,3. division,Pulje 1,385538,1 05-09-2020,2. DD,2,DD,Skovbakken,Team Favrskov,"Stinne B. Enevoldsen, Sabrine Frandsen","Birgitte Hjorth, Sarah Kjær","64722, 39810","12960, 92114","21-14, 21-13",home,Skovbakken,
2020,1,1,-3,13216,3. division,Pulje 1,385538,1 05-09-2020,1. HD,1,HD,Skovbakken,Team Favrskov,"Anders Johannsen, Søren Frandsen","Kasper Dinesen, Christian Langhoff","24690, 14277","49785, 12681","18-21, 21-15, 16-21",away,Team Favrskov,
2020,1,1,-3,13216,3. division,Pulje 1,385538,1 05-09-2020,2. HD,2,HD,Skovbakken,Team Favrskov,"Martin Lindved, Kasper Iversen","Peter Thiele, Anders Riis Gosch","44552, 40467","42171, 91962","21-16, 21-16",home,Skovbakken,
2020,1,1,-3,13216,3. division,Pulje 1,385538,1 05-09-2020,3. HD,3,HD,Skovbakken,Team Favrskov,"Alexander Illum, Glenn Ammitsbøll","Morten Østergård, Allan Fredskilde","47474, 73664","17076, 12850","15-21, 21-17, 19-21",away,Team Favrskov,
2020,1,1,-3,13216,3. division,Pulje 1,385539,1 05-09-2020,1. MD,1,MD,Vendsyssel 2,Viby J 2,"Jacob Juhl, Lotte Vestergaard","Buster Dam-Tholstrup, Sarah Fisker","13128, 11897","234870, 77836","11-21, 21-12, 17-21",away,Viby J 2,
2020,1,1,-3,13216,3. division,Pulje 1,385539,1 05-09-2020,2. MD,2,MD,Vendsyssel 2,Viby J 2,"Nicky Bach, Caroline Redkjær Jensen","Oliver Ørum-Petersen, Melanie Hauser Ryom","20460, 63945","91827, 87774","15-21, 21-15, 23-21",home,Vendsyssel 2,
2020,1,1,-3,13216,3. division,Pulje 1,385539,1 05-09-2020,1. DS,1,DS,Vendsyssel 2,Viby J 2,Frida Lindström (EU),Alma Korsgaard Ipsen,290012,115276,"21-17, 21-13",home,Vendsyssel 2,
2020,1,1,-3,13216,3. division,Pulje 1,385539,1 05-09-2020,2. DS,2,DS,Vendsyssel 2,Viby J 2,Josefine Redkjær Jensen,Janne Jakobsen,1916,89160,"21-18, 21-13",home,Vendsyssel 2,
2020,1,1,-3,13216,3. division,Pulje 1,385539,1 05-09-2020,1. HS,1,HS,Vendsyssel 2,Viby J 2,Torjus Flåtten (EU),Mark Mohr Damgaard,168112,73700,"20-22, 20-20",away,Viby J 2,(2)
2020,1,1,-3,13216,3. division,Pulje 1,385539,1 05-09-2020,2. HS,2,HS,Vendsyssel 2,Viby J 2,Rune Christtreu,Nicki Sjerslev Christensen,46297,93737,"16-21, 21-13, 21-19",home,Vendsyssel 2,
2020,1,1,-3,13216,3. division,Pulje 1,385539,1 05-09-2020,3. HS,3,HS,Vendsyssel 2,Viby J 2,Gustav Bjørkler,Rasmus Thier,317513,68344,"21-14, 21-8",home,Vendsyssel 2,
2020,1,1,-3,13216,3. division,Pulje 1,385539,1 05-09-2020,4. HS,4,HS,Vendsyssel 2,Viby J 2,Frederik Glenn Lauritsen,Magnus Rue Rasmussen,1788,1562,"15-21, 19-21",away,Viby J 2,
2020,1,1,-3,13216,3. division,Pulje 1,385539,1 05-09-2020,1. DD,1,DD,Vendsyssel 2,Viby J 2,"Caroline Redkjær Jensen, Josefine Redkjær Jensen","Janne Jakobsen, Sarah Fisker","63945, 1916","89160, 77836","21-11, 21-16",home,Vendsyssel 2,
2020,1,1,-3,13216,3. division,Pulje 1,385539,1 05-09-2020,2. DD,2,DD,Vendsyssel 2,Viby J 2,"Lotte Vestergaard, Frida Lindström (EU)","Alma Korsgaard Ipsen, Melanie Hauser Ryom","11897, 290012","115276, 87774","21-18, 21-14",home,Vendsyssel 2,
2020,1,1,-3,13216,3. division,Pulje 1,385539,1 05-09-2020,1. HD,1,HD,Vendsyssel 2,Viby J 2,"Rune Christtreu, Gustav Bjørkler","Buster Dam-Tholstrup, Rasmus Thier","46297, 317513","234870, 68344","21-19, 11-21, 21-14",home,Vendsyssel 2,
2020,1,1,-3,13216,3. division,Pulje 1,385539,1 05-09-2020,2. HD,2,HD,Vendsyssel 2,Viby J 2,"Nicky Bach, Jacob Juhl","Oliver Ørum-Petersen, Nicki Sjerslev Christensen","20460, 13128","91827, 93737","21-18, 15-21, 21-16",home,Vendsyssel 2,
2020,1,1,-3,13216,3. division,Pulje 1,385539,1 05-09-2020,3. HD,3,HD,Vendsyssel 2,Viby J 2,"Frederik Glenn Lauritsen, Torjus Flåtten (EU)","Mark Mohr Damgaard, Magnus Rue Rasmussen","1788, 168112","73700, 1562",,away,Viby J 2,(2)
2020,1,1,-3,13216,3. division,Pulje 1,385540,1 05-09-2020,1. MD,1,MD,Ikast 3,Højbjerg 4,"Lasse Ejstrup Brunse, Arna Karen Jóhannsdóttir (EU)","Thomas Søe Jepsen, Line Nørgaard","2844, 252660","37251, 53232","13-21, 16-21",away,Højbjerg 4,
2020,1,1,-3,13216,3. division,Pulje 1,385540,1 05-09-2020,2. MD,2,MD,Ikast 3,Højbjerg 4,"Oliver Geisler, Pernille Blok","Morten Toft, Nanna Vestergaard","86385, 157430","73250, 59418","21-19, 11-21, 14-21",away,Højbjerg 4,
2020,1,1,-3,13216,3. division,Pulje 1,385540,1 05-09-2020,1. DS,1,DS,Ikast 3,Højbjerg 4,Alberte Christensen,Sofie Amalie Lausen,3295,223597,"21-17, 21-12",home,Ikast 3,
2020,1,1,-3,13216,3. division,Pulje 1,385540,1 05-09-2020,2. DS,2,DS,Ikast 3,Højbjerg 4,Hannah Pilegaard Hansen,Sofie Solveig Hansen,168381,241577,"21-17, 21-18",home,Ikast 3,
2020,1,1,-3,13216,3. division,Pulje 1,385540,1 05-09-2020,1. HS,1,HS,Ikast 3,Højbjerg 4,Martin Kragh,Calvin Lundsgaard Kvolbæk,250115,238002,"21-8, 21-17",home,Ikast 3,
2020,1,1,-3,13216,3. division,Pulje 1,385540,1 05-09-2020,2. HS,2,HS,Ikast 3,Højbjerg 4,Emil Laumann Haaning,Mike Vestergaard,115278,156356,"21-19, 21-15",home,Ikast 3,
2020,1,1,-3,13216,3. division,Pulje 1,385540,1 05-09-2020,3. HS,3,HS,Ikast 3,Højbjerg 4,Naim Mohammed (udl.),Christian Meredin,305023,1661,"16-21, 21-13, 21-12",home,Ikast 3,
2020,1,1,-3,13216,3. division,Pulje 1,385540,1 05-09-2020,4. HS,4,HS,Ikast 3,Højbjerg 4,Valdemar Gustav René,Peter Lauritzen,3100,76531,"13-21, 10-21",away,Højbjerg 4,
2020,1,1,-3,13216,3. division,Pulje 1,385540,1 05-09-2020,1. DD,1,DD,Ikast 3,Højbjerg 4,"Alberte Christensen, Hannah Pilegaard Hansen","Line Nørgaard, Nanna Vestergaard","3295, 168381","53232, 59418","11-21, 19-21",away,Højbjerg 4,
2020,1,1,-3,13216,3. division,Pulje 1,385540,1 05-09-2020,2. DD,2,DD,Ikast 3,Højbjerg 4,"Arna Karen Jóhannsdóttir (EU), Pernille Blok","Sofie Amalie Lausen, Sofie Solveig Hansen","252660, 157430","223597, 241577","21-12, 21-17",home,Ikast 3,
2020,1,1,-3,13216,3. division,Pulje 1,385540,1 05-09-2020,1. HD,1,HD,Ikast 3,Højbjerg 4,"Oliver Geisler, Naim Mohammed (udl.)","Thomas Søe Jepsen, Morten Toft","86385, 305023","37251, 73250","7-21, 14-21",away,Højbjerg 4,
2020,1,1,-3,13216,3. division,Pulje 1,385540,1 05-09-2020,2. HD,2,HD,Ikast 3,Højbjerg 4,"Emil Laumann Haaning, Valdemar Gustav René","Calvin Lundsgaard Kvolbæk, Mike Vestergaard","115278, 3100","238002, 156356","21-15, 21-17",home,Ikast 3,
2020,1,1,-3,13216,3. division,Pulje 1,385540,1 05-09-2020,3. HD,3,HD,Ikast 3,Højbjerg 4,"Lasse Ejstrup Brunse, Martin Kragh","Christian Meredin, Peter Lauritzen","2844, 250115","1661, 76531","19-21, 16-21",away,Højbjerg 4,
2020,1,1,-3,13216,3. division,Pulje 1,385541,1 05-09-2020,1. MD,1,MD,Gug,abc Aalborg 2,"Lasse Agerholm, Anina Bækgaard Nilsson","Martin Hansen, Amalie Vestmar","50474, 354692","82239, 58807","21-13, 16-21, 22-20",home,Gug,
2020,1,1,-3,13216,3. division,Pulje 1,385541,1 05-09-2020,2. MD,2,MD,Gug,abc Aalborg 2,"Kristian Worm, Jannie Schneider","Kasper H. Nielsen, Pernille Bundgaard","37035, 42168","19811, 52801","15-21, 21-14, 16-21",away,abc Aalborg 2,
2020,1,1,-3,13216,3. division,Pulje 1,385541,1 05-09-2020,1. DS,1,DS,Gug,abc Aalborg 2,Maria Thomsen,Sarah Skriver,12423,233750,"14-21, 21-19, 22-24",away,abc Aalborg 2,
2020,1,1,-3,13216,3. division,Pulje 1,385541,1 05-09-2020,2. DS,2,DS,Gug,abc Aalborg 2,Maja Keren,Astrid Gjettermann,55829,61292,"19-21, 21-9, 19-21",away,abc Aalborg 2,
2020,1,1,-3,13216,3. division,Pulje 1,385541,1 05-09-2020,1. HS,1,HS,Gug,abc Aalborg 2,Casper Lund,Mads Sørensen,11576,1686,"11-21, 22-20, 22-24",away,abc Aalborg 2,
2020,1,1,-3,13216,3. division,Pulje 1,385541,1 05-09-2020,2. HS,2,HS,Gug,abc Aalborg 2,Rune Iversen,Mathias Hesthaven Rasmussen,53092,66508,"15-21, 14-21",away,abc Aalborg 2,
2020,1,1,-3,13216,3. division,Pulje 1,385541,1 05-09-2020,3. HS,3,HS,Gug,abc Aalborg 2,Mikkel Dalmark-Lund,Rasmus Skovborg,14188,1198,"16-21, 16-21",away,abc Aalborg 2,
2020,1,1,-3,13216,3. division,Pulje 1,385541,1 05-09-2020,4. HS,4,HS,Gug,abc Aalborg 2,Christian Grøndahl Nielsen,Anders Larsen,25129,12181,"23-21, 11-21, 16-21",away,abc Aalborg 2,
2020,1,1,-3,13216,3. division,Pulje 1,385541,1 05-09-2020,1. DD,1,DD,Gug,abc Aalborg 2,"Maja Keren, Jannie Schneider","Amalie Vestmar, Sarah Skriver","55829, 42168","58807, 233750","16-21, 21-15, 13-21",away,abc Aalborg 2,
2020,1,1,-3,13216,3. division,Pulje 1,385541,1 05-09-2020,2. DD,2,DD,Gug,abc Aalborg 2,"Anina Bækgaard Nilsson, Maria Thomsen","Pernille Bundgaard, Astrid Gjettermann","354692, 12423","52801, 61292","14-21, 10-21",away,abc Aalborg 2,
2020,1,1,-3,13216,3. division,Pulje 1,385541,1 05-09-2020,1. HD,1,HD,Gug,abc Aalborg 2,"Casper Lund, Christian Grøndahl Nielsen","Anders Larsen, Martin Hansen","11576, 25129","12181, 82239","19-21, 19-21",away,abc Aalborg 2,
2020,1,1,-3,13216,3. division,Pulje 1,385541,1 05-09-2020,2. HD,2,HD,Gug,abc Aalborg 2,"Lasse Agerholm, Rune Iversen","Rasmus Skovborg, Kasper H. Nielsen","50474, 53092","1198, 19811","21-11, 21-12",home,Gug,
2020,1,1,-3,13216,3. division,Pulje 1,385541,1 05-09-2020,3. HD,3,HD,Gug,abc Aalborg 2,"Kristian Worm, Mikkel Dalmark-Lund","Mads Sørensen, Mathias Hesthaven Rasmussen","37035, 14188","1686, 66508","16-21, 19-21",away,abc Aalborg 2,
2020,1,1,-3,13216,3. division,Pulje 1,385542,2 19-09-2020,1. MD,1,MD,Højbjerg 4,Skovbakken,"Thomas Søe Jepsen, Cecilie Sentow","Søren Frandsen, Helle Iversen","37251, 60099","14277, 14487","21-9, 21-14",home,Højbjerg 4,
2020,1,1,-3,13216,3. division,Pulje 1,385542,2 19-09-2020,2. MD,2,MD,Højbjerg 4,Skovbakken,"Mathias Bjerring, Nanna Vestergaard","Kasper Iversen, Anna Schøn","86060, 59418","40467, 34506","21-7, 18-21, 21-18",home,Højbjerg 4,
2020,1,1,-3,13216,3. division,Pulje 1,385542,2 19-09-2020,1. DS,1,DS,Højbjerg 4,Skovbakken,Sofie Amalie Lausen,Sabrine Frandsen,223597,39810,"19-21, 21-14, 18-21",away,Skovbakken,
2020,1,1,-3,13216,3. division,Pulje 1,385542,2 19-09-2020,2. DS,2,DS,Højbjerg 4,Skovbakken,Sophia Bach Graversen,Louise Holst,92546,56933,"20-22, 14-21",away,Skovbakken,
2020,1,1,-3,13216,3. division,Pulje 1,385542,2 19-09-2020,1. HS,1,HS,Højbjerg 4,Skovbakken,Morten Toft,Kasper Fischer Holm,73250,35608,"13-21, 10-21",away,Skovbakken,
2020,1,1,-3,13216,3. division,Pulje 1,385542,2 19-09-2020,2. HS,2,HS,Højbjerg 4,Skovbakken,Mike Vestergaard,Anders Johannsen,156356,24690,"11-21, 10-21",away,Skovbakken,
2020,1,1,-3,13216,3. division,Pulje 1,385542,2 19-09-2020,3. HS,3,HS,Højbjerg 4,Skovbakken,Christian Meredin,Martin Lindved,1661,44552,"22-20, 19-21, 19-21",away,Skovbakken,
2020,1,1,-3,13216,3. division,Pulje 1,385542,2 19-09-2020,4. HS,4,HS,Højbjerg 4,Skovbakken,Peter Lauritzen,Kristoffer Berthelsen,76531,29713,"21-18, 15-21, 14-21",away,Skovbakken,
2020,1,1,-3,13216,3. division,Pulje 1,385542,2 19-09-2020,1. DD,1,DD,Højbjerg 4,Skovbakken,"Nanna Vestergaard, Cecilie Sentow","Helle Iversen, Anna Schøn","59418, 60099","14487, 34506","21-14, 21-14",home,Højbjerg 4,
2020,1,1,-3,13216,3. division,Pulje 1,385542,2 19-09-2020,2. DD,2,DD,Højbjerg 4,Skovbakken,"Sofie Amalie Lausen, Sophia Bach Graversen","Louise Holst, Sabrine Frandsen","223597, 92546","56933, 39810","20-22, 17-21",away,Skovbakken,
2020,1,1,-3,13216,3. division,Pulje 1,385542,2 19-09-2020,1. HD,1,HD,Højbjerg 4,Skovbakken,"Mathias Bjerring, Morten Toft","Kristoffer Berthelsen, Anders Johannsen","86060, 73250","29713, 24690","15-21, 16-21",away,Skovbakken,
2020,1,1,-3,13216,3. division,Pulje 1,385542,2 19-09-2020,2. HD,2,HD,Højbjerg 4,Skovbakken,"Thomas Søe Jepsen, Mike Vestergaard","Søren Frandsen, Kasper Fischer Holm","37251, 156356","14277, 35608","19-21, 15-21",away,Skovbakken,
2020,1,1,-3,13216,3. division,Pulje 1,385542,2 19-09-2020,3. HD,3,HD,Højbjerg 4,Skovbakken,"Peter Lauritzen, Christian Meredin","Kasper Iversen, Martin Lindved","76531, 1661","40467, 44552","21-14, 21-19",home,Højbjerg 4,
2020,1,1,-3,13216,3. division,Pulje 1,385543,2 19-09-2020,1. MD,1,MD,abc Aalborg 2,Vendsyssel 2,"Martin Hansen, Amalie Vestmar","Jacob Juhl, Lotte Vestergaard","82239, 58807","13128, 11897","22-20, 21-18",home,abc Aalborg 2,
2020,1,1,-3,13216,3. division,Pulje 1,385543,2 19-09-2020,2. MD,2,MD,abc Aalborg 2,Vendsyssel 2,"Mads Hoelgaard Christensen, Astrid Gjettermann","Allan Kolbro Nielsen, Caroline Redkjær Jensen","85870, 61292","12265, 63945","15-21, 21-19, 21-17",home,abc Aalborg 2,
2020,1,1,-3,13216,3. division,Pulje 1,385543,2 19-09-2020,1. DS,1,DS,abc Aalborg 2,Vendsyssel 2,Christinna Andersen,Frida Lindström (EU),1280,290012,"21-16, 14-21, 18-21",away,Vendsyssel 2,
2020,1,1,-3,13216,3. division,Pulje 1,385543,2 19-09-2020,2. DS,2,DS,abc Aalborg 2,Vendsyssel 2,Sarah Skriver,Josefine Redkjær Jensen,233750,1916,"10-21, 10-21",away,Vendsyssel 2,
2020,1,1,-3,13216,3. division,Pulje 1,385543,2 19-09-2020,1. HS,1,HS,abc Aalborg 2,Vendsyssel 2,Kasper Rossen,Rune Christtreu,88369,46297,"21-12, 21-14",home,abc Aalborg 2,
2020,1,1,-3,13216,3. division,Pulje 1,385543,2 19-09-2020,2. HS,2,HS,abc Aalborg 2,Vendsyssel 2,Mathias Hesthaven Rasmussen,Frederik Glenn Lauritsen,66508,1788,"21-17, 21-16",home,abc Aalborg 2,
2020,1,1,-3,13216,3. division,Pulje 1,385543,2 19-09-2020,3. HS,3,HS,abc Aalborg 2,Vendsyssel 2,Rasmus Skovborg,Joel Hansson,1198,309162,"21-10, 20-22, 21-19",home,abc Aalborg 2,
2020,1,1,-3,13216,3. division,Pulje 1,385543,2 19-09-2020,4. HS,4,HS,abc Aalborg 2,Vendsyssel 2,Anders Larsen,Nicky Bach,12181,20460,"21-15, 21-18",home,abc Aalborg 2,
2020,1,1,-3,13216,3. division,Pulje 1,385543,2 19-09-2020,1. DD,1,DD,abc Aalborg 2,Vendsyssel 2,"Amalie Vestmar, Sarah Skriver","Josefine Redkjær Jensen, Caroline Redkjær Jensen","58807, 233750","1916, 63945","17-21, 17-21",away,Vendsyssel 2,
2020,1,1,-3,13216,3. division,Pulje 1,385543,2 19-09-2020,2. DD,2,DD,abc Aalborg 2,Vendsyssel 2,"Astrid Gjettermann, Christinna Andersen","Lotte Vestergaard, Frida Lindström (EU)","61292, 1280","11897, 290012","21-18, 18-21, 15-21",away,Vendsyssel 2,
2020,1,1,-3,13216,3. division,Pulje 1,385543,2 19-09-2020,1. HD,1,HD,abc Aalborg 2,Vendsyssel 2,"Martin Hansen, Mads Hoelgaard Christensen","Nicky Bach, Rune Christtreu","82239, 85870","20460, 46297","17-21, 13-21",away,Vendsyssel 2,
2020,1,1,-3,13216,3. division,Pulje 1,385543,2 19-09-2020,2. HD,2,HD,abc Aalborg 2,Vendsyssel 2,"Anders Larsen, Rasmus Skovborg","Jacob Juhl, Allan Kolbro Nielsen","12181, 1198","13128, 12265","21-17, 21-18",home,abc Aalborg 2,
2020,1,1,-3,13216,3. division,Pulje 1,385543,2 19-09-2020,3. HD,3,HD,abc Aalborg 2,Vendsyssel 2,"Mathias Hesthaven Rasmussen, Kasper Rossen","Frederik Glenn Lauritsen, Joel Hansson","66508, 88369","1788, 309162","21-17, 14-21, 21-12",home,abc Aalborg 2,
2020,1,1,-3,13216,3. division,Pulje 1,385544,2 19-09-2020,1. MD,1,MD,Team Favrskov,Ikast 3,"Peter Thiele, Mia Bastrup Ravn","Lasse Ejstrup Brunse, Louise Frandsen","42171, 14667","2844, 229042","14-21, 25-27",away,Ikast 3,
2020,1,1,-3,13216,3. division,Pulje 1,385544,2 19-09-2020,2. MD,2,MD,Team Favrskov,Ikast 3,"Allan Fredskilde, Marianne Meidahl","Oliver Geisler, Pernille Blok","12850, 14406","86385, 157430","17-21, 21-18, 21-16",home,Team Favrskov,
2020,1,1,-3,13216,3. division,Pulje 1,385544,2 19-09-2020,1. DS,1,DS,Team Favrskov,Ikast 3,Zenia Helbo Christensen,Alberte Christensen,228428,3295,"21-9, 23-21",home,Team Favrskov,
2020,1,1,-3,13216,3. division,Pulje 1,385544,2 19-09-2020,2. DS,2,DS,Team Favrskov,Ikast 3,Sarah Kjær,Hannah Pilegaard Hansen,92114,168381,"18-21, 17-21",away,Ikast 3,
2020,1,1,-3,13216,3. division,Pulje 1,385544,2 19-09-2020,1. HS,1,HS,Team Favrskov,Ikast 3,Kasper Dinesen,Martin Kragh,49785,250115,"21-15, 21-12",home,Team Favrskov,
2020,1,1,-3,13216,3. division,Pulje 1,385544,2 19-09-2020,2. HS,2,HS,Team Favrskov,Ikast 3,Jeppe Lund,Emil Laumann Haaning,20838,115278,"21-10, 21-10",home,Team Favrskov,
2020,1,1,-3,13216,3. division,Pulje 1,385544,2 19-09-2020,3. HS,3,HS,Team Favrskov,Ikast 3,Anders Riis Gosch,Naim Mohammed (udl.),91962,305023,"21-18, 21-16",home,Team Favrskov,
2020,1,1,-3,13216,3. division,Pulje 1,385544,2 19-09-2020,4. HS,4,HS,Team Favrskov,Ikast 3,Morten Østergård,Valdemar Gustav René,17076,3100,"21-10, 21-9",home,Team Favrskov,
2020,1,1,-3,13216,3. division,Pulje 1,385544,2 19-09-2020,1. DD,1,DD,Team Favrskov,Ikast 3,"Mia Bastrup Ravn, Marianne Meidahl","Alberte Christensen, Hannah Pilegaard Hansen","14667, 14406","3295, 168381","17-21, 15-21",away,Ikast 3,
2020,1,1,-3,13216,3. division,Pulje 1,385544,2 19-09-2020,2. DD,2,DD,Team Favrskov,Ikast 3,"Zenia Helbo Christensen, Sarah Kjær","Louise Frandsen, Pernille Blok","228428, 92114","229042, 157430","13-21, 16-21",away,Ikast 3,
2020,1,1,-3,13216,3. division,Pulje 1,385544,2 19-09-2020,1. HD,1,HD,Team Favrskov,Ikast 3,"Kasper Dinesen, Anders Riis Gosch","Emil Laumann Haaning, Valdemar Gustav René","49785, 91962","115278, 3100","21-12, 21-17",home,Team Favrskov,
2020,1,1,-3,13216,3. division,Pulje 1,385544,2 19-09-2020,2. HD,2,HD,Team Favrskov,Ikast 3,"Jeppe Lund, Peter Thiele","Oliver Geisler, Martin Kragh","20838, 42171","86385, 250115","21-15, 21-8",home,Team Favrskov,
2020,1,1,-3,13216,3. division,Pulje 1,385544,2 19-09-2020,3. HD,3,HD,Team Favrskov,Ikast 3,"Morten Østergård, Allan Fredskilde","Lasse Ejstrup Brunse, Naim Mohammed (udl.)","17076, 12850","2844, 305023","17-21, 21-13, 21-14",home,Team Favrskov,
2020,1,1,-3,13216,3. division,Pulje 1,385545,2 19-09-2020,1. MD,1,MD,Viby J 2,Gug,"Buster Dam-Tholstrup, Sarah Fisker","Lasse Agerholm, Anina Bækgaard Nilsson","234870, 77836","50474, 354692","14-21, 21-11, 21-16",home,Viby J 2,
2020,1,1,-3,13216,3. division,Pulje 1,385545,2 19-09-2020,2. MD,2,MD,Viby J 2,Gug,"Oliver Ørum-Petersen, Josephine Ø. Lund","Mikkel Dalmark-Lund, Jannie Schneider","91827, 3146","14188, 42168","21-18, 15-21, 16-21",away,Gug,
2020,1,1,-3,13216,3. division,Pulje 1,385545,2 19-09-2020,1. DS,1,DS,Viby J 2,Gug,Alma Korsgaard Ipsen,Maria Thomsen,115276,12423,"19-21, 21-12, 21-12",home,Viby J 2,
2020,1,1,-3,13216,3. division,Pulje 1,385545,2 19-09-2020,2. DS,2,DS,Viby J 2,Gug,Janne Jakobsen,Maja Keren,89160,55829,"21-15, 21-19",home,Viby J 2,
2020,1,1,-3,13216,3. division,Pulje 1,385545,2 19-09-2020,1. HS,1,HS,Viby J 2,Gug,Nicki Sjerslev Christensen,Casper Lund,93737,11576,"16-21, 21-23",away,Gug,
2020,1,1,-3,13216,3. division,Pulje 1,385545,2 19-09-2020,2. HS,2,HS,Viby J 2,Gug,Magnus Rue Rasmussen,Rune Iversen,1562,53092,"21-10, 21-9",home,Viby J 2,
2020,1,1,-3,13216,3. division,Pulje 1,385545,2 19-09-2020,3. HS,3,HS,Viby J 2,Gug,Mads Storm Randrup,Lasse Hansen,215456,52941,"21-15, 21-15",home,Viby J 2,
2020,1,1,-3,13216,3. division,Pulje 1,385545,2 19-09-2020,4. HS,4,HS,Viby J 2,Gug,Daniel Roger Jensen,Christian Grøndahl Nielsen,196642,25129,"21-18, 23-21",home,Viby J 2,
2020,1,1,-3,13216,3. division,Pulje 1,385545,2 19-09-2020,1. DD,1,DD,Viby J 2,Gug,"Janne Jakobsen, Alma Korsgaard Ipsen","Jannie Schneider, Maja Keren","89160, 115276","42168, 55829","21-12, 21-5",home,Viby J 2,
2020,1,1,-3,13216,3. division,Pulje 1,385545,2 19-09-2020,2. DD,2,DD,Viby J 2,Gug,"Sarah Fisker, Josephine Ø. Lund","Maria Thomsen, Anina Bækgaard Nilsson","77836, 3146","12423, 354692","22-20, 21-14",home,Viby J 2,
2020,1,1,-3,13216,3. division,Pulje 1,385545,2 19-09-2020,1. HD,1,HD,Viby J 2,Gug,"Buster Dam-Tholstrup, Nicki Sjerslev Christensen","Christian Grøndahl Nielsen, Casper Lund","234870, 93737","25129, 11576","17-21, 21-17, 21-18",home,Viby J 2,
2020,1,1,-3,13216,3. division,Pulje 1,385545,2 19-09-2020,2. HD,2,HD,Viby J 2,Gug,"Magnus Rue Rasmussen, Oliver Ørum-Petersen","Lasse Agerholm, Rune Iversen","1562, 91827","50474, 53092","21-17, 21-11",home,Viby J 2,
2020,1,1,-3,13216,3. division,Pulje 1,385545,2 19-09-2020,3. HD,3,HD,Viby J 2,Gug,"Daniel Roger Jensen, Mads Storm Randrup","Mikkel Dalmark-Lund, Lasse Hansen","196642, 215456","14188, 52941","13-21, 21-18, 21-19",home,Viby J 2,
2020,1,1,-3,13216,3. division,Pulje 1,385546,3 03-10-2020,1. MD,1,MD,Vendsyssel 2,Skovbakken,"Jacob Juhl, Lotte Vestergaard","Søren Frandsen, Helle Iversen","13128, 11897","14277, 14487","16-21, 23-21, 17-21",away,Skovbakken,
2020,1,1,-3,13216,3. division,Pulje 1,385546,3 03-10-2020,2. MD,2,MD,Vendsyssel 2,Skovbakken,"Allan Kolbro Nielsen, Caroline Redkjær Jensen","Kasper Iversen, Anna Schøn","12265, 63945","40467, 34506","13-21, 17-21",away,Skovbakken,
2020,1,1,-3,13216,3. division,Pulje 1,385546,3 03-10-2020,1. DS,1,DS,Vendsyssel 2,Skovbakken,Josefine Redkjær Jensen,Sabrine Frandsen,1916,39810,"21-11, 21-8",home,Vendsyssel 2,
2020,1,1,-3,13216,3. division,Pulje 1,385546,3 03-10-2020,2. DS,2,DS,Vendsyssel 2,Skovbakken,Marie-Louise Elkjær,Louise Holst,94155,56933,"9-21, 9-21",away,Skovbakken,
2020,1,1,-3,13216,3. division,Pulje 1,385546,3 03-10-2020,1. HS,1,HS,Vendsyssel 2,Skovbakken,Rune Christtreu,Kasper Fischer Holm,46297,35608,"21-19, 21-15",home,Vendsyssel 2,
2020,1,1,-3,13216,3. division,Pulje 1,385546,3 03-10-2020,2. HS,2,HS,Vendsyssel 2,Skovbakken,Frederik Glenn Lauritsen,Anders Johannsen,1788,24690,"21-23, 12-21",away,Skovbakken,
2020,1,1,-3,13216,3. division,Pulje 1,385546,3 03-10-2020,3. HS,3,HS,Vendsyssel 2,Skovbakken,Joel Hansson,Martin Lindved,309162,44552,"17-21, 21-12, 15-21",away,Skovbakken,
2020,1,1,-3,13216,3. division,Pulje 1,385546,3 03-10-2020,4. HS,4,HS,Vendsyssel 2,Skovbakken,Valdemar Bang Nielsen,Alexander Illum,2148,47474,"17-21, 21-14, 21-17",home,Vendsyssel 2,
2020,1,1,-3,13216,3. division,Pulje 1,385546,3 03-10-2020,1. DD,1,DD,Vendsyssel 2,Skovbakken,"Caroline Redkjær Jensen, Josefine Redkjær Jensen","Helle Iversen, Anna Schøn","63945, 1916","14487, 34506","18-21, 16-21",away,Skovbakken,
2020,1,1,-3,13216,3. division,Pulje 1,385546,3 03-10-2020,2. DD,2,DD,Vendsyssel 2,Skovbakken,"Lotte Vestergaard, Marie-Louise Elkjær","Sabrine Frandsen, Louise Holst","11897, 94155","39810, 56933","20-22, 14-21",away,Skovbakken,
2020,1,1,-3,13216,3. division,Pulje 1,385546,3 03-10-2020,1. HD,1,HD,Vendsyssel 2,Skovbakken,"Joel Hansson, Rune Christtreu","Anders Johannsen, Søren Frandsen","309162, 46297","24690, 14277","21-14, 21-19",home,Vendsyssel 2,
2020,1,1,-3,13216,3. division,Pulje 1,385546,3 03-10-2020,2. HD,2,HD,Vendsyssel 2,Skovbakken,"Allan Kolbro Nielsen, Jacob Juhl","Kasper Iversen, Kasper Fischer Holm","12265, 13128","40467, 35608","19-21, 8-21",away,Skovbakken,
2020,1,1,-3,13216,3. division,Pulje 1,385546,3 03-10-2020,3. HD,3,HD,Vendsyssel 2,Skovbakken,"Valdemar Bang Nielsen, Frederik Glenn Lauritsen","Martin Lindved, Alexander Illum","2148, 1788","44552, 47474","14-21, 12-21",away,Skovbakken,
2020,1,1,-3,13216,3. division,Pulje 1,385547,3 03-10-2020,1. MD,1,MD,Viby J 2,Team Favrskov,"Frederik Selvejer Larsen, Sarah Fisker","Peter Thiele, Mia Bastrup Ravn","75683, 77836","42171, 14667","13-21, 20-22",away,Team Favrskov,
2020,1,1,-3,13216,3. division,Pulje 1,385547,3 03-10-2020,2. MD,2,MD,Viby J 2,Team Favrskov,"Oliver Ørum-Petersen, Josephine Ø. Lund","Allan Fredskilde, Marianne Meidahl","91827, 3146","12850, 14406","21-16, 21-18",home,Viby J 2,
2020,1,1,-3,13216,3. division,Pulje 1,385547,3 03-10-2020,1. DS,1,DS,Viby J 2,Team Favrskov,Alma Korsgaard Ipsen,Sarah Kjær,115276,92114,"21-12, 21-13",home,Viby J 2,
2020,1,1,-3,13216,3. division,Pulje 1,385547,3 03-10-2020,2. DS,2,DS,Viby J 2,Team Favrskov,Janne Jakobsen,Zenia Helbo Christensen,89160,228428,"21-9, 21-17",home,Viby J 2,
2020,1,1,-3,13216,3. division,Pulje 1,385547,3 03-10-2020,1. HS,1,HS,Viby J 2,Team Favrskov,Mark Mohr Damgaard,Kasper Dinesen,73700,49785,"14-21, 17-21",away,Team Favrskov,
2020,1,1,-3,13216,3. division,Pulje 1,385547,3 03-10-2020,2. HS,2,HS,Viby J 2,Team Favrskov,Magnus Rue Rasmussen,Jeppe Lund,1562,20838,"12-21, 10-21",away,Team Favrskov,
2020,1,1,-3,13216,3. division,Pulje 1,385547,3 03-10-2020,3. HS,3,HS,Viby J 2,Team Favrskov,Daniel Roger Jensen,Anders Riis Gosch,196642,91962,"19-21, 21-5, 21-11",home,Viby J 2,
2020,1,1,-3,13216,3. division,Pulje 1,385547,3 03-10-2020,4. HS,4,HS,Viby J 2,Team Favrskov,Emil Klose Nielsen,Morten Østergård,65780,17076,"12-21, 21-12, 21-16",home,Viby J 2,
2020,1,1,-3,13216,3. division,Pulje 1,385547,3 03-10-2020,1. DD,1,DD,Viby J 2,Team Favrskov,"Janne Jakobsen, Alma Korsgaard Ipsen","Sarah Kjær, Zenia Helbo Christensen","89160, 115276","92114, 228428","21-12, 21-12",home,Viby J 2,
2020,1,1,-3,13216,3. division,Pulje 1,385547,3 03-10-2020,2. DD,2,DD,Viby J 2,Team Favrskov,"Josephine Ø. Lund, Sarah Fisker","Mia Bastrup Ravn, Marianne Meidahl","3146, 77836","14667, 14406","21-18, 12-21, 21-23",away,Team Favrskov,
2020,1,1,-3,13216,3. division,Pulje 1,385547,3 03-10-2020,1. HD,1,HD,Viby J 2,Team Favrskov,"Magnus Rue Rasmussen, Oliver Ørum-Petersen","Kasper Dinesen, Anders Riis Gosch","1562, 91827","49785, 91962","19-21, 21-19, 16-21",away,Team Favrskov,
2020,1,1,-3,13216,3. division,Pulje 1,385547,3 03-10-2020,2. HD,2,HD,Viby J 2,Team Favrskov,"Mark Mohr Damgaard, Frederik Selvejer Larsen","Jeppe Lund, Peter Thiele","73700, 75683","20838, 42171","21-11, 21-16",home,Viby J 2,
2020,1,1,-3,13216,3. division,Pulje 1,385547,3 03-10-2020,3. HD,3,HD,Viby J 2,Team Favrskov,"Daniel Roger Jensen, Emil Klose Nielsen","Morten Østergård, Allan Fredskilde","196642, 65780","17076, 12850","21-19, 21-13",home,Viby J 2,
2020,1,1,-3,13216,3. division,Pulje 1,385548,3 03-10-2020,1. MD,1,MD,Gug,Ikast 3,"Lasse Agerholm, Anina Bækgaard Nilsson","Lasse Ejstrup Brunse, Arna Karen Jóhannsdóttir (EU)","50474, 354692","2844, 252660","16-21, 15-21",away,Ikast 3,
2020,1,1,-3,13216,3. division,Pulje 1,385548,3 03-10-2020,2. MD,2,MD,Gug,Ikast 3,"Kristian Worm, Jannie Schneider","Oliver Geisler, Alberte Christensen","37035, 42168","86385, 3295","16-21, 17-21",away,Ikast 3,
2020,1,1,-3,13216,3. division,Pulje 1,385548,3 03-10-2020,1. DS,1,DS,Gug,Ikast 3,Maja Keren,Ellen Møldrup,55829,171118,"21-11, 17-21, 19-21",away,Ikast 3,
2020,1,1,-3,13216,3. division,Pulje 1,385548,3 03-10-2020,2. DS,2,DS,Gug,Ikast 3,Maria Thomsen,Hannah Pilegaard Hansen,12423,168381,"21-19, 15-21, 21-12",home,Gug,
2020,1,1,-3,13216,3. division,Pulje 1,385548,3 03-10-2020,1. HS,1,HS,Gug,Ikast 3,Casper Lund,Emil Laumann Haaning,11576,115278,"21-11, 21-13",home,Gug,
2020,1,1,-3,13216,3. division,Pulje 1,385548,3 03-10-2020,2. HS,2,HS,Gug,Ikast 3,Rune Iversen,Naim Mohammed (udl.),53092,305023,"18-21, 21-12, 21-17",home,Gug,
2020,1,1,-3,13216,3. division,Pulje 1,385548,3 03-10-2020,3. HS,3,HS,Gug,Ikast 3,Mikkel Dalmark-Lund,Valdemar Gustav René,14188,3100,"21-10, 21-15",home,Gug,
2020,1,1,-3,13216,3. division,Pulje 1,385548,3 03-10-2020,4. HS,4,HS,Gug,Ikast 3,Christian Grøndahl Nielsen,Niklas Lynge Olesen,25129,236652,"21-16, 19-21, 21-15",home,Gug,
2020,1,1,-3,13216,3. division,Pulje 1,385548,3 03-10-2020,1. DD,1,DD,Gug,Ikast 3,"Jannie Schneider, Maja Keren","Arna Karen Jóhannsdóttir (EU), Ellen Møldrup","42168, 55829","252660, 171118","14-21, 14-21",away,Ikast 3,
2020,1,1,-3,13216,3. division,Pulje 1,385548,3 03-10-2020,2. DD,2,DD,Gug,Ikast 3,"Anina Bækgaard Nilsson, Maria Thomsen","Alberte Christensen, Hannah Pilegaard Hansen","354692, 12423","3295, 168381","21-17, 21-18",home,Gug,
2020,1,1,-3,13216,3. division,Pulje 1,385548,3 03-10-2020,1. HD,1,HD,Gug,Ikast 3,"Christian Grøndahl Nielsen, Casper Lund","Oliver Geisler, Lasse Ejstrup Brunse","25129, 11576","86385, 2844","6-21, 17-21",away,Ikast 3,
2020,1,1,-3,13216,3. division,Pulje 1,385548,3 03-10-2020,2. HD,2,HD,Gug,Ikast 3,"Lasse Agerholm, Rune Iversen","Emil Laumann Haaning, Valdemar Gustav René","50474, 53092","115278, 3100","21-16, 21-12",home,Gug,
2020,1,1,-3,13216,3. division,Pulje 1,385548,3 03-10-2020,3. HD,3,HD,Gug,Ikast 3,"Kristian Worm, Mikkel Dalmark-Lund","Naim Mohammed (udl.), Niklas Lynge Olesen","37035, 14188","305023, 236652","21-19, 21-12",home,Gug,
2020,1,1,-3,13216,3. division,Pulje 1,385549,3 03-10-2020,1. MD,1,MD,abc Aalborg 2,Højbjerg 4,"Martin Pedersen, Pernille Bundgaard","Morten Toft, Cecilie Sentow","77820, 52801","73250, 60099","22-20, 12-21, 16-21",away,Højbjerg 4,
2020,1,1,-3,13216,3. division,Pulje 1,385549,3 03-10-2020,2. MD,2,MD,abc Aalborg 2,Højbjerg 4,"Anders Larsen, Amalie Vestmar","Mike Vestergaard, Nanna Vestergaard","12181, 58807","156356, 59418","18-21, 24-22, 18-21",away,Højbjerg 4,
2020,1,1,-3,13216,3. division,Pulje 1,385549,3 03-10-2020,1. DS,1,DS,abc Aalborg 2,Højbjerg 4,Christinna Andersen,Sofie Amalie Lausen,1280,223597,"17-21, 19-21",away,Højbjerg 4,
2020,1,1,-3,13216,3. division,Pulje 1,385549,3 03-10-2020,2. DS,2,DS,abc Aalborg 2,Højbjerg 4,Astrid Gjettermann,Sophia Bach Graversen,61292,92546,"15-21, 21-18, 20-22",away,Højbjerg 4,
2020,1,1,-3,13216,3. division,Pulje 1,385549,3 03-10-2020,1. HS,1,HS,abc Aalborg 2,Højbjerg 4,Kasper Rossen,Mathias Pedersen,88369,2664,"13-21, 21-12, 21-13",home,abc Aalborg 2,
2020,1,1,-3,13216,3. division,Pulje 1,385549,3 03-10-2020,2. HS,2,HS,abc Aalborg 2,Højbjerg 4,Mathias Hesthaven Rasmussen,Christian Meredin,66508,1661,"21-15, 21-7",home,abc Aalborg 2,
2020,1,1,-3,13216,3. division,Pulje 1,385549,3 03-10-2020,3. HS,3,HS,abc Aalborg 2,Højbjerg 4,Rasmus Skovborg,Peter Lauritzen,1198,76531,"21-15, 21-19",home,abc Aalborg 2,
2020,1,1,-3,13216,3. division,Pulje 1,385549,3 03-10-2020,4. HS,4,HS,abc Aalborg 2,Højbjerg 4,Jacob Tovgaard,Jacob Bay,14219,196657,"21-19, 21-13",home,abc Aalborg 2,
2020,1,1,-3,13216,3. division,Pulje 1,385549,3 03-10-2020,1. DD,1,DD,abc Aalborg 2,Højbjerg 4,"Amalie Vestmar, Christinna Andersen","Nanna Vestergaard, Cecilie Sentow","58807, 1280","59418, 60099","11-21, 6-21",away,Højbjerg 4,
2020,1,1,-3,13216,3. division,Pulje 1,385549,3 03-10-2020,2. DD,2,DD,abc Aalborg 2,Højbjerg 4,"Pernille Bundgaard, Astrid Gjettermann","Sofie Amalie Lausen, Sophia Bach Graversen","52801, 61292","223597, 92546","21-17, 21-7",home,abc Aalborg 2,
2020,1,1,-3,13216,3. division,Pulje 1,385549,3 03-10-2020,1. HD,1,HD,abc Aalborg 2,Højbjerg 4,"Martin Pedersen, Jacob Tovgaard","Mathias Pedersen, Morten Toft","77820, 14219","2664, 73250","21-19, 24-22",home,abc Aalborg 2,
2020,1,1,-3,13216,3. division,Pulje 1,385549,3 03-10-2020,2. HD,2,HD,abc Aalborg 2,Højbjerg 4,"Anders Larsen, Rasmus Skovborg","Peter Lauritzen, Christian Meredin","12181, 1198","76531, 1661","21-19, 19-21, 21-13",home,abc Aalborg 2,
2020,1,1,-3,13216,3. division,Pulje 1,385549,3 03-10-2020,3. HD,3,HD,abc Aalborg 2,Højbjerg 4,"Kasper Rossen, Mathias Hesthaven Rasmussen","Mike Vestergaard, Jacob Bay","88369, 66508","156356, 196657","18-21, 21-16, 21-18",home,abc Aalborg 2,
2020,1,1,-3,13216,3. division,Pulje 1,385550,4 24-10-2020,1. MD,1,MD,Team Favrskov,Vendsyssel 2,"Christian Langhoff, Mia Bastrup Ravn","Allan Kolbro Nielsen, Caroline Redkjær Jensen","12681, 14667","12265, 63945","21-13, 21-15",home,Team Favrskov,
2020,1,1,-3,13216,3. division,Pulje 1,385550,4 24-10-2020,2. MD,2,MD,Team Favrskov,Vendsyssel 2,"Allan Fredskilde, Marianne Meidahl","Jacob Juhl, Lotte Vestergaard","12850, 14406","13128, 11897","21-16, 12-21, 12-21",away,Vendsyssel 2,
2020,1,1,-3,13216,3. division,Pulje 1,385550,4 24-10-2020,1. DS,1,DS,Team Favrskov,Vendsyssel 2,Birgitte Hjorth,Frida Lindström (EU),12960,290012,"11-21, 13-21",away,Vendsyssel 2,
2020,1,1,-3,13216,3. division,Pulje 1,385550,4 24-10-2020,2. DS,2,DS,Team Favrskov,Vendsyssel 2,Zenia Helbo Christensen,Josefine Redkjær Jensen,228428,1916,"9-21, 10-21",away,Vendsyssel 2,
2020,1,1,-3,13216,3. division,Pulje 1,385550,4 24-10-2020,1. HS,1,HS,Team Favrskov,Vendsyssel 2,Kasper Dinesen,Rune Christtreu,49785,46297,"21-15, 21-13",home,Team Favrskov,
2020,1,1,-3,13216,3. division,Pulje 1,385550,4 24-10-2020,2. HS,2,HS,Team Favrskov,Vendsyssel 2,Anders Riis Gosch,Frederik Glenn Lauritsen,91962,1788,"21-16, 21-9",home,Team Favrskov,
2020,1,1,-3,13216,3. division,Pulje 1,385550,4 24-10-2020,3. HS,3,HS,Team Favrskov,Vendsyssel 2,Morten Østergård,Valdemar Bang Nielsen,17076,2148,"21-10, 21-13",home,Team Favrskov,
2020,1,1,-3,13216,3. division,Pulje 1,385550,4 24-10-2020,4. HS,4,HS,Team Favrskov,Vendsyssel 2,Peter Thiele,Christian Thode,42171,35170,"21-12, 21-8",home,Team Favrskov,
2020,1,1,-3,13216,3. division,Pulje 1,385550,4 24-10-2020,1. DD,1,DD,Team Favrskov,Vendsyssel 2,"Birgitte Hjorth, Zenia Helbo Christensen","Frida Lindström (EU), Caroline Redkjær Jensen","12960, 228428","290012, 63945","19-21, 21-13, 12-21",away,Vendsyssel 2,
2020,1,1,-3,13216,3. division,Pulje 1,385550,4 24-10-2020,2. DD,2,DD,Team Favrskov,Vendsyssel 2,"Mia Bastrup Ravn, Marianne Meidahl","Lotte Vestergaard, Josefine Redkjær Jensen","14667, 14406","11897, 1916","17-21, 14-21",away,Vendsyssel 2,
2020,1,1,-3,13216,3. division,Pulje 1,385550,4 24-10-2020,1. HD,1,HD,Team Favrskov,Vendsyssel 2,"Kasper Dinesen, Anders Riis Gosch","Rune Christtreu, Christian Thode","49785, 91962","46297, 35170","21-15, 21-11",home,Team Favrskov,
2020,1,1,-3,13216,3. division,Pulje 1,385550,4 24-10-2020,2. HD,2,HD,Team Favrskov,Vendsyssel 2,"Christian Langhoff, Peter Thiele","Jacob Juhl, Allan Kolbro Nielsen","12681, 42171","13128, 12265","21-13, 15-21, 19-21",away,Vendsyssel 2,
2020,1,1,-3,13216,3. division,Pulje 1,385550,4 24-10-2020,3. HD,3,HD,Team Favrskov,Vendsyssel 2,"Morten Østergård, Allan Fredskilde","Valdemar Bang Nielsen, Frederik Glenn Lauritsen","17076, 12850","2148, 1788","17-21, 17-21",away,Vendsyssel 2,
2020,1,1,-3,13216,3. division,Pulje 1,385551,4 24-10-2020,1. MD,1,MD,Ikast 3,Viby J 2,"Lasse Ejstrup Brunse, Arna Karen Jóhannsdóttir (EU)","Kristoffer Weesgaard, Kristine Bjørnshauge","2844, 252660","83028, 87824","21-17, 21-17",home,Ikast 3,
2020,1,1,-3,13216,3. division,Pulje 1,385551,4 24-10-2020,2. MD,2,MD,Ikast 3,Viby J 2,"Emil Bunch Christensen, Louise Frandsen","Oliver Ørum-Petersen, Cecilie Thygesen Clingman","236785, 229042","91827, 78134","11-21, 15-21",away,Viby J 2,
2020,1,1,-3,13216,3. division,Pulje 1,385551,4 24-10-2020,1. DS,1,DS,Ikast 3,Viby J 2,Ellen Møldrup,Alma Korsgaard Ipsen,171118,115276,"20-22, 20-22",away,Viby J 2,
2020,1,1,-3,13216,3. division,Pulje 1,385551,4 24-10-2020,2. DS,2,DS,Ikast 3,Viby J 2,Alberte Christensen,Sarah Fisker,3295,77836,"13-21, 21-19, 20-22",away,Viby J 2,
2020,1,1,-3,13216,3. division,Pulje 1,385551,4 24-10-2020,1. HS,1,HS,Ikast 3,Viby J 2,Martin Kragh,Nicki Sjerslev Christensen,250115,93737,"14-21, 18-21",away,Viby J 2,
2020,1,1,-3,13216,3. division,Pulje 1,385551,4 24-10-2020,2. HS,2,HS,Ikast 3,Viby J 2,Nicklas Vinter Pedersen,Thor Christtreu,86749,33334,"11-21, 13-21",away,Viby J 2,
2020,1,1,-3,13216,3. division,Pulje 1,385551,4 24-10-2020,3. HS,3,HS,Ikast 3,Viby J 2,Emil Laumann Haaning,Magnus Rue Rasmussen,115278,1562,"16-21, 21-16, 21-17",home,Ikast 3,
2020,1,1,-3,13216,3. division,Pulje 1,385551,4 24-10-2020,4. HS,4,HS,Ikast 3,Viby J 2,Naim Mohammed (udl.),Frederik Selvejer Larsen,305023,75683,"14-21, 24-22, 21-18",home,Ikast 3,
2020,1,1,-3,13216,3. division,Pulje 1,385551,4 24-10-2020,1. DD,1,DD,Ikast 3,Viby J 2,"Alberte Christensen, Louise Frandsen","Alma Korsgaard Ipsen, Cecilie Thygesen Clingman","3295, 229042","115276, 78134","18-21, 5-21",away,Viby J 2,
2020,1,1,-3,13216,3. division,Pulje 1,385551,4 24-10-2020,2. DD,2,DD,Ikast 3,Viby J 2,"Ellen Møldrup, Arna Karen Jóhannsdóttir (EU)","Kristine Bjørnshauge, Sarah Fisker","171118, 252660","87824, 77836","21-17, 21-23, 23-21",home,Ikast 3,
2020,1,1,-3,13216,3. division,Pulje 1,385551,4 24-10-2020,1. HD,1,HD,Ikast 3,Viby J 2,"Nicklas Vinter Pedersen, Lasse Ejstrup Brunse","Magnus Rue Rasmussen, Oliver Ørum-Petersen","86749, 2844","1562, 91827","21-15, 21-12",home,Ikast 3,
2020,1,1,-3,13216,3. division,Pulje 1,385551,4 24-10-2020,2. HD,2,HD,Ikast 3,Viby J 2,"Martin Kragh, Naim Mohammed (udl.)","Thor Christtreu, Frederik Selvejer Larsen","250115, 305023","33334, 75683","17-21, 17-21",away,Viby J 2,
2020,1,1,-3,13216,3. division,Pulje 1,385551,4 24-10-2020,3. HD,3,HD,Ikast 3,Viby J 2,"Emil Laumann Haaning, Emil Bunch Christensen","Nicki Sjerslev Christensen, Kristoffer Weesgaard","115278, 236785","93737, 83028","13-21, 15-21",away,Viby J 2,
2020,1,1,-3,13216,3. division,Pulje 1,385552,4 24-10-2020,1. MD,1,MD,Højbjerg 4,Gug,"Morten Skrøder Bødskov, Line Nørgaard","Lasse Agerholm, Maja Keren","42546, 53232","50474, 55829","21-18, 20-22, 18-21",away,Gug,
2020,1,1,-3,13216,3. division,Pulje 1,385552,4 24-10-2020,2. MD,2,MD,Højbjerg 4,Gug,"Thomas Søe Jepsen, Cecilie Sentow","Mikkel Dalmark-Lund, Jannie Schneider","37251, 60099","14188, 42168","21-8, 21-9",home,Højbjerg 4,
2020,1,1,-3,13216,3. division,Pulje 1,385552,4 24-10-2020,1. DS,1,DS,Højbjerg 4,Gug,Nanna Vestergaard,Maria Thomsen,59418,12423,"21-16, 20-15",away,Gug,G
2020,1,1,-3,13216,3. division,Pulje 1,385552,4 24-10-2020,2. DS,2,DS,Højbjerg 4,Gug,Sofie Solveig Hansen,Maren Formo (EU),241577,13570,"18-21, 17-20",away,Gug,G
2020,1,1,-3,13216,3. division,Pulje 1,385552,4 24-10-2020,1. HS,1,HS,Højbjerg 4,Gug,Andreas Bjerring,Casper Lund,74611,11576,"13-21, 12-21",away,Gug,
2020,1,1,-3,13216,3. division,Pulje 1,385552,4 24-10-2020,2. HS,2,HS,Højbjerg 4,Gug,Christian Meredin,Rune Iversen,1661,53092,"21-18, 21-17",home,Højbjerg 4,
2020,1,1,-3,13216,3. division,Pulje 1,385552,4 24-10-2020,3. HS,3,HS,Højbjerg 4,Gug,Mathias Bjerring,Lasse Hansen,86060,52941,"7-21, 17-21",away,Gug,
2020,1,1,-3,13216,3. division,Pulje 1,385552,4 24-10-2020,4. HS,4,HS,Højbjerg 4,Gug,Morten Toft,Christian Grøndahl Nielsen,73250,25129,"14-21, 15-21",away,Gug,
2020,1,1,-3,13216,3. division,Pulje 1,385552,4 24-10-2020,1. DD,1,DD,Højbjerg 4,Gug,"Nanna Vestergaard, Cecilie Sentow","Maja Keren, Jannie Schneider","59418, 60099","55829, 42168","21-15, 20-12",away,Gug,G
2020,1,1,-3,13216,3. division,Pulje 1,385552,4 24-10-2020,2. DD,2,DD,Højbjerg 4,Gug,"Line Nørgaard, Sofie Solveig Hansen","Maria Thomsen, Maren Formo (EU)","53232, 241577","12423, 13570","21-19, 20-9",away,Gug,G
2020,1,1,-3,13216,3. division,Pulje 1,385552,4 24-10-2020,1. HD,1,HD,Højbjerg 4,Gug,"Morten Skrøder Bødskov, Thomas Søe Jepsen","Casper Lund, Christian Grøndahl Nielsen","42546, 37251","11576, 25129","21-17, 16-21, 21-14",home,Højbjerg 4,
2020,1,1,-3,13216,3. division,Pulje 1,385552,4 24-10-2020,2. HD,2,HD,Højbjerg 4,Gug,"Mathias Bjerring, Morten Toft","Lasse Agerholm, Rune Iversen","86060, 73250","50474, 53092","22-24, 15-21",away,Gug,
2020,1,1,-3,13216,3. division,Pulje 1,385552,4 24-10-2020,3. HD,3,HD,Højbjerg 4,Gug,"Christian Meredin, Andreas Bjerring","Lasse Hansen, Mikkel Dalmark-Lund","1661, 74611","52941, 14188","13-21, 18-21",away,Gug,
2020,1,1,-3,13216,3. division,Pulje 1,385553,4 24-10-2020,1. MD,1,MD,Skovbakken,abc Aalborg 2,"Kasper Iversen, Helle Iversen","Martin Pedersen, Pernille Bundgaard","40467, 14487","77820, 52801","18-21, 21-12, 21-15",home,Skovbakken,
2020,1,1,-3,13216,3. division,Pulje 1,385553,4 24-10-2020,2. MD,2,MD,Skovbakken,abc Aalborg 2,"Søren Frandsen, Anna Schøn","Anders Larsen, Amalie Vestmar","14277, 34506","12181, 58807","13-21, 12-21",away,abc Aalborg 2,
2020,1,1,-3,13216,3. division,Pulje 1,385553,4 24-10-2020,1. DS,1,DS,Skovbakken,abc Aalborg 2,Kira Ammitzbøll,Christinna Andersen,58681,1280,"21-13, 21-17",home,Skovbakken,
2020,1,1,-3,13216,3. division,Pulje 1,385553,4 24-10-2020,2. DS,2,DS,Skovbakken,abc Aalborg 2,Sabrine Frandsen,Astrid Gjettermann,39810,61292,"24-22, 21-16",home,Skovbakken,
2020,1,1,-3,13216,3. division,Pulje 1,385553,4 24-10-2020,1. HS,1,HS,Skovbakken,abc Aalborg 2,Martin Lindved,Mads Sørensen,44552,1686,"9-21, 21-16, 16-21",away,abc Aalborg 2,
2020,1,1,-3,13216,3. division,Pulje 1,385553,4 24-10-2020,2. HS,2,HS,Skovbakken,abc Aalborg 2,Anders Johannsen,Mathias Hesthaven Rasmussen,24690,66508,"12-21, 16-21",away,abc Aalborg 2,
2020,1,1,-3,13216,3. division,Pulje 1,385553,4 24-10-2020,3. HS,3,HS,Skovbakken,abc Aalborg 2,Kristoffer Berthelsen,Rasmus Skovborg,29713,1198,"19-21, 17-21",away,abc Aalborg 2,
2020,1,1,-3,13216,3. division,Pulje 1,385553,4 24-10-2020,4. HS,4,HS,Skovbakken,abc Aalborg 2,Alexander Illum,Jacob Tovgaard,47474,14219,"21-11, 21-14",home,Skovbakken,
2020,1,1,-3,13216,3. division,Pulje 1,385553,4 24-10-2020,1. DD,1,DD,Skovbakken,abc Aalborg 2,"Helle Iversen, Anna Schøn","Amalie Vestmar, Christinna Andersen","14487, 34506","58807, 1280","19-21, 21-10, 21-9",home,Skovbakken,
2020,1,1,-3,13216,3. division,Pulje 1,385553,4 24-10-2020,2. DD,2,DD,Skovbakken,abc Aalborg 2,"Kira Ammitzbøll, Sabrine Frandsen","Astrid Gjettermann, Pernille Bundgaard","58681, 39810","61292, 52801","16-21, 21-17, 16-21",away,abc Aalborg 2,
2020,1,1,-3,13216,3. division,Pulje 1,385553,4 24-10-2020,1. HD,1,HD,Skovbakken,abc Aalborg 2,"Kristoffer Berthelsen, Anders Johannsen","Martin Pedersen, Jacob Tovgaard","29713, 24690","77820, 14219","21-17, 16-21, 22-20",home,Skovbakken,
2020,1,1,-3,13216,3. division,Pulje 1,385553,4 24-10-2020,2. HD,2,HD,Skovbakken,abc Aalborg 2,"Søren Frandsen, Kasper Iversen","Rasmus Skovborg, Anders Larsen","14277, 40467","1198, 12181","21-13, 21-7",home,Skovbakken,
2020,1,1,-3,13216,3. division,Pulje 1,385553,4 24-10-2020,3. HD,3,HD,Skovbakken,abc Aalborg 2,"Martin Lindved, Alexander Illum","Mads Sørensen, Mathias Hesthaven Rasmussen","44552, 47474","1686, 66508","24-22, 23-21",home,Skovbakken,
2020,1,1,-3,13217,3. division,Pulje 2,385566,1 05-09-2020,1. MD,1,MD,Nr. Lyndelse,Team Fyn,"Emil Østerholm, Cecilie Clausen","Casper Corfixen Nielsen, Mie Erika Jensen","88658, 54862","72327, 52427","21-15, 21-19",home,Nr. Lyndelse,
2020,1,1,-3,13217,3. division,Pulje 2,385566,1 05-09-2020,2. MD,2,MD,Nr. Lyndelse,Team Fyn,"Rasmus Ringsholt Nielsen, Julie Busk","Michael Jensen, Teresa Kolmos","12458, 83375","12093, 71512","20-22, 19-21",away,Team Fyn,
2020,1,1,-3,13217,3. division,Pulje 2,385566,1 05-09-2020,1. DS,1,DS,Nr. Lyndelse,Team Fyn,Carina Blaas,Sofie Skalshøj Kolmos,202,62397,"13-21, 21-16, 16-21",away,Team Fyn,
2020,1,1,-3,13217,3. division,Pulje 2,385566,1 05-09-2020,2. DS,2,DS,Nr. Lyndelse,Team Fyn,Katrine Kjærgaard,Lykke Rasmussen,83347,86758,"13-21, 6-21",away,Team Fyn,
2020,1,1,-3,13217,3. division,Pulje 2,385566,1 05-09-2020,1. HS,1,HS,Nr. Lyndelse,Team Fyn,Michael Them,Oliver Lee Nowak,14025,84525,"13-21, 21-18, 11-21",away,Team Fyn,
2020,1,1,-3,13217,3. division,Pulje 2,385566,1 05-09-2020,2. HS,2,HS,Nr. Lyndelse,Team Fyn,Jesper Bangsgaard,Erik Kjær,63462,14421,"21-12, 22-20",home,Nr. Lyndelse,
2020,1,1,-3,13217,3. division,Pulje 2,385566,1 05-09-2020,3. HS,3,HS,Nr. Lyndelse,Team Fyn,Markus Nielsen,Kasper Kølerfeldt,87760,75802,"21-9, 21-19",home,Nr. Lyndelse,
2020,1,1,-3,13217,3. division,Pulje 2,385566,1 05-09-2020,4. HS,4,HS,Nr. Lyndelse,Team Fyn,Jacob Nielsen,Michael Stentz-Olesen,10191,14278,"24-22, 21-15",home,Nr. Lyndelse,
2020,1,1,-3,13217,3. division,Pulje 2,385566,1 05-09-2020,1. DD,1,DD,Nr. Lyndelse,Team Fyn,"Carina Blaas, Katrine Kjærgaard","Teresa Kolmos, Lykke Rasmussen","202, 83347","71512, 86758","15-21, 15-21",away,Team Fyn,
2020,1,1,-3,13217,3. division,Pulje 2,385566,1 05-09-2020,2. DD,2,DD,Nr. Lyndelse,Team Fyn,"Cecilie Clausen, Julie Busk","Mie Erika Jensen, Sofie Skalshøj Kolmos","54862, 83375","52427, 62397","17-21, 14-21",away,Team Fyn,
2020,1,1,-3,13217,3. division,Pulje 2,385566,1 05-09-2020,1. HD,1,HD,Nr. Lyndelse,Team Fyn,"Michael Them, Rasmus Ringsholt Nielsen","Erik Kjær, Kasper Kølerfeldt","14025, 12458","14421, 75802","21-13, 21-15",home,Nr. Lyndelse,
2020,1,1,-3,13217,3. division,Pulje 2,385566,1 05-09-2020,2. HD,2,HD,Nr. Lyndelse,Team Fyn,"Jacob Nielsen, Jesper Bangsgaard","Oliver Lee Nowak, Michael Jensen","10191, 63462","84525, 12093","19-21, 20-22",away,Team Fyn,
2020,1,1,-3,13217,3. division,Pulje 2,385566,1 05-09-2020,3. HD,3,HD,Nr. Lyndelse,Team Fyn,"Emil Østerholm, Markus Nielsen","Casper Corfixen Nielsen, Michael Stentz-Olesen","88658, 87760","72327, 14278","21-10, 21-17",home,Nr. Lyndelse,
2020,1,1,-3,13217,3. division,Pulje 2,385567,1 05-09-2020,1. MD,1,MD,Dalum Hjallese BK,Badminton Esbjerg,"Emil Hansen, Julie Bølle Fruerlund","Frederik Bannerholt, Trine Nedergaard Christensen","58172, 53960","76937, 46084","18-21, 18-21",away,Badminton Esbjerg,
2020,1,1,-3,13217,3. division,Pulje 2,385567,1 05-09-2020,2. MD,2,MD,Dalum Hjallese BK,Badminton Esbjerg,"Daniel Holm Pedersen, Line Carlsen","Erik Olsen, Mette Bannerholt","61500, 52909","76094, 1638","21-19, 22-24, 17-21",away,Badminton Esbjerg,
2020,1,1,-3,13217,3. division,Pulje 2,385567,1 05-09-2020,1. DS,1,DS,Dalum Hjallese BK,Badminton Esbjerg,Anne Sofie Jul Elben,Line Woidemann Trans,85578,212992,"21-17, 14-21, 21-16",home,Dalum Hjallese BK,
2020,1,1,-3,13217,3. division,Pulje 2,385567,1 05-09-2020,2. DS,2,DS,Dalum Hjallese BK,Badminton Esbjerg,Michaela Lundgaard Saugstrup,Katrine Hyttel,48081,1345,"15-21, 14-21",away,Badminton Esbjerg,
2020,1,1,-3,13217,3. division,Pulje 2,385567,1 05-09-2020,1. HS,1,HS,Dalum Hjallese BK,Badminton Esbjerg,Frederik Giørtz,Henrik Nedergaard Christensen,44737,14645,"20-22, 16-21",away,Badminton Esbjerg,
2020,1,1,-3,13217,3. division,Pulje 2,385567,1 05-09-2020,2. HS,2,HS,Dalum Hjallese BK,Badminton Esbjerg,Gustav Bonde Hansen,Kristian Valther Pedersen,115696,10117,"21-15, 16-21, 14-21",away,Badminton Esbjerg,
2020,1,1,-3,13217,3. division,Pulje 2,385567,1 05-09-2020,3. HS,3,HS,Dalum Hjallese BK,Badminton Esbjerg,Lasse Borup Andersen,Michael Hansen,51845,172307,"21-19, 13-21, 16-21",away,Badminton Esbjerg,
2020,1,1,-3,13217,3. division,Pulje 2,385567,1 05-09-2020,4. HS,4,HS,Dalum Hjallese BK,Badminton Esbjerg,Aske Schrøder Petersen,Martin Rasmussen,79951,85984,"21-14, 15-21, 8-21",away,Badminton Esbjerg,
2020,1,1,-3,13217,3. division,Pulje 2,385567,1 05-09-2020,1. DD,1,DD,Dalum Hjallese BK,Badminton Esbjerg,"Julie Bølle Fruerlund, Anne Sofie Jul Elben","Trine Nedergaard Christensen, Line Woidemann Trans","53960, 85578","46084, 212992","17-21, 21-18, 18-21",away,Badminton Esbjerg,
2020,1,1,-3,13217,3. division,Pulje 2,385567,1 05-09-2020,2. DD,2,DD,Dalum Hjallese BK,Badminton Esbjerg,"Line Carlsen, Michaela Lundgaard Saugstrup","Mette Bannerholt, Katrine Hyttel","52909, 48081","1638, 1345","16-21, 11-21",away,Badminton Esbjerg,
2020,1,1,-3,13217,3. division,Pulje 2,385567,1 05-09-2020,1. HD,1,HD,Dalum Hjallese BK,Badminton Esbjerg,"Emil Hansen, Frederik Giørtz","Henrik Nedergaard Christensen, Erik Olsen","58172, 44737","14645, 76094","7-21, 21-17, 21-14",home,Dalum Hjallese BK,
2020,1,1,-3,13217,3. division,Pulje 2,385567,1 05-09-2020,2. HD,2,HD,Dalum Hjallese BK,Badminton Esbjerg,"Daniel Holm Pedersen, Lasse Borup Andersen","Frederik Bannerholt, Kristian Valther Pedersen","61500, 51845","76937, 10117","12-21, 21-12, 11-21",away,Badminton Esbjerg,
2020,1,1,-3,13217,3. division,Pulje 2,385567,1 05-09-2020,3. HD,3,HD,Dalum Hjallese BK,Badminton Esbjerg,"Aske Schrøder Petersen, Gustav Bonde Hansen","Martin Rasmussen, Michael Hansen","79951, 115696","85984, 172307","11-21, 14-21",away,Badminton Esbjerg,
2020,1,1,-3,13217,3. division,Pulje 2,385568,1 05-09-2020,1. MD,1,MD,Varde,Dybbøl,"Allan Thomsen, Louise Termansen","Jens Hjuler Jensen, Caroline Hjuler Veng","3497, 12107","212977, 94457","21-16, 21-19",home,Varde,
2020,1,1,-3,13217,3. division,Pulje 2,385568,1 05-09-2020,2. MD,2,MD,Varde,Dybbøl,"Jonas Tjørnelund, Olivia Isabella Olesen","Mads Hjuler Veng, Maria Lausten","43449, 159424","88054, 227231","21-8, 21-17",home,Varde,
2020,1,1,-3,13217,3. division,Pulje 2,385568,1 05-09-2020,1. DS,1,DS,Varde,Dybbøl,Julie Natascha Olesen,Iben Lauritzen Møller,159422,227233,"21-16, 18-21, 21-9",home,Varde,
2020,1,1,-3,13217,3. division,Pulje 2,385568,1 05-09-2020,2. DS,2,DS,Varde,Dybbøl,Sophie Amalie Olesen,Louise Liljegren,115520,239144,"12-21, 13-21",away,Dybbøl,
2020,1,1,-3,13217,3. division,Pulje 2,385568,1 05-09-2020,1. HS,1,HS,Varde,Dybbøl,Lars Christian Termansen,Anders Pontoppidan,12280,18265,"21-19, 21-11",home,Varde,
2020,1,1,-3,13217,3. division,Pulje 2,385568,1 05-09-2020,2. HS,2,HS,Varde,Dybbøl,Simon Termansen,Thomas Jensen,162851,10656,"21-10, 21-11",home,Varde,
2020,1,1,-3,13217,3. division,Pulje 2,385568,1 05-09-2020,3. HS,3,HS,Varde,Dybbøl,Ebbe H. Høj,Jacob Veng,2878,270597,"12-21, 21-13, 21-12",home,Varde,
2020,1,1,-3,13217,3. division,Pulje 2,385568,1 05-09-2020,4. HS,4,HS,Varde,Dybbøl,Peter Rønnow,Niclas Søndermark,159295,224960,"21-11, 21-23, 19-21",away,Dybbøl,
2020,1,1,-3,13217,3. division,Pulje 2,385568,1 05-09-2020,1. DD,1,DD,Varde,Dybbøl,"Olivia Isabella Olesen, Julie Natascha Olesen","Iben Lauritzen Møller, Caroline Hjuler Veng","159424, 159422","227233, 94457","21-15, 21-11",home,Varde,
2020,1,1,-3,13217,3. division,Pulje 2,385568,1 05-09-2020,2. DD,2,DD,Varde,Dybbøl,"Sophie Amalie Olesen, Louise Termansen","Louise Liljegren, Maria Lausten","115520, 12107","239144, 227231","21-18, 19-21, 21-10",home,Varde,
2020,1,1,-3,13217,3. division,Pulje 2,385568,1 05-09-2020,1. HD,1,HD,Varde,Dybbøl,"Lars Christian Termansen, Allan Thomsen","Anders Pontoppidan, Jacob Veng","12280, 3497","18265, 270597","21-18, 21-12",home,Varde,
2020,1,1,-3,13217,3. division,Pulje 2,385568,1 05-09-2020,2. HD,2,HD,Varde,Dybbøl,"Simon Termansen, Jonas Tjørnelund","Mads Hjuler Veng, Niclas Søndermark","162851, 43449","88054, 224960","21-14, 21-16",home,Varde,
2020,1,1,-3,13217,3. division,Pulje 2,385568,1 05-09-2020,3. HD,3,HD,Varde,Dybbøl,"Peter Rønnow, Ebbe H. Høj","Thomas Jensen, Jens Hjuler Jensen","159295, 2878","10656, 212977","21-16, 21-7",home,Varde,
2020,1,1,-3,13217,3. division,Pulje 2,385569,1 05-09-2020,1. MD,1,MD,Odense OBK 3,Slagelse,"Mikkel Normann, Jeanette Lund","Mads Kristensen, Laura Plambech","57319, 9813","72667, 84589","21-13, 15-21, 21-10",home,Odense OBK 3,
2020,1,1,-3,13217,3. division,Pulje 2,385569,1 05-09-2020,2. MD,2,MD,Odense OBK 3,Slagelse,"Paw Eriksen, Simone Uhre Mortensen","Silas Knudsen, Maja Bech","199204, 57090","2341, 23419","21-19, 20-22, 21-9",home,Odense OBK 3,
2020,1,1,-3,13217,3. division,Pulje 2,385569,1 05-09-2020,1. DS,1,DS,Odense OBK 3,Slagelse,Rikke Pedersen,Sofie Fibiger,2212,3020,"15-21, 17-21",away,Slagelse,
2020,1,1,-3,13217,3. division,Pulje 2,385569,1 05-09-2020,2. DS,2,DS,Odense OBK 3,Slagelse,Sarah Thorsager,Zenia Sentow,821,78753,"21-17, 9-21, 15-21",away,Slagelse,
2020,1,1,-3,13217,3. division,Pulje 2,385569,1 05-09-2020,1. HS,1,HS,Odense OBK 3,Slagelse,Morten Lilleøre-Vester,Frederik Fibiger,75919,84285,"9-21, 5-21",away,Slagelse,
2020,1,1,-3,13217,3. division,Pulje 2,385569,1 05-09-2020,2. HS,2,HS,Odense OBK 3,Slagelse,Christoffer M. Andersen,Nikolaj Westrup,1528,57609,"18-21, 10-21",away,Slagelse,
2020,1,1,-3,13217,3. division,Pulje 2,385569,1 05-09-2020,3. HS,3,HS,Odense OBK 3,Slagelse,Hjalte Linde Johansen,Morten Hougaard Prüsse,91920,13928,"21-19, 18-21, 21-16",home,Odense OBK 3,
2020,1,1,-3,13217,3. division,Pulje 2,385569,1 05-09-2020,4. HS,4,HS,Odense OBK 3,Slagelse,Nicolai L. Johansen,Niclas Ravn,72303,38219,"13-21, 21-14, 21-13",home,Odense OBK 3,
2020,1,1,-3,13217,3. division,Pulje 2,385569,1 05-09-2020,1. DD,1,DD,Odense OBK 3,Slagelse,"Jeanette Lund, Simone Uhre Mortensen","Maja Bech, Zenia Sentow","9813, 57090","23419, 78753","22-20, 14-21, 21-19",home,Odense OBK 3,
2020,1,1,-3,13217,3. division,Pulje 2,385569,1 05-09-2020,2. DD,2,DD,Odense OBK 3,Slagelse,"Sarah Thorsager, Rikke Pedersen","Laura Plambech, Sofie Fibiger","821, 2212","84589, 3020","23-21, 9-21, 11-21",away,Slagelse,
2020,1,1,-3,13217,3. division,Pulje 2,385569,1 05-09-2020,1. HD,1,HD,Odense OBK 3,Slagelse,"Paw Eriksen, Mikkel Normann","Mads Kristensen, Frederik Fibiger","199204, 57319","72667, 84285","13-21, 11-21",away,Slagelse,
2020,1,1,-3,13217,3. division,Pulje 2,385569,1 05-09-2020,2. HD,2,HD,Odense OBK 3,Slagelse,"Hjalte Linde Johansen, Nicolai L. Johansen","Silas Knudsen, Nikolaj Westrup","91920, 72303","2341, 57609","14-21, 21-14, 20-22",away,Slagelse,
2020,1,1,-3,13217,3. division,Pulje 2,385569,1 05-09-2020,3. HD,3,HD,Odense OBK 3,Slagelse,"Morten Lilleøre-Vester, Christoffer M. Andersen","Niclas Ravn, Morten Hougaard Prüsse","75919, 1528","38219, 13928","15-21, 11-21",away,Slagelse,
2020,1,1,-3,13217,3. division,Pulje 2,385570,2 19-09-2020,1. MD,1,MD,Dybbøl,Nr. Lyndelse,"Denis Lausten, Caroline Hjuler Veng","Emil Østerholm, Cecilie Clausen","8943, 94457","88658, 54862","11-21, 10-21",away,Nr. Lyndelse,
2020,1,1,-3,13217,3. division,Pulje 2,385570,2 19-09-2020,2. MD,2,MD,Dybbøl,Nr. Lyndelse,"Mads Hjuler Veng, Maria Lausten","Rasmus Ringsholt Nielsen, Katrine Kjærgaard","88054, 227231","12458, 83347","17-21, 15-21",away,Nr. Lyndelse,
2020,1,1,-3,13217,3. division,Pulje 2,385570,2 19-09-2020,1. DS,1,DS,Dybbøl,Nr. Lyndelse,Jane Hejlesen,Carina Blaas,55955,202,"21-16, 21-14",home,Dybbøl,
2020,1,1,-3,13217,3. division,Pulje 2,385570,2 19-09-2020,2. DS,2,DS,Dybbøl,Nr. Lyndelse,Louise Liljegren,Julie Busk,239144,83375,"18-21, 21-11, 21-18",home,Dybbøl,
2020,1,1,-3,13217,3. division,Pulje 2,385570,2 19-09-2020,1. HS,1,HS,Dybbøl,Nr. Lyndelse,Anders Pontoppidan,Michael Them,18265,14025,"14-21, 12-21",away,Nr. Lyndelse,
2020,1,1,-3,13217,3. division,Pulje 2,385570,2 19-09-2020,2. HS,2,HS,Dybbøl,Nr. Lyndelse,Jacob Veng,Jesper Bangsgaard,270597,63462,"21-16, 21-11",home,Dybbøl,
2020,1,1,-3,13217,3. division,Pulje 2,385570,2 19-09-2020,3. HS,3,HS,Dybbøl,Nr. Lyndelse,Niclas Søndermark,Markus Nielsen,224960,87760,"21-18, 23-25, 16-21",away,Nr. Lyndelse,
2020,1,1,-3,13217,3. division,Pulje 2,385570,2 19-09-2020,4. HS,4,HS,Dybbøl,Nr. Lyndelse,Anders Paulsen,Jacob Nielsen,226127,10191,"21-17, 21-12",home,Dybbøl,
2020,1,1,-3,13217,3. division,Pulje 2,385570,2 19-09-2020,1. DD,1,DD,Dybbøl,Nr. Lyndelse,"Jane Hejlesen, Caroline Hjuler Veng","Carina Blaas, Katrine Kjærgaard","55955, 94457","202, 83347","21-15, 21-12",home,Dybbøl,
2020,1,1,-3,13217,3. division,Pulje 2,385570,2 19-09-2020,2. DD,2,DD,Dybbøl,Nr. Lyndelse,"Louise Liljegren, Maria Lausten","Julie Busk, Cecilie Clausen","239144, 227231","83375, 54862","21-19, 18-21, 21-18",home,Dybbøl,
2020,1,1,-3,13217,3. division,Pulje 2,385570,2 19-09-2020,1. HD,1,HD,Dybbøl,Nr. Lyndelse,"Anders Pontoppidan, Jacob Veng","Michael Them, Rasmus Ringsholt Nielsen","18265, 270597","14025, 12458","15-21, 9-21",away,Nr. Lyndelse,
2020,1,1,-3,13217,3. division,Pulje 2,385570,2 19-09-2020,2. HD,2,HD,Dybbøl,Nr. Lyndelse,"Mads Hjuler Veng, Niclas Søndermark","Jacob Nielsen, Jesper Bangsgaard","88054, 224960","10191, 63462","17-21, 9-21",away,Nr. Lyndelse,
2020,1,1,-3,13217,3. division,Pulje 2,385570,2 19-09-2020,3. HD,3,HD,Dybbøl,Nr. Lyndelse,"Anders Paulsen, Denis Lausten","Emil Østerholm, Markus Nielsen","226127, 8943","88658, 87760","11-21, 14-21",away,Nr. Lyndelse,
2020,1,1,-3,13217,3. division,Pulje 2,385571,2 19-09-2020,1. MD,1,MD,Slagelse,Dalum Hjallese BK,"Mads Kristensen, Laura Plambech","Emil Hansen, Julie Bølle Fruerlund","72667, 84589","58172, 53960","21-17, 21-16",home,Slagelse,
2020,1,1,-3,13217,3. division,Pulje 2,385571,2 19-09-2020,2. MD,2,MD,Slagelse,Dalum Hjallese BK,"Silas Knudsen, Maja Bech","Daniel Holm Pedersen, Line Carlsen","2341, 23419","61500, 52909","21-18, 21-14",home,Slagelse,
2020,1,1,-3,13217,3. division,Pulje 2,385571,2 19-09-2020,1. DS,1,DS,Slagelse,Dalum Hjallese BK,Sofie Fibiger,Anne Sofie Jul Elben,3020,85578,"21-16, 21-14",home,Slagelse,
2020,1,1,-3,13217,3. division,Pulje 2,385571,2 19-09-2020,2. DS,2,DS,Slagelse,Dalum Hjallese BK,Zenia Sentow,Michaela Lundgaard Saugstrup,78753,48081,"21-7, 25-27, 21-10",home,Slagelse,
2020,1,1,-3,13217,3. division,Pulje 2,385571,2 19-09-2020,1. HS,1,HS,Slagelse,Dalum Hjallese BK,Frederik Fibiger,Frederik Giørtz,84285,44737,"21-12, 21-8",home,Slagelse,
2020,1,1,-3,13217,3. division,Pulje 2,385571,2 19-09-2020,2. HS,2,HS,Slagelse,Dalum Hjallese BK,Nikolaj Westrup,Lasse Borup Andersen,57609,51845,"21-13, 21-7",home,Slagelse,
2020,1,1,-3,13217,3. division,Pulje 2,385571,2 19-09-2020,3. HS,3,HS,Slagelse,Dalum Hjallese BK,Morten Hougaard Prüsse,Aske Schrøder Petersen,13928,79951,"21-11, 21-9",home,Slagelse,
2020,1,1,-3,13217,3. division,Pulje 2,385571,2 19-09-2020,4. HS,4,HS,Slagelse,Dalum Hjallese BK,Niclas Ravn,Mikkel Valentin,38219,46868,"21-15, 21-14",home,Slagelse,
2020,1,1,-3,13217,3. division,Pulje 2,385571,2 19-09-2020,1. DD,1,DD,Slagelse,Dalum Hjallese BK,"Maja Bech, Zenia Sentow","Anne Sofie Jul Elben, Julie Bølle Fruerlund","23419, 78753","85578, 53960","21-16, 21-15",home,Slagelse,
2020,1,1,-3,13217,3. division,Pulje 2,385571,2 19-09-2020,2. DD,2,DD,Slagelse,Dalum Hjallese BK,"Laura Plambech, Sofie Fibiger","Line Carlsen, Michaela Lundgaard Saugstrup","84589, 3020","52909, 48081","21-17, 21-19",home,Slagelse,
2020,1,1,-3,13217,3. division,Pulje 2,385571,2 19-09-2020,1. HD,1,HD,Slagelse,Dalum Hjallese BK,"Frederik Fibiger, Mads Kristensen","Frederik Giørtz, Emil Hansen","84285, 72667","44737, 58172","21-18, 21-11",home,Slagelse,
2020,1,1,-3,13217,3. division,Pulje 2,385571,2 19-09-2020,2. HD,2,HD,Slagelse,Dalum Hjallese BK,"Nikolaj Westrup, Silas Knudsen","Aske Schrøder Petersen, Mikkel Valentin","57609, 2341","79951, 46868","21-10, 21-14",home,Slagelse,
2020,1,1,-3,13217,3. division,Pulje 2,385571,2 19-09-2020,3. HD,3,HD,Slagelse,Dalum Hjallese BK,"Morten Hougaard Prüsse, Niclas Ravn","Lasse Borup Andersen, Daniel Holm Pedersen","13928, 38219","51845, 61500","21-12, 21-14",home,Slagelse,
2020,1,1,-3,13217,3. division,Pulje 2,385572,2 19-09-2020,1. MD,1,MD,Team Fyn,Varde,"Mikael Christensen, Mie Erika Jensen","Allan Thomsen, Louise Termansen","169397, 52427","3497, 12107","12-21, 21-18, 21-16",home,Team Fyn,
2020,1,1,-3,13217,3. division,Pulje 2,385572,2 19-09-2020,2. MD,2,MD,Team Fyn,Varde,"Casper Corfixen Nielsen, Teresa Kolmos","Jonas Tjørnelund, Olivia Isabella Olesen","72327, 71512","43449, 159424","28-30, 21-17, 21-18",home,Team Fyn,
2020,1,1,-3,13217,3. division,Pulje 2,385572,2 19-09-2020,1. DS,1,DS,Team Fyn,Varde,Sofie Skalshøj Kolmos,Julie Natascha Olesen,62397,159422,"10-21, 12-21",away,Varde,
2020,1,1,-3,13217,3. division,Pulje 2,385572,2 19-09-2020,2. DS,2,DS,Team Fyn,Varde,Lykke Rasmussen,Sophie Amalie Olesen,86758,115520,"21-12, 21-12",home,Team Fyn,
2020,1,1,-3,13217,3. division,Pulje 2,385572,2 19-09-2020,1. HS,1,HS,Team Fyn,Varde,Oliver Lee Nowak,Lars Christian Termansen,84525,12280,"21-14, 16-21, 21-14",home,Team Fyn,
2020,1,1,-3,13217,3. division,Pulje 2,385572,2 19-09-2020,2. HS,2,HS,Team Fyn,Varde,Erik Kjær,Simon Termansen,14421,162851,"21-10, 21-18",home,Team Fyn,
2020,1,1,-3,13217,3. division,Pulje 2,385572,2 19-09-2020,3. HS,3,HS,Team Fyn,Varde,Michael Jensen,Ebbe H. Høj,12093,2878,"21-15, 21-9",home,Team Fyn,
2020,1,1,-3,13217,3. division,Pulje 2,385572,2 19-09-2020,4. HS,4,HS,Team Fyn,Varde,Kasper Kølerfeldt,Peter Rønnow,75802,159295,"21-16, 21-16",home,Team Fyn,
2020,1,1,-3,13217,3. division,Pulje 2,385572,2 19-09-2020,1. DD,1,DD,Team Fyn,Varde,"Lykke Rasmussen, Teresa Kolmos","Julie Natascha Olesen, Olivia Isabella Olesen","86758, 71512","159422, 159424","21-6, 21-9",home,Team Fyn,
2020,1,1,-3,13217,3. division,Pulje 2,385572,2 19-09-2020,2. DD,2,DD,Team Fyn,Varde,"Sofie Skalshøj Kolmos, Mie Erika Jensen","Louise Termansen, Sophie Amalie Olesen","62397, 52427","12107, 115520","21-15, 21-16",home,Team Fyn,
2020,1,1,-3,13217,3. division,Pulje 2,385572,2 19-09-2020,1. HD,1,HD,Team Fyn,Varde,"Erik Kjær, Kasper Kølerfeldt","Allan Thomsen, Lars Christian Termansen","14421, 75802","3497, 12280","21-23, 21-16, 21-14",home,Team Fyn,
2020,1,1,-3,13217,3. division,Pulje 2,385572,2 19-09-2020,2. HD,2,HD,Team Fyn,Varde,"Oliver Lee Nowak, Michael Jensen","Jonas Tjørnelund, Simon Termansen","84525, 12093","43449, 162851","18-21, 18-21",away,Varde,
2020,1,1,-3,13217,3. division,Pulje 2,385572,2 19-09-2020,3. HD,3,HD,Team Fyn,Varde,"Mikael Christensen, Casper Corfixen Nielsen","Ebbe H. Høj, Peter Rønnow","169397, 72327","2878, 159295","21-19, 16-21, 21-15",home,Team Fyn,
2020,1,1,-3,13217,3. division,Pulje 2,385573,2 19-09-2020,1. MD,1,MD,Badminton Esbjerg,Odense OBK 3,"Frederik Bannerholt, Trine Nedergaard Christensen","Mikkel Normann, Jeanette Lund","76937, 46084","57319, 9813","21-17, 21-17",home,Badminton Esbjerg,
2020,1,1,-3,13217,3. division,Pulje 2,385573,2 19-09-2020,2. MD,2,MD,Badminton Esbjerg,Odense OBK 3,"Rune Poulsen, Mette Bannerholt","Paw Eriksen, Simone Uhre Mortensen","15109, 1638","199204, 57090","25-23, 13-21, 15-21",away,Odense OBK 3,
2020,1,1,-3,13217,3. division,Pulje 2,385573,2 19-09-2020,1. DS,1,DS,Badminton Esbjerg,Odense OBK 3,Line Woidemann Trans,Rikke Pedersen,212992,2212,"14-21, 12-21",away,Odense OBK 3,
2020,1,1,-3,13217,3. division,Pulje 2,385573,2 19-09-2020,2. DS,2,DS,Badminton Esbjerg,Odense OBK 3,Katrine Hyttel,Sindia Pilgaard,1345,159066,"22-20, 14-21, 15-21",away,Odense OBK 3,
2020,1,1,-3,13217,3. division,Pulje 2,385573,2 19-09-2020,1. HS,1,HS,Badminton Esbjerg,Odense OBK 3,Henrik Nedergaard Christensen,Morten Lilleøre-Vester,14645,75919,"13-21, 21-10, 17-21",away,Odense OBK 3,
2020,1,1,-3,13217,3. division,Pulje 2,385573,2 19-09-2020,2. HS,2,HS,Badminton Esbjerg,Odense OBK 3,Erik Olsen,Christoffer M. Andersen,76094,1528,"21-12, 21-12",home,Badminton Esbjerg,
2020,1,1,-3,13217,3. division,Pulje 2,385573,2 19-09-2020,3. HS,3,HS,Badminton Esbjerg,Odense OBK 3,Dennis Holm Hansen,Nikolaj Aasmose,16602,234057,"20-22, 23-25",away,Odense OBK 3,
2020,1,1,-3,13217,3. division,Pulje 2,385573,2 19-09-2020,4. HS,4,HS,Badminton Esbjerg,Odense OBK 3,Martin Harbo Andersen,Sune Juul Ørskov,226295,199572,"21-19, 10-21, 28-26",home,Badminton Esbjerg,
2020,1,1,-3,13217,3. division,Pulje 2,385573,2 19-09-2020,1. DD,1,DD,Badminton Esbjerg,Odense OBK 3,"Trine Nedergaard Christensen, Line Woidemann Trans","Simone Uhre Mortensen, Jeanette Lund","46084, 212992","57090, 9813","18-21, 21-17, 21-16",home,Badminton Esbjerg,
2020,1,1,-3,13217,3. division,Pulje 2,385573,2 19-09-2020,2. DD,2,DD,Badminton Esbjerg,Odense OBK 3,"Mette Bannerholt, Katrine Hyttel","Rikke Pedersen, Sindia Pilgaard","1638, 1345","2212, 159066","21-12, 14-21, 16-21",away,Odense OBK 3,
2020,1,1,-3,13217,3. division,Pulje 2,385573,2 19-09-2020,1. HD,1,HD,Badminton Esbjerg,Odense OBK 3,"Frederik Bannerholt, Rune Poulsen","Mikkel Normann, Paw Eriksen","76937, 15109","57319, 199204","21-16, 22-20",home,Badminton Esbjerg,
2020,1,1,-3,13217,3. division,Pulje 2,385573,2 19-09-2020,2. HD,2,HD,Badminton Esbjerg,Odense OBK 3,"Dennis Holm Hansen, Erik Olsen","Morten Lilleøre-Vester, Christoffer M. Andersen","16602, 76094","75919, 1528","19-21, 21-19, 21-15",home,Badminton Esbjerg,
2020,1,1,-3,13217,3. division,Pulje 2,385573,2 19-09-2020,3. HD,3,HD,Badminton Esbjerg,Odense OBK 3,"Henrik Nedergaard Christensen, Martin Harbo Andersen","Sune Juul Ørskov, Nikolaj Aasmose","14645, 226295","199572, 234057","21-13, 21-15",home,Badminton Esbjerg,
2020,1,1,-3,13217,3. division,Pulje 2,385574,3 03-10-2020,1. MD,1,MD,Dalum Hjallese BK,Nr. Lyndelse,"Emil Hansen, Julie Bølle Fruerlund","Emil Østerholm, Cecilie Clausen","58172, 53960","88658, 54862","21-12, 13-21, 21-9",home,Dalum Hjallese BK,
2020,1,1,-3,13217,3. division,Pulje 2,385574,3 03-10-2020,2. MD,2,MD,Dalum Hjallese BK,Nr. Lyndelse,"Daniel Holm Pedersen, Line Carlsen","Rasmus Ringsholt Nielsen, Julie Busk","61500, 52909","12458, 83375","17-21, 16-21",away,Nr. Lyndelse,
2020,1,1,-3,13217,3. division,Pulje 2,385574,3 03-10-2020,1. DS,1,DS,Dalum Hjallese BK,Nr. Lyndelse,Anne Sofie Jul Elben,Carina Blaas,85578,202,"21-16, 21-15",home,Dalum Hjallese BK,
2020,1,1,-3,13217,3. division,Pulje 2,385574,3 03-10-2020,2. DS,2,DS,Dalum Hjallese BK,Nr. Lyndelse,Michaela Lundgaard Saugstrup,Nicoline Skovsgaard,48081,1469,"21-15, 21-13",home,Dalum Hjallese BK,
2020,1,1,-3,13217,3. division,Pulje 2,385574,3 03-10-2020,1. HS,1,HS,Dalum Hjallese BK,Nr. Lyndelse,Frederik Giørtz,Michael Them,44737,14025,"14-21, 16-21",away,Nr. Lyndelse,
2020,1,1,-3,13217,3. division,Pulje 2,385574,3 03-10-2020,2. HS,2,HS,Dalum Hjallese BK,Nr. Lyndelse,Lasse Borup Andersen,Jesper Bangsgaard,51845,63462,"19-21, 21-15, 21-15",home,Dalum Hjallese BK,
2020,1,1,-3,13217,3. division,Pulje 2,385574,3 03-10-2020,3. HS,3,HS,Dalum Hjallese BK,Nr. Lyndelse,Aske Schrøder Petersen,Markus Nielsen,79951,87760,"13-21, 19-21",away,Nr. Lyndelse,
2020,1,1,-3,13217,3. division,Pulje 2,385574,3 03-10-2020,4. HS,4,HS,Dalum Hjallese BK,Nr. Lyndelse,Mikkel Valentin,Jacob Nielsen,46868,10191,"19-21, 4-21",away,Nr. Lyndelse,
2020,1,1,-3,13217,3. division,Pulje 2,385574,3 03-10-2020,1. DD,1,DD,Dalum Hjallese BK,Nr. Lyndelse,"Julie Bølle Fruerlund, Anne Sofie Jul Elben","Carina Blaas, Cecilie Clausen","53960, 85578","202, 54862","17-21, 24-22, 21-18",home,Dalum Hjallese BK,
2020,1,1,-3,13217,3. division,Pulje 2,385574,3 03-10-2020,2. DD,2,DD,Dalum Hjallese BK,Nr. Lyndelse,"Line Carlsen, Michaela Lundgaard Saugstrup","Julie Busk, Nicoline Skovsgaard","52909, 48081","83375, 1469","21-9, 21-14",home,Dalum Hjallese BK,
2020,1,1,-3,13217,3. division,Pulje 2,385574,3 03-10-2020,1. HD,1,HD,Dalum Hjallese BK,Nr. Lyndelse,"Emil Hansen, Frederik Giørtz","Michael Them, Rasmus Ringsholt Nielsen","58172, 44737","14025, 12458","11-21, 19-21",away,Nr. Lyndelse,
2020,1,1,-3,13217,3. division,Pulje 2,385574,3 03-10-2020,2. HD,2,HD,Dalum Hjallese BK,Nr. Lyndelse,"Aske Schrøder Petersen, Mikkel Valentin","Jacob Nielsen, Jesper Bangsgaard","79951, 46868","10191, 63462","22-20, 26-24",home,Dalum Hjallese BK,
2020,1,1,-3,13217,3. division,Pulje 2,385574,3 03-10-2020,3. HD,3,HD,Dalum Hjallese BK,Nr. Lyndelse,"Lasse Borup Andersen, Daniel Holm Pedersen","Emil Østerholm, Markus Nielsen","51845, 61500","88658, 87760","14-21, 10-21",away,Nr. Lyndelse,
2020,1,1,-3,13217,3. division,Pulje 2,385575,3 03-10-2020,1. MD,1,MD,Badminton Esbjerg,Team Fyn,"Frederik Bannerholt, Trine Nedergaard Christensen","Michael Jensen, Teresa Kolmos","76937, 46084","12093, 71512","17-21, 12-21",away,Team Fyn,
2020,1,1,-3,13217,3. division,Pulje 2,385575,3 03-10-2020,2. MD,2,MD,Badminton Esbjerg,Team Fyn,"Dennis Holm Hansen, Mette Bannerholt","Mikael Christensen, Mie Erika Jensen","16602, 1638","169397, 52427","21-14, 15-21, 21-19",home,Badminton Esbjerg,
2020,1,1,-3,13217,3. division,Pulje 2,385575,3 03-10-2020,1. DS,1,DS,Badminton Esbjerg,Team Fyn,Line Woidemann Trans,Sofie Skalshøj Kolmos,212992,62397,"21-5, 21-7",home,Badminton Esbjerg,
2020,1,1,-3,13217,3. division,Pulje 2,385575,3 03-10-2020,2. DS,2,DS,Badminton Esbjerg,Team Fyn,Katrine Hyttel,Lykke Rasmussen,1345,86758,"21-18, 21-13",home,Badminton Esbjerg,
2020,1,1,-3,13217,3. division,Pulje 2,385575,3 03-10-2020,1. HS,1,HS,Badminton Esbjerg,Team Fyn,Erik Olsen,Oliver Lee Nowak,76094,84525,"16-21, 18-21",away,Team Fyn,
2020,1,1,-3,13217,3. division,Pulje 2,385575,3 03-10-2020,2. HS,2,HS,Badminton Esbjerg,Team Fyn,Henrik Nedergaard Christensen,Erik Kjær,14645,14421,"21-16, 17-21, 21-15",home,Badminton Esbjerg,
2020,1,1,-3,13217,3. division,Pulje 2,385575,3 03-10-2020,3. HS,3,HS,Badminton Esbjerg,Team Fyn,Rune Poulsen,Karl-Jørgen Møller,15109,19660,"21-18, 21-14",home,Badminton Esbjerg,
2020,1,1,-3,13217,3. division,Pulje 2,385575,3 03-10-2020,4. HS,4,HS,Badminton Esbjerg,Team Fyn,Kristian Valther Pedersen,Kasper Kølerfeldt,10117,75802,"21-12, 21-16",home,Badminton Esbjerg,
2020,1,1,-3,13217,3. division,Pulje 2,385575,3 03-10-2020,1. DD,1,DD,Badminton Esbjerg,Team Fyn,"Trine Nedergaard Christensen, Line Woidemann Trans","Teresa Kolmos, Lykke Rasmussen","46084, 212992","71512, 86758","21-13, 21-12",home,Badminton Esbjerg,
2020,1,1,-3,13217,3. division,Pulje 2,385575,3 03-10-2020,2. DD,2,DD,Badminton Esbjerg,Team Fyn,"Mette Bannerholt, Katrine Hyttel","Sofie Skalshøj Kolmos, Mie Erika Jensen","1638, 1345","62397, 52427","21-14, 22-20",home,Badminton Esbjerg,
2020,1,1,-3,13217,3. division,Pulje 2,385575,3 03-10-2020,1. HD,1,HD,Badminton Esbjerg,Team Fyn,"Frederik Bannerholt, Rune Poulsen","Erik Kjær, Kasper Kølerfeldt","76937, 15109","14421, 75802","18-21, 15-21",away,Team Fyn,
2020,1,1,-3,13217,3. division,Pulje 2,385575,3 03-10-2020,2. HD,2,HD,Badminton Esbjerg,Team Fyn,"Henrik Nedergaard Christensen, Kristian Valther Pedersen","Michael Jensen, Oliver Lee Nowak","14645, 10117","12093, 84525","21-12, 9-21, 16-21",away,Team Fyn,
2020,1,1,-3,13217,3. division,Pulje 2,385575,3 03-10-2020,3. HD,3,HD,Badminton Esbjerg,Team Fyn,"Erik Olsen, Dennis Holm Hansen","Mikael Christensen, Karl-Jørgen Møller","76094, 16602","169397, 19660","22-20, 17-21, 21-15",home,Badminton Esbjerg,
2020,1,1,-3,13217,3. division,Pulje 2,385576,3 03-10-2020,1. MD,1,MD,Odense OBK 3,Varde,"Mikkel Normann, Jeanette Lund","Allan Thomsen, Louise Termansen","57319, 9813","3497, 12107","19-21, 21-16, 21-19",home,Odense OBK 3,
2020,1,1,-3,13217,3. division,Pulje 2,385576,3 03-10-2020,2. MD,2,MD,Odense OBK 3,Varde,"Paw Eriksen, Simone Uhre Mortensen","Jonas Tjørnelund, Olivia Isabella Olesen","199204, 57090","43449, 159424","21-16, 21-16",home,Odense OBK 3,
2020,1,1,-3,13217,3. division,Pulje 2,385576,3 03-10-2020,1. DS,1,DS,Odense OBK 3,Varde,Rikke Pedersen,Julie Natascha Olesen,2212,159422,"21-16, 21-18",home,Odense OBK 3,
2020,1,1,-3,13217,3. division,Pulje 2,385576,3 03-10-2020,2. DS,2,DS,Odense OBK 3,Varde,Tanne Vestergaard,Sophie Amalie Olesen,75047,115520,"24-22, 21-18",home,Odense OBK 3,
2020,1,1,-3,13217,3. division,Pulje 2,385576,3 03-10-2020,1. HS,1,HS,Odense OBK 3,Varde,Jonathan Tang,Lars Christian Termansen,62892,12280,"21-16, 21-11",home,Odense OBK 3,
2020,1,1,-3,13217,3. division,Pulje 2,385576,3 03-10-2020,2. HS,2,HS,Odense OBK 3,Varde,Morten Lilleøre-Vester,Simon Termansen,75919,162851,"21-5, 21-7",home,Odense OBK 3,
2020,1,1,-3,13217,3. division,Pulje 2,385576,3 03-10-2020,3. HS,3,HS,Odense OBK 3,Varde,Christoffer M. Andersen,Ebbe H. Høj,1528,2878,"18-21, 21-14, 21-15",home,Odense OBK 3,
2020,1,1,-3,13217,3. division,Pulje 2,385576,3 03-10-2020,4. HS,4,HS,Odense OBK 3,Varde,Nikolaj Aasmose,Peter Rønnow,234057,159295,"15-21, 18-21",away,Varde,
2020,1,1,-3,13217,3. division,Pulje 2,385576,3 03-10-2020,1. DD,1,DD,Odense OBK 3,Varde,"Jeanette Lund, Simone Uhre Mortensen","Olivia Isabella Olesen, Julie Natascha Olesen","9813, 57090","159424, 159422","21-17, 21-10",home,Odense OBK 3,
2020,1,1,-3,13217,3. division,Pulje 2,385576,3 03-10-2020,2. DD,2,DD,Odense OBK 3,Varde,"Tanne Vestergaard, Rikke Pedersen","Louise Termansen, Sophie Amalie Olesen","75047, 2212","12107, 115520","21-12, 21-14",home,Odense OBK 3,
2020,1,1,-3,13217,3. division,Pulje 2,385576,3 03-10-2020,1. HD,1,HD,Odense OBK 3,Varde,"Paw Eriksen, Mikkel Normann","Lars Christian Termansen, Allan Thomsen","199204, 57319","12280, 3497","21-17, 18-21, 21-19",home,Odense OBK 3,
2020,1,1,-3,13217,3. division,Pulje 2,385576,3 03-10-2020,2. HD,2,HD,Odense OBK 3,Varde,"Morten Lilleøre-Vester, Jonathan Tang","Jonas Tjørnelund, Simon Termansen","75919, 62892","43449, 162851","21-19, 21-13",home,Odense OBK 3,
2020,1,1,-3,13217,3. division,Pulje 2,385576,3 03-10-2020,3. HD,3,HD,Odense OBK 3,Varde,"Christoffer M. Andersen, Nikolaj Aasmose","Peter Rønnow, Ebbe H. Høj","1528, 234057","159295, 2878","19-21, 14-21",away,Varde,
2020,1,1,-3,13217,3. division,Pulje 2,385577,3 03-10-2020,1. MD,1,MD,Slagelse,Dybbøl,"Mads Kristensen, Laura Plambech","Peter Andreasen, Maria Lausten","72667, 84589","8679, 227231","21-9, 21-10",home,Slagelse,
2020,1,1,-3,13217,3. division,Pulje 2,385577,3 03-10-2020,2. MD,2,MD,Slagelse,Dybbøl,"Rasmus Brix Jensen, Maja Bech","Mads Hjuler Veng, Winnie Hedegaard","14301, 23419","88054, 178536","21-17, 21-4",home,Slagelse,
2020,1,1,-3,13217,3. division,Pulje 2,385577,3 03-10-2020,1. DS,1,DS,Slagelse,Dybbøl,Sofie Fibiger,Caroline Hjuler Veng,3020,94457,"21-5, 21-7",home,Slagelse,
2020,1,1,-3,13217,3. division,Pulje 2,385577,3 03-10-2020,2. DS,2,DS,Slagelse,Dybbøl,Zenia Sentow,Louise Liljegren,78753,239144,"21-18, 21-10",home,Slagelse,
2020,1,1,-3,13217,3. division,Pulje 2,385577,3 03-10-2020,1. HS,1,HS,Slagelse,Dybbøl,Frederik Fibiger,Anders Pontoppidan,84285,18265,"21-3, 21-7",home,Slagelse,
2020,1,1,-3,13217,3. division,Pulje 2,385577,3 03-10-2020,2. HS,2,HS,Slagelse,Dybbøl,Morten Hougaard Prüsse,Jacob Veng,13928,270597,"21-6, 21-10",home,Slagelse,
2020,1,1,-3,13217,3. division,Pulje 2,385577,3 03-10-2020,3. HS,3,HS,Slagelse,Dybbøl,Silas Knudsen,Niclas Søndermark,2341,224960,"21-11, 21-16",home,Slagelse,
2020,1,1,-3,13217,3. division,Pulje 2,385577,3 03-10-2020,4. HS,4,HS,Slagelse,Dybbøl,Niclas Ravn,Anders Paulsen,38219,226127,"21-16, 21-14",home,Slagelse,
2020,1,1,-3,13217,3. division,Pulje 2,385577,3 03-10-2020,1. DD,1,DD,Slagelse,Dybbøl,"Maja Bech, Zenia Sentow","Caroline Hjuler Veng, Winnie Hedegaard","23419, 78753","94457, 178536","21-14, 21-4",home,Slagelse,
2020,1,1,-3,13217,3. division,Pulje 2,385577,3 03-10-2020,2. DD,2,DD,Slagelse,Dybbøl,"Sofie Fibiger, Laura Plambech","Maria Lausten, Louise Liljegren","3020, 84589","227231, 239144","21-13, 21-17",home,Slagelse,
2020,1,1,-3,13217,3. division,Pulje 2,385577,3 03-10-2020,1. HD,1,HD,Slagelse,Dybbøl,"Frederik Fibiger, Silas Knudsen","Anders Pontoppidan, Jacob Veng","84285, 2341","18265, 270597","21-10, 21-12",home,Slagelse,
2020,1,1,-3,13217,3. division,Pulje 2,385577,3 03-10-2020,2. HD,2,HD,Slagelse,Dybbøl,"Mads Kristensen, Rasmus Brix Jensen","Mads Hjuler Veng, Niclas Søndermark","72667, 14301","88054, 224960","21-15, 21-11",home,Slagelse,
2020,1,1,-3,13217,3. division,Pulje 2,385577,3 03-10-2020,3. HD,3,HD,Slagelse,Dybbøl,"Morten Hougaard Prüsse, Niclas Ravn","Peter Andreasen, Anders Paulsen","13928, 38219","8679, 226127","21-9, 21-9",home,Slagelse,
2020,1,1,-3,13217,3. division,Pulje 2,385578,4 24-10-2020,1. MD,1,MD,Team Fyn,Dalum Hjallese BK,"Erik Kjær, Teresa Kolmos","Emil Hansen, Julie Bølle Fruerlund","14421, 71512","58172, 53960","21-13, 16-21, 19-21",away,Dalum Hjallese BK,
2020,1,1,-3,13217,3. division,Pulje 2,385578,4 24-10-2020,2. MD,2,MD,Team Fyn,Dalum Hjallese BK,"Mikael Christensen, Mie Erika Jensen","Jacob Q. Petersen, Nanna Vinther Poulsen","169397, 52427","37427, 72895","21-18, 21-15",home,Team Fyn,
2020,1,1,-3,13217,3. division,Pulje 2,385578,4 24-10-2020,1. DS,1,DS,Team Fyn,Dalum Hjallese BK,Sofie Skalshøj Kolmos,Anne Sofie Jul Elben,62397,85578,"21-14, 21-18",home,Team Fyn,
2020,1,1,-3,13217,3. division,Pulje 2,385578,4 24-10-2020,2. DS,2,DS,Team Fyn,Dalum Hjallese BK,Lykke Rasmussen,Michaela Lundgaard Saugstrup,86758,48081,"21-13, 21-13",home,Team Fyn,
2020,1,1,-3,13217,3. division,Pulje 2,385578,4 24-10-2020,1. HS,1,HS,Team Fyn,Dalum Hjallese BK,Oliver Lee Nowak,Frederik Giørtz,84525,44737,"21-19, 21-12",home,Team Fyn,
2020,1,1,-3,13217,3. division,Pulje 2,385578,4 24-10-2020,2. HS,2,HS,Team Fyn,Dalum Hjallese BK,Karl-Jørgen Møller,Martin Kær Eriksen,19660,36887,"21-18, 19-21, 21-15",home,Team Fyn,
2020,1,1,-3,13217,3. division,Pulje 2,385578,4 24-10-2020,3. HS,3,HS,Team Fyn,Dalum Hjallese BK,Kasper Kølerfeldt,Kenneth Schmidt,75802,55632,"21-18, 15-21, 19-21",away,Dalum Hjallese BK,
2020,1,1,-3,13217,3. division,Pulje 2,385578,4 24-10-2020,4. HS,4,HS,Team Fyn,Dalum Hjallese BK,Tobias Kromann,Mikkel Valentin,72056,46868,"21-18, 21-19",home,Team Fyn,
2020,1,1,-3,13217,3. division,Pulje 2,385578,4 24-10-2020,1. DD,1,DD,Team Fyn,Dalum Hjallese BK,"Lykke Rasmussen, Teresa Kolmos","Anne Sofie Jul Elben, Julie Bølle Fruerlund","86758, 71512","85578, 53960","17-21, 21-13, 21-15",home,Team Fyn,
2020,1,1,-3,13217,3. division,Pulje 2,385578,4 24-10-2020,2. DD,2,DD,Team Fyn,Dalum Hjallese BK,"Mie Erika Jensen, Sofie Skalshøj Kolmos","Nanna Vinther Poulsen, Michaela Lundgaard Saugstrup","52427, 62397","72895, 48081","21-13, 21-18",home,Team Fyn,
2020,1,1,-3,13217,3. division,Pulje 2,385578,4 24-10-2020,1. HD,1,HD,Team Fyn,Dalum Hjallese BK,"Erik Kjær, Kasper Kølerfeldt","Emil Hansen, Frederik Giørtz","14421, 75802","58172, 44737","21-16, 13-21, 21-11",home,Team Fyn,
2020,1,1,-3,13217,3. division,Pulje 2,385578,4 24-10-2020,2. HD,2,HD,Team Fyn,Dalum Hjallese BK,"Oliver Lee Nowak, Tobias Kromann","Jacob Q. Petersen, Mikkel Valentin","84525, 72056","37427, 46868","22-24, 21-18, 26-24",home,Team Fyn,
2020,1,1,-3,13217,3. division,Pulje 2,385578,4 24-10-2020,3. HD,3,HD,Team Fyn,Dalum Hjallese BK,"Mikael Christensen, Karl-Jørgen Møller","Kenneth Schmidt, Martin Kær Eriksen","169397, 19660","55632, 36887","14-21, 21-15, 21-19",home,Team Fyn,
2020,1,1,-3,13217,3. division,Pulje 2,385579,4 24-10-2020,1. MD,1,MD,Varde,Badminton Esbjerg,"Allan Thomsen, Louise Termansen","Frederik Bannerholt, Mette Bannerholt","3497, 12107","76937, 1638","21-18, 15-21, 22-20",home,Varde,
2020,1,1,-3,13217,3. division,Pulje 2,385579,4 24-10-2020,2. MD,2,MD,Varde,Badminton Esbjerg,"Jonas Tjørnelund, Olivia Isabella Olesen","Dennis Holm Hansen, Katrine Hyttel","43449, 159424","16602, 1345","8-21, 21-18, 21-19",home,Varde,
2020,1,1,-3,13217,3. division,Pulje 2,385579,4 24-10-2020,1. DS,1,DS,Varde,Badminton Esbjerg,Julie Natascha Olesen,Trine Nedergaard Christensen,159422,46084,,away,Badminton Esbjerg,B
2020,1,1,-3,13217,3. division,Pulje 2,385579,4 24-10-2020,2. DS,2,DS,Varde,Badminton Esbjerg,Sophie Amalie Olesen,Line Woidemann Trans,115520,212992,"21-11, 21-16",home,Varde,
2020,1,1,-3,13217,3. division,Pulje 2,385579,4 24-10-2020,1. HS,1,HS,Varde,Badminton Esbjerg,Lars Christian Termansen,Henrik Nedergaard Christensen,12280,14645,"21-13, 8-21, 21-14",home,Varde,
2020,1,1,-3,13217,3. division,Pulje 2,385579,4 24-10-2020,2. HS,2,HS,Varde,Badminton Esbjerg,Simon Termansen,Erik Olsen,162851,76094,"21-19, 21-19",home,Varde,
2020,1,1,-3,13217,3. division,Pulje 2,385579,4 24-10-2020,3. HS,3,HS,Varde,Badminton Esbjerg,Ebbe H. Høj,Rune Poulsen,2878,15109,"13-21, 25-27",away,Badminton Esbjerg,
2020,1,1,-3,13217,3. division,Pulje 2,385579,4 24-10-2020,4. HS,4,HS,Varde,Badminton Esbjerg,Peter Rønnow,Kristian Valther Pedersen,159295,10117,"14-21, 22-20, 10-21",away,Badminton Esbjerg,
2020,1,1,-3,13217,3. division,Pulje 2,385579,4 24-10-2020,1. DD,1,DD,Varde,Badminton Esbjerg,"Julie Natascha Olesen, Olivia Isabella Olesen","Trine Nedergaard Christensen, Line Woidemann Trans","159422, 159424","46084, 212992",,away,Badminton Esbjerg,B
2020,1,1,-3,13217,3. division,Pulje 2,385579,4 24-10-2020,2. DD,2,DD,Varde,Badminton Esbjerg,"Sophie Amalie Olesen, Louise Termansen","Mette Bannerholt, Katrine Hyttel","115520, 12107","1638, 1345","21-12, 9-21, 17-21",away,Badminton Esbjerg,
2020,1,1,-3,13217,3. division,Pulje 2,385579,4 24-10-2020,1. HD,1,HD,Varde,Badminton Esbjerg,"Lars Christian Termansen, Allan Thomsen","Frederik Bannerholt, Rune Poulsen","12280, 3497","76937, 15109","21-14, 19-21, 16-21",away,Badminton Esbjerg,
2020,1,1,-3,13217,3. division,Pulje 2,385579,4 24-10-2020,2. HD,2,HD,Varde,Badminton Esbjerg,"Jonas Tjørnelund, Simon Termansen","Henrik Nedergaard Christensen, Kristian Valther Pedersen","43449, 162851","14645, 10117","20-22, 14-21",away,Badminton Esbjerg,
2020,1,1,-3,13217,3. division,Pulje 2,385579,4 24-10-2020,3. HD,3,HD,Varde,Badminton Esbjerg,"Ebbe H. Høj, Peter Rønnow","Erik Olsen, Dennis Holm Hansen","2878, 159295","76094, 16602","10-21, 11-21",away,Badminton Esbjerg,
2020,1,1,-3,13217,3. division,Pulje 2,385580,4 24-10-2020,1. MD,1,MD,Dybbøl,Odense OBK 3,"Mads Hjuler Veng, Maria Lausten","Paw Eriksen, Simone Uhre Mortensen","88054, 227231","199204, 57090","12-21, 10-21",away,Odense OBK 3,
2020,1,1,-3,13217,3. division,Pulje 2,385580,4 24-10-2020,2. MD,2,MD,Dybbøl,Odense OBK 3,"Denis Lausten, Caroline Hjuler Veng","Nicolai L. Johansen, Jeanette Lund","8943, 94457","72303, 9813","14-21, 18-21",away,Odense OBK 3,
2020,1,1,-3,13217,3. division,Pulje 2,385580,4 24-10-2020,1. DS,1,DS,Dybbøl,Odense OBK 3,Jane Hejlesen,Rikke Pedersen,55955,2212,"11-21, 21-17, 25-27",away,Odense OBK 3,
2020,1,1,-3,13217,3. division,Pulje 2,385580,4 24-10-2020,2. DS,2,DS,Dybbøl,Odense OBK 3,Louise Liljegren,Tanne Vestergaard,239144,75047,"14-21, 15-21",away,Odense OBK 3,
2020,1,1,-3,13217,3. division,Pulje 2,385580,4 24-10-2020,1. HS,1,HS,Dybbøl,Odense OBK 3,Anders Pontoppidan,Morten Lilleøre-Vester,18265,75919,"21-12, 17-21, 8-21",away,Odense OBK 3,
2020,1,1,-3,13217,3. division,Pulje 2,385580,4 24-10-2020,2. HS,2,HS,Dybbøl,Odense OBK 3,Jacob Veng,Simon Nguyen,270597,818,"21-17, 21-18",home,Dybbøl,
2020,1,1,-3,13217,3. division,Pulje 2,385580,4 24-10-2020,3. HS,3,HS,Dybbøl,Odense OBK 3,Niclas Søndermark,Christoffer M. Andersen,224960,1528,"21-14, 21-10",home,Dybbøl,
2020,1,1,-3,13217,3. division,Pulje 2,385580,4 24-10-2020,4. HS,4,HS,Dybbøl,Odense OBK 3,Anders Paulsen,Sune Juul Ørskov,226127,199572,"18-21, 21-16, 14-21",away,Odense OBK 3,
2020,1,1,-3,13217,3. division,Pulje 2,385580,4 24-10-2020,1. DD,1,DD,Dybbøl,Odense OBK 3,"Jane Hejlesen, Caroline Hjuler Veng","Simone Uhre Mortensen, Jeanette Lund","55955, 94457","57090, 9813","16-21, 9-21",away,Odense OBK 3,
2020,1,1,-3,13217,3. division,Pulje 2,385580,4 24-10-2020,2. DD,2,DD,Dybbøl,Odense OBK 3,"Louise Liljegren, Maria Lausten","Tanne Vestergaard, Rikke Pedersen","239144, 227231","75047, 2212","14-21, 21-13, 10-21",away,Odense OBK 3,
2020,1,1,-3,13217,3. division,Pulje 2,385580,4 24-10-2020,1. HD,1,HD,Dybbøl,Odense OBK 3,"Denis Lausten, Mads Hjuler Veng","Paw Eriksen, Nicolai L. Johansen","8943, 88054","199204, 72303","15-21, 16-21",away,Odense OBK 3,
2020,1,1,-3,13217,3. division,Pulje 2,385580,4 24-10-2020,2. HD,2,HD,Dybbøl,Odense OBK 3,"Anders Pontoppidan, Jacob Veng","Simon Nguyen, Morten Lilleøre-Vester","18265, 270597","818, 75919","19-21, 15-21",away,Odense OBK 3,
2020,1,1,-3,13217,3. division,Pulje 2,385580,4 24-10-2020,3. HD,3,HD,Dybbøl,Odense OBK 3,"Niclas Søndermark, Anders Paulsen","Christoffer M. Andersen, Sune Juul Ørskov","224960, 226127","1528, 199572","14-21, 15-21",away,Odense OBK 3,
2020,1,1,-3,13217,3. division,Pulje 2,385581,4 24-10-2020,1. MD,1,MD,Nr. Lyndelse,Slagelse,"Michael Them, Cecilie Clausen","Mads Kristensen, Laura Plambech","14025, 54862","72667, 84589","21-18, 21-14",home,Nr. Lyndelse,
2020,1,1,-3,13217,3. division,Pulje 2,385581,4 24-10-2020,2. MD,2,MD,Nr. Lyndelse,Slagelse,"Rasmus Ringsholt Nielsen, Natasja Bay Hammer","Silas Knudsen, Maja Bech","12458, 11346","2341, 23419","15-21, 20-22",away,Slagelse,
2020,1,1,-3,13217,3. division,Pulje 2,385581,4 24-10-2020,1. DS,1,DS,Nr. Lyndelse,Slagelse,Carina Blaas,Sofie Fibiger,202,3020,"15-21, 9-21",away,Slagelse,
2020,1,1,-3,13217,3. division,Pulje 2,385581,4 24-10-2020,2. DS,2,DS,Nr. Lyndelse,Slagelse,Nicoline Skovsgaard,Zenia Sentow,1469,78753,"7-21, 4-21",away,Slagelse,
2020,1,1,-3,13217,3. division,Pulje 2,385581,4 24-10-2020,1. HS,1,HS,Nr. Lyndelse,Slagelse,Jesper Bangsgaard,Frederik Fibiger,63462,84285,"3-21, 9-21",away,Slagelse,
2020,1,1,-3,13217,3. division,Pulje 2,385581,4 24-10-2020,2. HS,2,HS,Nr. Lyndelse,Slagelse,Emil Østerholm,Nikolaj Westrup,88658,57609,"9-21, 14-21",away,Slagelse,
2020,1,1,-3,13217,3. division,Pulje 2,385581,4 24-10-2020,3. HS,3,HS,Nr. Lyndelse,Slagelse,Jacob Nielsen,Morten Hougaard Prüsse,10191,13928,"9-21, 18-21",away,Slagelse,
2020,1,1,-3,13217,3. division,Pulje 2,385581,4 24-10-2020,4. HS,4,HS,Nr. Lyndelse,Slagelse,Markus Nielsen,Niclas Ravn,87760,38219,"18-21, 21-19, 15-21",away,Slagelse,
2020,1,1,-3,13217,3. division,Pulje 2,385581,4 24-10-2020,1. DD,1,DD,Nr. Lyndelse,Slagelse,"Carina Blaas, Cecilie Clausen","Zenia Sentow, Maja Bech","202, 54862","78753, 23419","14-21, 17-21",away,Slagelse,
2020,1,1,-3,13217,3. division,Pulje 2,385581,4 24-10-2020,2. DD,2,DD,Nr. Lyndelse,Slagelse,"Nicoline Skovsgaard, Natasja Bay Hammer","Laura Plambech, Sofie Fibiger","1469, 11346","84589, 3020","21-18, 11-21, 12-21",away,Slagelse,
2020,1,1,-3,13217,3. division,Pulje 2,385581,4 24-10-2020,1. HD,1,HD,Nr. Lyndelse,Slagelse,"Rasmus Ringsholt Nielsen, Michael Them","Frederik Fibiger, Mads Kristensen","12458, 14025","84285, 72667","18-21, 15-21",away,Slagelse,
2020,1,1,-3,13217,3. division,Pulje 2,385581,4 24-10-2020,2. HD,2,HD,Nr. Lyndelse,Slagelse,"Jesper Bangsgaard, Jacob Nielsen","Nikolaj Westrup, Silas Knudsen","63462, 10191","57609, 2341","12-21, 24-22, 21-17",home,Nr. Lyndelse,
2020,1,1,-3,13217,3. division,Pulje 2,385581,4 24-10-2020,3. HD,3,HD,Nr. Lyndelse,Slagelse,"Emil Østerholm, Markus Nielsen","Morten Hougaard Prüsse, Niclas Ravn","88658, 87760","13928, 38219","21-11, 21-23, 15-21",away,Slagelse,
2020,1,1,-3,13218,3. division,Pulje 3,385594,1 05-09-2020,1. MD,1,MD,Skovshoved 4,SAIF Kbh.,"Tobias Middelbo Eigtved, Marie-Louise Guhle Abildgaard","Mika Koskenneva, Sofie Ørsted","86927, 365","250641, 25500","21-18, 21-12",home,Skovshoved 4,
2020,1,1,-3,13218,3. division,Pulje 3,385594,1 05-09-2020,2. MD,2,MD,Skovshoved 4,SAIF Kbh.,"Oscar Mollyhus, Christine Kofoed-Sandt","Oliver Gravers, Katrine M Hansen","89239, 47282","61228, 80407","18-21, 18-21",away,SAIF Kbh.,
2020,1,1,-3,13218,3. division,Pulje 3,385594,1 05-09-2020,1. DS,1,DS,Skovshoved 4,SAIF Kbh.,Pernille Strøm,Rikke Otkjær,9686,59478,"21-10, 21-10",home,Skovshoved 4,
2020,1,1,-3,13218,3. division,Pulje 3,385594,1 05-09-2020,2. DS,2,DS,Skovshoved 4,SAIF Kbh.,Simone Lund-Jensen,Line Broen Magersholt,70068,115980,"7-21, 4-21",away,SAIF Kbh.,
2020,1,1,-3,13218,3. division,Pulje 3,385594,1 05-09-2020,1. HS,1,HS,Skovshoved 4,SAIF Kbh.,Nicholas Grundtvig,Peter Thorberg,87442,35448,"17-21, 18-21",away,SAIF Kbh.,
2020,1,1,-3,13218,3. division,Pulje 3,385594,1 05-09-2020,2. HS,2,HS,Skovshoved 4,SAIF Kbh.,Jonathan Hertz,Mikkel Brenøe-Jensen,210630,21971,"21-15, 16-21, 15-21",away,SAIF Kbh.,
2020,1,1,-3,13218,3. division,Pulje 3,385594,1 05-09-2020,3. HS,3,HS,Skovshoved 4,SAIF Kbh.,Bjørn Bahnsen,Thomas Irving Pedersen,9215,12300,"19-21, 21-14, 21-15",home,Skovshoved 4,
2020,1,1,-3,13218,3. division,Pulje 3,385594,1 05-09-2020,4. HS,4,HS,Skovshoved 4,SAIF Kbh.,Rasmus Quist Pedersen,Kim Jørgensen,206745,15157,"21-19, 21-9",home,Skovshoved 4,
2020,1,1,-3,13218,3. division,Pulje 3,385594,1 05-09-2020,1. DD,1,DD,Skovshoved 4,SAIF Kbh.,"Marie-Louise Guhle Abildgaard, Simone Lund-Jensen","Katrine M Hansen, Line Broen Magersholt","365, 70068","80407, 115980","14-21, 21-16, 14-21",away,SAIF Kbh.,
2020,1,1,-3,13218,3. division,Pulje 3,385594,1 05-09-2020,2. DD,2,DD,Skovshoved 4,SAIF Kbh.,"Pernille Strøm, Christine Kofoed-Sandt","Rikke Otkjær, Sofie Ørsted","9686, 47282","59478, 25500","18-21, 18-21",away,SAIF Kbh.,
2020,1,1,-3,13218,3. division,Pulje 3,385594,1 05-09-2020,1. HD,1,HD,Skovshoved 4,SAIF Kbh.,"Tobias Middelbo Eigtved, Jonathan Hertz","Mika Koskenneva, Thomas Irving Pedersen","86927, 210630","250641, 12300","21-15, 21-15",home,Skovshoved 4,
2020,1,1,-3,13218,3. division,Pulje 3,385594,1 05-09-2020,2. HD,2,HD,Skovshoved 4,SAIF Kbh.,"Nicholas Grundtvig, Rasmus Quist Pedersen","Oliver Gravers, Peter Thorberg","87442, 206745","61228, 35448","17-21, 16-21",away,SAIF Kbh.,
2020,1,1,-3,13218,3. division,Pulje 3,385594,1 05-09-2020,3. HD,3,HD,Skovshoved 4,SAIF Kbh.,"Oscar Mollyhus, Bjørn Bahnsen","Kim Jørgensen, Mikkel Brenøe-Jensen","89239, 9215","15157, 21971","12-21, 11-21",away,SAIF Kbh.,
2020,1,1,-3,13218,3. division,Pulje 3,385595,1 05-09-2020,1. MD,1,MD,Lillerød 3,Drive,"Mads Sloth, Laura Førby Petersen","Nicklas Engholt, Eva Pedersen","72496, 225353","39338, 88127","16-21, 10-21",away,Drive,
2020,1,1,-3,13218,3. division,Pulje 3,385595,1 05-09-2020,2. MD,2,MD,Lillerød 3,Drive,"Nicolai Nyvang, Josefine Haarkjær","Dennik Peto, Ida Holte Thorius","214029, 212864","17146, 43215","11-21, 16-21",away,Drive,
2020,1,1,-3,13218,3. division,Pulje 3,385595,1 05-09-2020,1. DS,1,DS,Lillerød 3,Drive,Kirstine Rasmussen,Lykke Nielsen,115204,55975,"15-21, 8-21",away,Drive,
2020,1,1,-3,13218,3. division,Pulje 3,385595,1 05-09-2020,2. DS,2,DS,Lillerød 3,Drive,Tanja Damsgaard,Sarah Juul Nørgaard,851,32219,"14-21, 11-21",away,Drive,
2020,1,1,-3,13218,3. division,Pulje 3,385595,1 05-09-2020,1. HS,1,HS,Lillerød 3,Drive,William Præst Varming,Simon Friis Amossen,214149,40225,"17-21, 17-21",away,Drive,
2020,1,1,-3,13218,3. division,Pulje 3,385595,1 05-09-2020,2. HS,2,HS,Lillerød 3,Drive,Kristian Milo Hauge,Nikolaj Filt Albrectsen,22741,29331,"18-21, 18-21",away,Drive,
2020,1,1,-3,13218,3. division,Pulje 3,385595,1 05-09-2020,3. HS,3,HS,Lillerød 3,Drive,Anders Brinck Colstrup,Kasper Simonsen,115986,50892,"14-21, 15-21",away,Drive,
2020,1,1,-3,13218,3. division,Pulje 3,385595,1 05-09-2020,4. HS,4,HS,Lillerød 3,Drive,Gustav Stærk,Morten Dannerfjord Henningsen,2215,157879,"10-21, 4-21",away,Drive,
2020,1,1,-3,13218,3. division,Pulje 3,385595,1 05-09-2020,1. DD,1,DD,Lillerød 3,Drive,"Kirstine Rasmussen, Tanja Damsgaard","Lykke Nielsen, Ida Holte Thorius","115204, 851","55975, 43215","3-21, 10-21",away,Drive,
2020,1,1,-3,13218,3. division,Pulje 3,385595,1 05-09-2020,2. DD,2,DD,Lillerød 3,Drive,"Laura Førby Petersen, Josefine Haarkjær","Sarah Juul Nørgaard, Eva Pedersen","225353, 212864","32219, 88127","21-15, 17-21, 15-21",away,Drive,
2020,1,1,-3,13218,3. division,Pulje 3,385595,1 05-09-2020,1. HD,1,HD,Lillerød 3,Drive,"Mads Sloth, Kristian Milo Hauge","Nicklas Engholt, Simon Friis Amossen","72496, 22741","39338, 40225","11-21, 11-21",away,Drive,
2020,1,1,-3,13218,3. division,Pulje 3,385595,1 05-09-2020,2. HD,2,HD,Lillerød 3,Drive,"Nicolai Nyvang, Gustav Stærk","Dennik Peto, Kasper Simonsen","214029, 2215","17146, 50892","9-21, 9-21",away,Drive,
2020,1,1,-3,13218,3. division,Pulje 3,385595,1 05-09-2020,3. HD,3,HD,Lillerød 3,Drive,"William Præst Varming, Anders Brinck Colstrup","Nikolaj Filt Albrectsen, Morten Dannerfjord Henningsen","214149, 115986","29331, 157879","17-21, 11-21",away,Drive,
2020,1,1,-3,13218,3. division,Pulje 3,385596,1 05-09-2020,1. MD,1,MD,Charlottenlund,Badminton Roskilde,"Mads H. Larsen, Pernille Hulst","Jeppe Hjortkær Jensen, Olivia H. Mikkelsen","37350, 46165","89210, 83979","21-15, 16-21, 21-9",home,Charlottenlund,
2020,1,1,-3,13218,3. division,Pulje 3,385596,1 05-09-2020,2. MD,2,MD,Charlottenlund,Badminton Roskilde,"Casper Haas Simonsen, Mai Hasle","Frederik Kubach, Hanne Thillerup","41454, 20811","156705, 11775","21-9, 21-15",home,Charlottenlund,
2020,1,1,-3,13218,3. division,Pulje 3,385596,1 05-09-2020,1. DS,1,DS,Charlottenlund,Badminton Roskilde,Agnes Nemeth (EU),Amalie Rundqvist,210471,63447,"21-8, 21-17",home,Charlottenlund,
2020,1,1,-3,13218,3. division,Pulje 3,385596,1 05-09-2020,2. DS,2,DS,Charlottenlund,Badminton Roskilde,Julie Irby,Katrine Høgsgaard,58156,1367,"21-16, 21-16",home,Charlottenlund,
2020,1,1,-3,13218,3. division,Pulje 3,385596,1 05-09-2020,1. HS,1,HS,Charlottenlund,Badminton Roskilde,Jacob Yrfelt,Jeppe Theisen Pedersen,47337,81333,"21-15, 16-21, 15-21",away,Badminton Roskilde,
2020,1,1,-3,13218,3. division,Pulje 3,385596,1 05-09-2020,2. HS,2,HS,Charlottenlund,Badminton Roskilde,Bastian Jørgensen,Anders Pallisgaard,38548,10678,"21-16, 21-14",home,Charlottenlund,
2020,1,1,-3,13218,3. division,Pulje 3,385596,1 05-09-2020,3. HS,3,HS,Charlottenlund,Badminton Roskilde,Kristoffer Stampe,Otto Holm-Østergaard,15007,65328,"21-9, 21-10",home,Charlottenlund,
2020,1,1,-3,13218,3. division,Pulje 3,385596,1 05-09-2020,4. HS,4,HS,Charlottenlund,Badminton Roskilde,Andreas Gefke,Simon Kristensen,20880,241869,"21-18, 21-10",home,Charlottenlund,
2020,1,1,-3,13218,3. division,Pulje 3,385596,1 05-09-2020,1. DD,1,DD,Charlottenlund,Badminton Roskilde,"Mai Hasle, Pernille Hulst","Amalie Rundqvist, Katrine Høgsgaard","20811, 46165","63447, 1367","19-21, 21-9, 21-14",home,Charlottenlund,
2020,1,1,-3,13218,3. division,Pulje 3,385596,1 05-09-2020,2. DD,2,DD,Charlottenlund,Badminton Roskilde,"Agnes Nemeth (EU), Julie Irby","Hanne Thillerup, Olivia H. Mikkelsen","210471, 58156","11775, 83979","21-14, 21-14",home,Charlottenlund,
2020,1,1,-3,13218,3. division,Pulje 3,385596,1 05-09-2020,1. HD,1,HD,Charlottenlund,Badminton Roskilde,"Kristoffer Stampe, Casper Haas Simonsen","Jeppe Theisen Pedersen, Jeppe Hjortkær Jensen","15007, 41454","81333, 89210","18-21, 30-28, 21-17",home,Charlottenlund,
2020,1,1,-3,13218,3. division,Pulje 3,385596,1 05-09-2020,2. HD,2,HD,Charlottenlund,Badminton Roskilde,"Mads H. Larsen, Bastian Jørgensen","Anders Pallisgaard, Otto Holm-Østergaard","37350, 38548","10678, 65328","21-10, 21-5",home,Charlottenlund,
2020,1,1,-3,13218,3. division,Pulje 3,385596,1 05-09-2020,3. HD,3,HD,Charlottenlund,Badminton Roskilde,"Jacob Yrfelt, Andreas Gefke","Simon Kristensen, Frederik Kubach","47337, 20880","241869, 156705","21-15, 21-16",home,Charlottenlund,
2020,1,1,-3,13218,3. division,Pulje 3,385597,1 05-09-2020,1. MD,1,MD,Holte 2,Lyngby 2,"Dennis Schmidt Jensen, Nicola Kragh Riis","Gert Hansen, Michelle Skov Jensen","12883, 10785","37879, 82531","19-21, 21-7, 21-15",home,Holte 2,
2020,1,1,-3,13218,3. division,Pulje 3,385597,1 05-09-2020,2. MD,2,MD,Holte 2,Lyngby 2,"Jesper Larsen, Stine Skovgaard","Adam Wilhjelm, Julie Qvistgaard","9690, 22459","60617, 87903","19-21, 21-14, 21-15",home,Holte 2,
2020,1,1,-3,13218,3. division,Pulje 3,385597,1 05-09-2020,1. DS,1,DS,Holte 2,Lyngby 2,Ingrid Marie Holst,Rannvá Djurhuus Carlsson,12437,132388,"15-21, 21-14, 17-21",away,Lyngby 2,
2020,1,1,-3,13218,3. division,Pulje 3,385597,1 05-09-2020,2. DS,2,DS,Holte 2,Lyngby 2,Philippa Schmidt,Michelle Nielsen,14881,10973,"15-21, 8-21",away,Lyngby 2,
2020,1,1,-3,13218,3. division,Pulje 3,385597,1 05-09-2020,1. HS,1,HS,Holte 2,Lyngby 2,Morten Tolver Kronborg,Magnus Hede,14776,2666,"20-22, 8-21",away,Lyngby 2,
2020,1,1,-3,13218,3. division,Pulje 3,385597,1 05-09-2020,2. HS,2,HS,Holte 2,Lyngby 2,Henrik Stumpe,Niels Peter Lillelund,12873,42043,"21-17, 21-13",home,Holte 2,
2020,1,1,-3,13218,3. division,Pulje 3,385597,1 05-09-2020,3. HS,3,HS,Holte 2,Lyngby 2,Tristan Enkebølle Nielsen,Nicolai Billeskov Juulsager,156057,55257,"11-21, 21-11, 20-22",away,Lyngby 2,
2020,1,1,-3,13218,3. division,Pulje 3,385597,1 05-09-2020,4. HS,4,HS,Holte 2,Lyngby 2,Martin Heissel,Frederik Holmgaard,13678,2968,"18-21, 21-9, 15-21",away,Lyngby 2,
2020,1,1,-3,13218,3. division,Pulje 3,385597,1 05-09-2020,1. DD,1,DD,Holte 2,Lyngby 2,"Ingrid Marie Holst, Philippa Schmidt","Rannvá Djurhuus Carlsson, Michelle Skov Jensen","12437, 14881","132388, 82531","18-21, 15-21",away,Lyngby 2,
2020,1,1,-3,13218,3. division,Pulje 3,385597,1 05-09-2020,2. DD,2,DD,Holte 2,Lyngby 2,"Stine Skovgaard, Nicola Kragh Riis","Michelle Nielsen, Julie Qvistgaard","22459, 10785","10973, 87903","22-20, 17-21, 11-5",home,Holte 2,H
2020,1,1,-3,13218,3. division,Pulje 3,385597,1 05-09-2020,1. HD,1,HD,Holte 2,Lyngby 2,"Dennis Schmidt Jensen, Henrik Stumpe","Gert Hansen, Magnus Hede","12883, 12873","37879, 2666","19-21, 21-17, 21-16",home,Holte 2,
2020,1,1,-3,13218,3. division,Pulje 3,385597,1 05-09-2020,2. HD,2,HD,Holte 2,Lyngby 2,"Jesper Larsen, Martin Heissel","Adam Wilhjelm, Nicolai Billeskov Juulsager","9690, 13678","60617, 55257","23-21, 21-16",home,Holte 2,
2020,1,1,-3,13218,3. division,Pulje 3,385597,1 05-09-2020,3. HD,3,HD,Holte 2,Lyngby 2,"Morten Tolver Kronborg, Tristan Enkebølle Nielsen","Niels Peter Lillelund, Frederik Holmgaard","14776, 156057","42043, 2968","22-20, 17-21, 15-21",away,Lyngby 2,
2020,1,1,-3,13218,3. division,Pulje 3,385598,2 19-09-2020,1. MD,1,MD,Badminton Roskilde,Skovshoved 4,"Anders Kristiansen, Katrine Høgsgaard","Tobias Middelbo Eigtved, Simone Lund-Jensen","12515, 1367","86927, 70068","21-12, 21-11",home,Badminton Roskilde,
2020,1,1,-3,13218,3. division,Pulje 3,385598,2 19-09-2020,2. MD,2,MD,Badminton Roskilde,Skovshoved 4,"Jeppe Hjortkær Jensen, Hanne Thillerup","Jakob Bjørn Andersson, Trine Andersson","89210, 11775","9852, 10038",,home,Badminton Roskilde,B
2020,1,1,-3,13218,3. division,Pulje 3,385598,2 19-09-2020,1. DS,1,DS,Badminton Roskilde,Skovshoved 4,Elizabeth Jovita,Sine Skov Jonassen,305439,73213,"21-10, 21-6",home,Badminton Roskilde,
2020,1,1,-3,13218,3. division,Pulje 3,385598,2 19-09-2020,2. DS,2,DS,Badminton Roskilde,Skovshoved 4,Amalie Rundqvist,Naja Maj Jonassen,63447,116068,"21-19, 20-22, 25-23",home,Badminton Roskilde,
2020,1,1,-3,13218,3. division,Pulje 3,385598,2 19-09-2020,1. HS,1,HS,Badminton Roskilde,Skovshoved 4,Rendy Ismanto,Kent Wæde Hansen,264257,8333,"21-11, 21-12",home,Badminton Roskilde,
2020,1,1,-3,13218,3. division,Pulje 3,385598,2 19-09-2020,2. HS,2,HS,Badminton Roskilde,Skovshoved 4,Jeppe Theisen Pedersen,Jonathan Hertz,81333,210630,"21-10, 21-8",home,Badminton Roskilde,
2020,1,1,-3,13218,3. division,Pulje 3,385598,2 19-09-2020,3. HS,3,HS,Badminton Roskilde,Skovshoved 4,Henrik Correll,Thomas Viscovich,9338,9448,"11-21, 11-21",away,Skovshoved 4,
2020,1,1,-3,13218,3. division,Pulje 3,385598,2 19-09-2020,4. HS,4,HS,Badminton Roskilde,Skovshoved 4,Frederik Kubach,Rasmus Quist Pedersen,156705,206745,"11-21, 15-21",away,Skovshoved 4,
2020,1,1,-3,13218,3. division,Pulje 3,385598,2 19-09-2020,1. DD,1,DD,Badminton Roskilde,Skovshoved 4,"Elizabeth Jovita, Katrine Høgsgaard","Sine Skov Jonassen, Simone Lund-Jensen","305439, 1367","73213, 70068","21-5, 21-13",home,Badminton Roskilde,
2020,1,1,-3,13218,3. division,Pulje 3,385598,2 19-09-2020,2. DD,2,DD,Badminton Roskilde,Skovshoved 4,"Hanne Thillerup, Amalie Rundqvist","Trine Andersson, Naja Maj Jonassen","11775, 63447","10038, 116068","21-12, 19-21, 21-13",home,Badminton Roskilde,
2020,1,1,-3,13218,3. division,Pulje 3,385598,2 19-09-2020,1. HD,1,HD,Badminton Roskilde,Skovshoved 4,"Anders Kristiansen, Jeppe Hjortkær Jensen","Tobias Middelbo Eigtved, Rasmus Quist Pedersen","12515, 89210","86927, 206745","21-18, 21-15",home,Badminton Roskilde,
2020,1,1,-3,13218,3. division,Pulje 3,385598,2 19-09-2020,2. HD,2,HD,Badminton Roskilde,Skovshoved 4,"Jeppe Theisen Pedersen, Rendy Ismanto","Kent Wæde Hansen, Jonathan Hertz","81333, 264257","8333, 210630","23-21, 21-14",home,Badminton Roskilde,
2020,1,1,-3,13218,3. division,Pulje 3,385598,2 19-09-2020,3. HD,3,HD,Badminton Roskilde,Skovshoved 4,"Frederik Kubach, Henrik Correll","Thomas Viscovich, Jakob Bjørn Andersson","156705, 9338","9448, 9852",,home,Badminton Roskilde,B
2020,1,1,-3,13218,3. division,Pulje 3,385599,2 19-09-2020,1. MD,1,MD,Lyngby 2,Lillerød 3,"Adam Wilhjelm, Michelle Skov Jensen","Lars B. Pedersen, Line Haarkjær","60617, 82531","10805, 11955","21-19, 10-21, 21-16",home,Lyngby 2,
2020,1,1,-3,13218,3. division,Pulje 3,385599,2 19-09-2020,2. MD,2,MD,Lyngby 2,Lillerød 3,"Nicolai Billeskov Juulsager, Rannvá Djurhuus Carlsson","Philip Olah, Laura Førby Petersen","55257, 132388","197330, 225353","12-21, 19-21",away,Lillerød 3,
2020,1,1,-3,13218,3. division,Pulje 3,385599,2 19-09-2020,1. DS,1,DS,Lyngby 2,Lillerød 3,Michelle Nielsen,Kirstine Rasmussen,10973,115204,"21-15, 21-19",home,Lyngby 2,
2020,1,1,-3,13218,3. division,Pulje 3,385599,2 19-09-2020,2. DS,2,DS,Lyngby 2,Lillerød 3,Kathrine Hagen Rasmussen,Tanja Damsgaard,60097,851,"21-9, 22-20",home,Lyngby 2,
2020,1,1,-3,13218,3. division,Pulje 3,385599,2 19-09-2020,1. HS,1,HS,Lyngby 2,Lillerød 3,Magnus Hede,William Præst Varming,2666,214149,"21-18, 21-15",home,Lyngby 2,
2020,1,1,-3,13218,3. division,Pulje 3,385599,2 19-09-2020,2. HS,2,HS,Lyngby 2,Lillerød 3,Niels Peter Lillelund,Anders Brinck Colstrup,42043,115986,"21-13, 21-13",home,Lyngby 2,
2020,1,1,-3,13218,3. division,Pulje 3,385599,2 19-09-2020,3. HS,3,HS,Lyngby 2,Lillerød 3,Eric Navarro Comes,Eskild Wang Trolle,311953,163728,"21-11, 21-14",home,Lyngby 2,
2020,1,1,-3,13218,3. division,Pulje 3,385599,2 19-09-2020,4. HS,4,HS,Lyngby 2,Lillerød 3,Albert Navarro (udl.),Gustav Stærk,92324,2215,"21-8, 21-11",home,Lyngby 2,
2020,1,1,-3,13218,3. division,Pulje 3,385599,2 19-09-2020,1. DD,1,DD,Lyngby 2,Lillerød 3,"Rannvá Djurhuus Carlsson, Michelle Skov Jensen","Line Haarkjær, Laura Førby Petersen","132388, 82531","11955, 225353","21-15, 21-23, 21-16",home,Lyngby 2,
2020,1,1,-3,13218,3. division,Pulje 3,385599,2 19-09-2020,2. DD,2,DD,Lyngby 2,Lillerød 3,"Michelle Nielsen, Kathrine Hagen Rasmussen","Kirstine Rasmussen, Tanja Damsgaard","10973, 60097","115204, 851","21-14, 21-14",home,Lyngby 2,
2020,1,1,-3,13218,3. division,Pulje 3,385599,2 19-09-2020,1. HD,1,HD,Lyngby 2,Lillerød 3,"Niels Peter Lillelund, Magnus Hede","Lars B. Pedersen, Philip Olah","42043, 2666","10805, 197330","21-19, 21-10",home,Lyngby 2,
2020,1,1,-3,13218,3. division,Pulje 3,385599,2 19-09-2020,2. HD,2,HD,Lyngby 2,Lillerød 3,"Nicolai Billeskov Juulsager, Adam Wilhjelm","William Præst Varming, Anders Brinck Colstrup","55257, 60617","214149, 115986","21-18, 21-10",home,Lyngby 2,
2020,1,1,-3,13218,3. division,Pulje 3,385599,2 19-09-2020,3. HD,3,HD,Lyngby 2,Lillerød 3,"Eric Navarro Comes, Albert Navarro (udl.)","Eskild Wang Trolle, Gustav Stærk","311953, 92324","163728, 2215","21-17, 21-9",home,Lyngby 2,
2020,1,1,-3,13218,3. division,Pulje 3,385600,2 19-09-2020,1. MD,1,MD,SAIF Kbh.,Charlottenlund,"Mika Koskenneva, Sofie Ørsted","Mads H. Larsen, Pernille Hulst","250641, 25500","37350, 46165","19-21, 21-23",away,Charlottenlund,
2020,1,1,-3,13218,3. division,Pulje 3,385600,2 19-09-2020,2. MD,2,MD,SAIF Kbh.,Charlottenlund,"Oliver Gravers, Katrine M Hansen","Casper Haas Simonsen, Mai Hasle","61228, 80407","41454, 20811","19-21, 17-21",away,Charlottenlund,
2020,1,1,-3,13218,3. division,Pulje 3,385600,2 19-09-2020,1. DS,1,DS,SAIF Kbh.,Charlottenlund,Rikke Otkjær,Agnes Nemeth (EU),59478,210471,"18-21, 14-21",away,Charlottenlund,
2020,1,1,-3,13218,3. division,Pulje 3,385600,2 19-09-2020,2. DS,2,DS,SAIF Kbh.,Charlottenlund,Line Broen Magersholt,Julie Irby,115980,58156,"18-21, 21-13, 16-21",away,Charlottenlund,
2020,1,1,-3,13218,3. division,Pulje 3,385600,2 19-09-2020,1. HS,1,HS,SAIF Kbh.,Charlottenlund,Peter Thorberg,Bastian Jørgensen,35448,38548,"21-10, 9-21, 21-12",home,SAIF Kbh.,
2020,1,1,-3,13218,3. division,Pulje 3,385600,2 19-09-2020,2. HS,2,HS,SAIF Kbh.,Charlottenlund,Mikkel Brenøe-Jensen,Kristoffer Stampe,21971,15007,"9-21, 8-21",away,Charlottenlund,
2020,1,1,-3,13218,3. division,Pulje 3,385600,2 19-09-2020,3. HS,3,HS,SAIF Kbh.,Charlottenlund,Thomas Irving Pedersen,Sebastian Kjær,12300,76925,"14-21, 17-21",away,Charlottenlund,
2020,1,1,-3,13218,3. division,Pulje 3,385600,2 19-09-2020,4. HS,4,HS,SAIF Kbh.,Charlottenlund,Kim Jørgensen,Andreas Gefke,15157,20880,18-21,away,Charlottenlund,C
2020,1,1,-3,13218,3. division,Pulje 3,385600,2 19-09-2020,1. DD,1,DD,SAIF Kbh.,Charlottenlund,"Line Broen Magersholt, Katrine M Hansen","Pernille Hulst, Mai Hasle","115980, 80407","46165, 20811","21-14, 14-21, 13-21",away,Charlottenlund,
2020,1,1,-3,13218,3. division,Pulje 3,385600,2 19-09-2020,2. DD,2,DD,SAIF Kbh.,Charlottenlund,"Rikke Otkjær, Sofie Ørsted","Agnes Nemeth (EU), Julie Irby","59478, 25500","210471, 58156","21-17, 21-18",home,SAIF Kbh.,
2020,1,1,-3,13218,3. division,Pulje 3,385600,2 19-09-2020,1. HD,1,HD,SAIF Kbh.,Charlottenlund,"Mika Koskenneva, Thomas Irving Pedersen","Kristoffer Stampe, Casper Haas Simonsen","250641, 12300","15007, 41454","16-21, 17-21",away,Charlottenlund,
2020,1,1,-3,13218,3. division,Pulje 3,385600,2 19-09-2020,2. HD,2,HD,SAIF Kbh.,Charlottenlund,"Oliver Gravers, Peter Thorberg","Mads H. Larsen, Bastian Jørgensen","61228, 35448","37350, 38548","21-19, 22-24, 21-18",home,SAIF Kbh.,
2020,1,1,-3,13218,3. division,Pulje 3,385600,2 19-09-2020,3. HD,3,HD,SAIF Kbh.,Charlottenlund,"Mikkel Brenøe-Jensen, Kim Jørgensen","Sebastian Kjær, Andreas Gefke","21971, 15157","76925, 20880",,away,Charlottenlund,C
2020,1,1,-3,13218,3. division,Pulje 3,385601,2 19-09-2020,1. MD,1,MD,Drive,Holte 2,"Nicklas Engholt, Katrine K Jensen","Henrik Stumpe, Stine Skovgaard","39338, 45176","12873, 22459","21-8, 21-18",home,Drive,
2020,1,1,-3,13218,3. division,Pulje 3,385601,2 19-09-2020,2. MD,2,MD,Drive,Holte 2,"Dennik Peto, Ida Holte Thorius","Rasmus Øris, Nicola Kragh Riis","17146, 43215","12470, 10785","21-8, 21-9",home,Drive,
2020,1,1,-3,13218,3. division,Pulje 3,385601,2 19-09-2020,1. DS,1,DS,Drive,Holte 2,Lykke Nielsen,Camilla Boesen,55975,10058,"21-13, 22-20",home,Drive,
2020,1,1,-3,13218,3. division,Pulje 3,385601,2 19-09-2020,2. DS,2,DS,Drive,Holte 2,Sarah Juul Nørgaard,Rebecca Nymann Marxen,32219,166824,"21-12, 23-21",home,Drive,
2020,1,1,-3,13218,3. division,Pulje 3,385601,2 19-09-2020,1. HS,1,HS,Drive,Holte 2,Simon Friis Amossen,Lars Boesen,40225,12242,"21-4, 21-14",home,Drive,
2020,1,1,-3,13218,3. division,Pulje 3,385601,2 19-09-2020,2. HS,2,HS,Drive,Holte 2,Nikolaj Filt Albrectsen,Henrik Olsson Mandsberg,29331,13546,"21-14, 21-10",home,Drive,
2020,1,1,-3,13218,3. division,Pulje 3,385601,2 19-09-2020,3. HS,3,HS,Drive,Holte 2,Kasper Simonsen,Philip Skovgaard,50892,68108,"21-15, 21-17",home,Drive,
2020,1,1,-3,13218,3. division,Pulje 3,385601,2 19-09-2020,4. HS,4,HS,Drive,Holte 2,Mikkel Kærsgaard Henriksen,Lars Jungsberg,53953,11193,"21-13, 21-14",home,Drive,
2020,1,1,-3,13218,3. division,Pulje 3,385601,2 19-09-2020,1. DD,1,DD,Drive,Holte 2,"Ida Holte Thorius, Lykke Nielsen","Nicola Kragh Riis, Rebecca Nymann Marxen","43215, 55975","10785, 166824","21-19, 21-16",home,Drive,
2020,1,1,-3,13218,3. division,Pulje 3,385601,2 19-09-2020,2. DD,2,DD,Drive,Holte 2,"Sarah Juul Nørgaard, Katrine K Jensen","Camilla Boesen, Stine Skovgaard","32219, 45176","10058, 22459","21-19, 18-21, 21-16",home,Drive,
2020,1,1,-3,13218,3. division,Pulje 3,385601,2 19-09-2020,1. HD,1,HD,Drive,Holte 2,"Simon Friis Amossen, Nicklas Engholt","Rasmus Øris, Henrik Stumpe","40225, 39338","12470, 12873","21-8, 18-21, 13-21",away,Holte 2,
2020,1,1,-3,13218,3. division,Pulje 3,385601,2 19-09-2020,2. HD,2,HD,Drive,Holte 2,"Kasper Simonsen, Dennik Peto","Henrik Olsson Mandsberg, Lars Jungsberg","50892, 17146","13546, 11193","21-8, 21-9",home,Drive,
2020,1,1,-3,13218,3. division,Pulje 3,385601,2 19-09-2020,3. HD,3,HD,Drive,Holte 2,"Nikolaj Filt Albrectsen, Mikkel Kærsgaard Henriksen","Lars Boesen, Philip Skovgaard","29331, 53953","12242, 68108","21-7, 24-22",home,Drive,
2020,1,1,-3,13218,3. division,Pulje 3,385602,3 03-10-2020,1. MD,1,MD,Lillerød 3,Skovshoved 4,"Mads Sloth, Line Haarkjær","Mikkel Langemark, Marie-Louise Guhle Abildgaard","72496, 11955","92587, 365","21-13, 8-21, 12-21",away,Skovshoved 4,
2020,1,1,-3,13218,3. division,Pulje 3,385602,3 03-10-2020,2. MD,2,MD,Lillerød 3,Skovshoved 4,"Eskild Wang Trolle, Laura Førby Petersen","Jonathan Hertz, Simone Lund-Jensen","163728, 225353","210630, 70068","21-9, 21-16",home,Lillerød 3,
2020,1,1,-3,13218,3. division,Pulje 3,385602,3 03-10-2020,1. DS,1,DS,Lillerød 3,Skovshoved 4,Tanja Damsgaard,Pernille Strøm,851,9686,"13-21, 15-21",away,Skovshoved 4,
2020,1,1,-3,13218,3. division,Pulje 3,385602,3 03-10-2020,2. DS,2,DS,Lillerød 3,Skovshoved 4,Josefine Haarkjær,Naja Maj Jonassen,212864,116068,"21-23, 22-20, 14-21",away,Skovshoved 4,
2020,1,1,-3,13218,3. division,Pulje 3,385602,3 03-10-2020,1. HS,1,HS,Lillerød 3,Skovshoved 4,Philip Olah,Henrik Koblauch,197330,12863,"23-21, 21-19",home,Lillerød 3,
2020,1,1,-3,13218,3. division,Pulje 3,385602,3 03-10-2020,2. HS,2,HS,Lillerød 3,Skovshoved 4,William Præst Varming,Johnny Hast Hansen,214149,9673,"22-20, 15-21, 19-21",away,Skovshoved 4,
2020,1,1,-3,13218,3. division,Pulje 3,385602,3 03-10-2020,3. HS,3,HS,Lillerød 3,Skovshoved 4,Anders Brinck Colstrup,Nicholas Grundtvig,115986,87442,"19-21, 21-18",home,Lillerød 3,L
2020,1,1,-3,13218,3. division,Pulje 3,385602,3 03-10-2020,4. HS,4,HS,Lillerød 3,Skovshoved 4,Gustav Stærk,Rasmus Quist Pedersen,2215,206745,"14-21, 8-21",away,Skovshoved 4,
2020,1,1,-3,13218,3. division,Pulje 3,385602,3 03-10-2020,1. DD,1,DD,Lillerød 3,Skovshoved 4,"Line Haarkjær, Laura Førby Petersen","Simone Lund-Jensen, Marie-Louise Guhle Abildgaard","11955, 225353","70068, 365","21-11, 21-19",home,Lillerød 3,
2020,1,1,-3,13218,3. division,Pulje 3,385602,3 03-10-2020,2. DD,2,DD,Lillerød 3,Skovshoved 4,"Tanja Damsgaard, Josefine Haarkjær","Naja Maj Jonassen, Pernille Strøm","851, 212864","116068, 9686","11-21, 13-21",away,Skovshoved 4,
2020,1,1,-3,13218,3. division,Pulje 3,385602,3 03-10-2020,1. HD,1,HD,Lillerød 3,Skovshoved 4,"Mads Sloth, Philip Olah","Henrik Koblauch, Johnny Hast Hansen","72496, 197330","12863, 9673","16-21, 15-21",away,Skovshoved 4,
2020,1,1,-3,13218,3. division,Pulje 3,385602,3 03-10-2020,2. HD,2,HD,Lillerød 3,Skovshoved 4,"William Præst Varming, Anders Brinck Colstrup","Nicholas Grundtvig, Rasmus Quist Pedersen","214149, 115986","87442, 206745",,home,Lillerød 3,L
2020,1,1,-3,13218,3. division,Pulje 3,385602,3 03-10-2020,3. HD,3,HD,Lillerød 3,Skovshoved 4,"Eskild Wang Trolle, Gustav Stærk","Jonathan Hertz, Mikkel Langemark","163728, 2215","210630, 92587","17-21, 10-21",away,Skovshoved 4,
2020,1,1,-3,13218,3. division,Pulje 3,385603,3 03-10-2020,1. MD,1,MD,Drive,SAIF Kbh.,"Nicklas Engholt, Eva Pedersen","Oliver Gravers, Katrine M Hansen","39338, 88127","61228, 80407","20-22, 19-21",away,SAIF Kbh.,
2020,1,1,-3,13218,3. division,Pulje 3,385603,3 03-10-2020,2. MD,2,MD,Drive,SAIF Kbh.,"Dennik Peto, Katrine K Jensen","Mathias Ankersen, Line Broen Magersholt","17146, 45176","43147, 115980","21-18, 21-12",home,Drive,
2020,1,1,-3,13218,3. division,Pulje 3,385603,3 03-10-2020,1. DS,1,DS,Drive,SAIF Kbh.,Lykke Nielsen,Rikke Otkjær,55975,59478,"21-13, 21-8",home,Drive,
2020,1,1,-3,13218,3. division,Pulje 3,385603,3 03-10-2020,2. DS,2,DS,Drive,SAIF Kbh.,Sarah Juul Nørgaard,Sofie Ørsted,32219,25500,"21-16, 21-11",home,Drive,
2020,1,1,-3,13218,3. division,Pulje 3,385603,3 03-10-2020,1. HS,1,HS,Drive,SAIF Kbh.,Simon Friis Amossen,Thomas Irving Pedersen,40225,12300,"21-8, 21-8",home,Drive,
2020,1,1,-3,13218,3. division,Pulje 3,385603,3 03-10-2020,2. HS,2,HS,Drive,SAIF Kbh.,Nikolaj Filt Albrectsen,Peter Thorberg,29331,35448,"18-21, 18-21",away,SAIF Kbh.,
2020,1,1,-3,13218,3. division,Pulje 3,385603,3 03-10-2020,3. HS,3,HS,Drive,SAIF Kbh.,Kasper Simonsen,Mikkel Brenøe-Jensen,50892,21971,"21-15, 18-21, 21-14",home,Drive,
2020,1,1,-3,13218,3. division,Pulje 3,385603,3 03-10-2020,4. HS,4,HS,Drive,SAIF Kbh.,Mikkel Kærsgaard Henriksen,Peter Staunstrup,53953,50260,"21-10, 15-21, 21-14",home,Drive,
2020,1,1,-3,13218,3. division,Pulje 3,385603,3 03-10-2020,1. DD,1,DD,Drive,SAIF Kbh.,"Lykke Nielsen, Eva Pedersen","Katrine M Hansen, Line Broen Magersholt","55975, 88127","80407, 115980","14-21, 21-13, 21-13",home,Drive,
2020,1,1,-3,13218,3. division,Pulje 3,385603,3 03-10-2020,2. DD,2,DD,Drive,SAIF Kbh.,"Sarah Juul Nørgaard, Katrine K Jensen","Rikke Otkjær, Sofie Ørsted","32219, 45176","59478, 25500","21-16, 21-8",home,Drive,
2020,1,1,-3,13218,3. division,Pulje 3,385603,3 03-10-2020,1. HD,1,HD,Drive,SAIF Kbh.,"Nicklas Engholt, Simon Friis Amossen","Peter Staunstrup, Thomas Irving Pedersen","39338, 40225","50260, 12300","21-10, 19-21, 21-15",home,Drive,
2020,1,1,-3,13218,3. division,Pulje 3,385603,3 03-10-2020,2. HD,2,HD,Drive,SAIF Kbh.,"Kasper Simonsen, Dennik Peto","Oliver Gravers, Peter Thorberg","50892, 17146","61228, 35448","22-20, 21-19",home,Drive,
2020,1,1,-3,13218,3. division,Pulje 3,385603,3 03-10-2020,3. HD,3,HD,Drive,SAIF Kbh.,"Nikolaj Filt Albrectsen, Mikkel Kærsgaard Henriksen","Mikkel Brenøe-Jensen, Mathias Ankersen","29331, 53953","21971, 43147","17-21, 21-19, 19-21",away,SAIF Kbh.,
2020,1,1,-3,13218,3. division,Pulje 3,385604,3 03-10-2020,1. MD,1,MD,Holte 2,Charlottenlund,"Rasmus Øris, Stine Skovgaard","Mads H. Larsen, Pernille Hulst","12470, 22459","37350, 46165","22-24, 16-21",away,Charlottenlund,
2020,1,1,-3,13218,3. division,Pulje 3,385604,3 03-10-2020,2. MD,2,MD,Holte 2,Charlottenlund,"Martin Heissel, Nicola Kragh Riis","Casper Haas Simonsen, Mai Hasle","13678, 10785","41454, 20811","17-21, 21-19, 21-19",home,Holte 2,
2020,1,1,-3,13218,3. division,Pulje 3,385604,3 03-10-2020,1. DS,1,DS,Holte 2,Charlottenlund,Camilla Boesen,Agnes Nemeth (EU),10058,210471,"10-21, 18-21",away,Charlottenlund,
2020,1,1,-3,13218,3. division,Pulje 3,385604,3 03-10-2020,2. DS,2,DS,Holte 2,Charlottenlund,Ingrid Marie Holst,Julie Irby,12437,58156,"17-21, 16-21",away,Charlottenlund,
2020,1,1,-3,13218,3. division,Pulje 3,385604,3 03-10-2020,1. HS,1,HS,Holte 2,Charlottenlund,Henrik Stumpe,Bastian Jørgensen,12873,38548,"21-15, 21-17",home,Holte 2,
2020,1,1,-3,13218,3. division,Pulje 3,385604,3 03-10-2020,2. HS,2,HS,Holte 2,Charlottenlund,Lars Boesen,Kristoffer Stampe,12242,15007,"13-21, 18-21",away,Charlottenlund,
2020,1,1,-3,13218,3. division,Pulje 3,385604,3 03-10-2020,3. HS,3,HS,Holte 2,Charlottenlund,Philip Skovgaard,Sebastian Kjær,68108,76925,"11-21, 15-21",away,Charlottenlund,
2020,1,1,-3,13218,3. division,Pulje 3,385604,3 03-10-2020,4. HS,4,HS,Holte 2,Charlottenlund,Claus Bajlum,Andreas Gefke,10671,20880,"16-21, 15-21",away,Charlottenlund,
2020,1,1,-3,13218,3. division,Pulje 3,385604,3 03-10-2020,1. DD,1,DD,Holte 2,Charlottenlund,"Stine Skovgaard, Nicola Kragh Riis","Pernille Hulst, Mai Hasle","22459, 10785","46165, 20811","21-18, 21-16",home,Holte 2,
2020,1,1,-3,13218,3. division,Pulje 3,385604,3 03-10-2020,2. DD,2,DD,Holte 2,Charlottenlund,"Camilla Boesen, Ingrid Marie Holst","Agnes Nemeth (EU), Julie Irby","10058, 12437","210471, 58156","21-16, 21-11",home,Holte 2,
2020,1,1,-3,13218,3. division,Pulje 3,385604,3 03-10-2020,1. HD,1,HD,Holte 2,Charlottenlund,"Henrik Stumpe, Rasmus Øris","Kristoffer Stampe, Casper Haas Simonsen","12873, 12470","15007, 41454","21-14, 21-8",home,Holte 2,
2020,1,1,-3,13218,3. division,Pulje 3,385604,3 03-10-2020,2. HD,2,HD,Holte 2,Charlottenlund,"Philip Skovgaard, Claus Bajlum","Bastian Jørgensen, Mads H. Larsen","68108, 10671","38548, 37350","13-21, 14-21",away,Charlottenlund,
2020,1,1,-3,13218,3. division,Pulje 3,385604,3 03-10-2020,3. HD,3,HD,Holte 2,Charlottenlund,"Lars Boesen, Martin Heissel","Sebastian Kjær, Andreas Gefke","12242, 13678","76925, 20880","21-23, 15-21",away,Charlottenlund,
2020,1,1,-3,13218,3. division,Pulje 3,385605,3 03-10-2020,1. MD,1,MD,Lyngby 2,Badminton Roskilde,"Adam Wilhjelm, Michelle Skov Jensen","Anders Kristiansen, Katrine Høgsgaard","60617, 82531","12515, 1367","13-21, 17-21",away,Badminton Roskilde,
2020,1,1,-3,13218,3. division,Pulje 3,385605,3 03-10-2020,2. MD,2,MD,Lyngby 2,Badminton Roskilde,"Nicolai Billeskov Juulsager, Alma Pedersen","Jeppe Hjortkær Jensen, Olivia H. Mikkelsen","55257, 2669","89210, 83979","19-21, 23-21, 21-13",home,Lyngby 2,
2020,1,1,-3,13218,3. division,Pulje 3,385605,3 03-10-2020,1. DS,1,DS,Lyngby 2,Badminton Roskilde,Anna Engelhardt Søeborg,Elizabeth Jovita,2275,305439,"19-21, 17-21",away,Badminton Roskilde,
2020,1,1,-3,13218,3. division,Pulje 3,385605,3 03-10-2020,2. DS,2,DS,Lyngby 2,Badminton Roskilde,Kathrine Hagen Rasmussen,Amalie Rundqvist,60097,63447,"21-19, 21-17",home,Lyngby 2,
2020,1,1,-3,13218,3. division,Pulje 3,385605,3 03-10-2020,1. HS,1,HS,Lyngby 2,Badminton Roskilde,Magnus Hede,Rendy Ismanto,2666,264257,"21-19, 21-11",home,Lyngby 2,
2020,1,1,-3,13218,3. division,Pulje 3,385605,3 03-10-2020,2. HS,2,HS,Lyngby 2,Badminton Roskilde,Niels Peter Lillelund,Jeppe Theisen Pedersen,42043,81333,"21-12, 21-14",home,Lyngby 2,
2020,1,1,-3,13218,3. division,Pulje 3,385605,3 03-10-2020,3. HS,3,HS,Lyngby 2,Badminton Roskilde,Albert Navarro (udl.),Bartosz Grochowski (EU),92324,325730,"21-17, 20-22, 15-21",away,Badminton Roskilde,
2020,1,1,-3,13218,3. division,Pulje 3,385605,3 03-10-2020,4. HS,4,HS,Lyngby 2,Badminton Roskilde,Eric Navarro Comes,Henrik Correll,311953,9338,"21-19, 21-8",home,Lyngby 2,
2020,1,1,-3,13218,3. division,Pulje 3,385605,3 03-10-2020,1. DD,1,DD,Lyngby 2,Badminton Roskilde,"Anna Engelhardt Søeborg, Alma Pedersen","Elizabeth Jovita, Katrine Høgsgaard","2275, 2669","305439, 1367","18-21, 18-21",away,Badminton Roskilde,
2020,1,1,-3,13218,3. division,Pulje 3,385605,3 03-10-2020,2. DD,2,DD,Lyngby 2,Badminton Roskilde,"Michelle Skov Jensen, Kathrine Hagen Rasmussen","Amalie Rundqvist, Olivia H. Mikkelsen","82531, 60097","63447, 83979","21-15, 13-21, 23-21",home,Lyngby 2,
2020,1,1,-3,13218,3. division,Pulje 3,385605,3 03-10-2020,1. HD,1,HD,Lyngby 2,Badminton Roskilde,"Magnus Hede, Niels Peter Lillelund","Anders Kristiansen, Jeppe Hjortkær Jensen","2666, 42043","12515, 89210","21-10, 21-19",home,Lyngby 2,
2020,1,1,-3,13218,3. division,Pulje 3,385605,3 03-10-2020,2. HD,2,HD,Lyngby 2,Badminton Roskilde,"Adam Wilhjelm, Nicolai Billeskov Juulsager","Rendy Ismanto, Jeppe Theisen Pedersen","60617, 55257","264257, 81333","21-10, 21-19",home,Lyngby 2,
2020,1,1,-3,13218,3. division,Pulje 3,385605,3 03-10-2020,3. HD,3,HD,Lyngby 2,Badminton Roskilde,"Eric Navarro Comes, Albert Navarro (udl.)","Bartosz Grochowski (EU), Henrik Correll","311953, 92324","325730, 9338","19-21, 21-13, 21-13",home,Lyngby 2,
2020,1,1,-3,13218,3. division,Pulje 3,385606,4 24-10-2020,1. MD,1,MD,SAIF Kbh.,Lillerød 3,"Mathias Ankersen, Katrine M Hansen","Gustav Tolstrup, Laura Førby Petersen","43147, 80407","88390, 225353","21-17, 21-10",home,SAIF Kbh.,
2020,1,1,-3,13218,3. division,Pulje 3,385606,4 24-10-2020,2. MD,2,MD,SAIF Kbh.,Lillerød 3,"Oliver Gravers, Sofie Ørsted","Mads Sloth, Julie Høyer Skjernov","61228, 25500","72496, 2177","21-15, 21-15",home,SAIF Kbh.,
2020,1,1,-3,13218,3. division,Pulje 3,385606,4 24-10-2020,1. DS,1,DS,SAIF Kbh.,Lillerød 3,Rikke Otkjær,Isabell Christensen,59478,234463,"11-21, 13-21",away,Lillerød 3,
2020,1,1,-3,13218,3. division,Pulje 3,385606,4 24-10-2020,2. DS,2,DS,SAIF Kbh.,Lillerød 3,Line Broen Magersholt,Kirstine Rasmussen,115980,115204,"21-14, 19-21, 19-21",away,Lillerød 3,
2020,1,1,-3,13218,3. division,Pulje 3,385606,4 24-10-2020,1. HS,1,HS,SAIF Kbh.,Lillerød 3,Peter Thorberg,Philip Olah,35448,197330,"22-20, 21-14",home,SAIF Kbh.,
2020,1,1,-3,13218,3. division,Pulje 3,385606,4 24-10-2020,2. HS,2,HS,SAIF Kbh.,Lillerød 3,Mikkel Brenøe-Jensen,William Præst Varming,21971,214149,"21-15, 21-18",home,SAIF Kbh.,
2020,1,1,-3,13218,3. division,Pulje 3,385606,4 24-10-2020,3. HS,3,HS,SAIF Kbh.,Lillerød 3,Thomas Irving Pedersen,Anders Brinck Colstrup,12300,115986,"20-22, 21-5, 21-14",home,SAIF Kbh.,
2020,1,1,-3,13218,3. division,Pulje 3,385606,4 24-10-2020,4. HS,4,HS,SAIF Kbh.,Lillerød 3,Peter Staunstrup,Eskild Wang Trolle,50260,163728,"21-14, 21-13",home,SAIF Kbh.,
2020,1,1,-3,13218,3. division,Pulje 3,385606,4 24-10-2020,1. DD,1,DD,SAIF Kbh.,Lillerød 3,"Katrine M Hansen, Line Broen Magersholt","Laura Førby Petersen, Isabell Christensen","80407, 115980","225353, 234463","16-21, 21-16, 8-21",away,Lillerød 3,
2020,1,1,-3,13218,3. division,Pulje 3,385606,4 24-10-2020,2. DD,2,DD,SAIF Kbh.,Lillerød 3,"Rikke Otkjær, Sofie Ørsted","Julie Høyer Skjernov, Kirstine Rasmussen","59478, 25500","2177, 115204","21-18, 21-18",home,SAIF Kbh.,
2020,1,1,-3,13218,3. division,Pulje 3,385606,4 24-10-2020,1. HD,1,HD,SAIF Kbh.,Lillerød 3,"Oliver Gravers, Peter Thorberg","Gustav Tolstrup, Philip Olah","61228, 35448","88390, 197330","21-13, 21-17",home,SAIF Kbh.,
2020,1,1,-3,13218,3. division,Pulje 3,385606,4 24-10-2020,2. HD,2,HD,SAIF Kbh.,Lillerød 3,"Mikkel Brenøe-Jensen, Mathias Ankersen","Mads Sloth, Eskild Wang Trolle","21971, 43147","72496, 163728","21-13, 17-21, 22-20",home,SAIF Kbh.,
2020,1,1,-3,13218,3. division,Pulje 3,385606,4 24-10-2020,3. HD,3,HD,SAIF Kbh.,Lillerød 3,"Thomas Irving Pedersen, Peter Staunstrup","William Præst Varming, Anders Brinck Colstrup","12300, 50260","214149, 115986","21-15, 21-19",home,SAIF Kbh.,
2020,1,1,-3,13218,3. division,Pulje 3,385607,4 24-10-2020,1. MD,1,MD,Charlottenlund,Drive,"Mads H. Larsen, Pernille Hulst","Nicklas Engholt, Eva Pedersen","37350, 46165","39338, 88127","14-21, 22-20, 13-21",away,Drive,
2020,1,1,-3,13218,3. division,Pulje 3,385607,4 24-10-2020,2. MD,2,MD,Charlottenlund,Drive,"Casper Haas Simonsen, Mai Hasle","Dennik Peto, Nina Fisker","41454, 20811","17146, 41476","21-16, 19-21, 10-21",away,Drive,
2020,1,1,-3,13218,3. division,Pulje 3,385607,4 24-10-2020,1. DS,1,DS,Charlottenlund,Drive,Agnes Nemeth (EU),Lykke Nielsen,210471,55975,"13-21, 21-19, 14-21",away,Drive,
2020,1,1,-3,13218,3. division,Pulje 3,385607,4 24-10-2020,2. DS,2,DS,Charlottenlund,Drive,Julie Irby,Sarah Juul Nørgaard,58156,32219,"8-21, 14-21",away,Drive,
2020,1,1,-3,13218,3. division,Pulje 3,385607,4 24-10-2020,1. HS,1,HS,Charlottenlund,Drive,Kristoffer Stampe,Simon Friis Amossen,15007,40225,"17-21, 13-21",away,Drive,
2020,1,1,-3,13218,3. division,Pulje 3,385607,4 24-10-2020,2. HS,2,HS,Charlottenlund,Drive,Sebastian Kjær,Nikolaj Filt Albrectsen,76925,29331,"15-21, 18-21",away,Drive,
2020,1,1,-3,13218,3. division,Pulje 3,385607,4 24-10-2020,3. HS,3,HS,Charlottenlund,Drive,Bastian Jørgensen,Kasper Simonsen,38548,50892,"18-21, 19-21",away,Drive,
2020,1,1,-3,13218,3. division,Pulje 3,385607,4 24-10-2020,4. HS,4,HS,Charlottenlund,Drive,Andreas Gefke,Mikkel Kærsgaard Henriksen,20880,53953,"17-21, 15-21",away,Drive,
2020,1,1,-3,13218,3. division,Pulje 3,385607,4 24-10-2020,1. DD,1,DD,Charlottenlund,Drive,"Pernille Hulst, Mai Hasle","Lykke Nielsen, Nina Fisker","46165, 20811","55975, 41476","14-21, 21-14, 21-18",home,Charlottenlund,
2020,1,1,-3,13218,3. division,Pulje 3,385607,4 24-10-2020,2. DD,2,DD,Charlottenlund,Drive,"Agnes Nemeth (EU), Julie Irby","Sarah Juul Nørgaard, Eva Pedersen","210471, 58156","32219, 88127","25-27, 16-21",away,Drive,
2020,1,1,-3,13218,3. division,Pulje 3,385607,4 24-10-2020,1. HD,1,HD,Charlottenlund,Drive,"Kristoffer Stampe, Casper Haas Simonsen","Nicklas Engholt, Simon Friis Amossen","15007, 41454","39338, 40225","21-17, 18-21, 15-21",away,Drive,
2020,1,1,-3,13218,3. division,Pulje 3,385607,4 24-10-2020,2. HD,2,HD,Charlottenlund,Drive,"Mads H. Larsen, Bastian Jørgensen","Kasper Simonsen, Dennik Peto","37350, 38548","50892, 17146","22-24, 18-21",away,Drive,
2020,1,1,-3,13218,3. division,Pulje 3,385607,4 24-10-2020,3. HD,3,HD,Charlottenlund,Drive,"Sebastian Kjær, Andreas Gefke","Mikkel Kærsgaard Henriksen, Nikolaj Filt Albrectsen","76925, 20880","53953, 29331","21-17, 9-21, 17-21",away,Drive,
2020,1,1,-3,13218,3. division,Pulje 3,385608,4 24-10-2020,1. MD,1,MD,Badminton Roskilde,Holte 2,"Anders Kristiansen, Katrine Høgsgaard","Rasmus Øris, Stine Skovgaard","12515, 1367","12470, 22459","21-19, 21-10",home,Badminton Roskilde,
2020,1,1,-3,13218,3. division,Pulje 3,385608,4 24-10-2020,2. MD,2,MD,Badminton Roskilde,Holte 2,"Jeppe Hjortkær Jensen, Elizabeth Jovita","Martin Heissel, Nicola Kragh Riis","89210, 305439","13678, 10785","21-12, 21-19",home,Badminton Roskilde,
2020,1,1,-3,13218,3. division,Pulje 3,385608,4 24-10-2020,1. DS,1,DS,Badminton Roskilde,Holte 2,Amalie Rundqvist,Julie Schmidt Hansen,63447,37860,"21-15, 21-17",home,Badminton Roskilde,
2020,1,1,-3,13218,3. division,Pulje 3,385608,4 24-10-2020,2. DS,2,DS,Badminton Roskilde,Holte 2,Marcelina Franczuk (EU),Rebecca Nymann Marxen,325611,166824,"10-21, 21-9, 17-21",away,Holte 2,
2020,1,1,-3,13218,3. division,Pulje 3,385608,4 24-10-2020,1. HS,1,HS,Badminton Roskilde,Holte 2,Rendy Ismanto,Tristan Enkebølle Nielsen,264257,156057,"21-16, 21-15",home,Badminton Roskilde,
2020,1,1,-3,13218,3. division,Pulje 3,385608,4 24-10-2020,2. HS,2,HS,Badminton Roskilde,Holte 2,Jeppe Theisen Pedersen,Carsten Loesch,81333,9376,"21-18, 21-4",home,Badminton Roskilde,
2020,1,1,-3,13218,3. division,Pulje 3,385608,4 24-10-2020,3. HS,3,HS,Badminton Roskilde,Holte 2,Bartosz Grochowski (EU),Lars Boesen,325730,12242,"21-10, 21-14",home,Badminton Roskilde,
2020,1,1,-3,13218,3. division,Pulje 3,385608,4 24-10-2020,4. HS,4,HS,Badminton Roskilde,Holte 2,Henrik Correll,Philip Skovgaard,9338,68108,"22-20, 21-14",home,Badminton Roskilde,
2020,1,1,-3,13218,3. division,Pulje 3,385608,4 24-10-2020,1. DD,1,DD,Badminton Roskilde,Holte 2,"Katrine Høgsgaard, Elizabeth Jovita","Stine Skovgaard, Nicola Kragh Riis","1367, 305439","22459, 10785","21-6, 21-16",home,Badminton Roskilde,
2020,1,1,-3,13218,3. division,Pulje 3,385608,4 24-10-2020,2. DD,2,DD,Badminton Roskilde,Holte 2,"Marcelina Franczuk (EU), Amalie Rundqvist","Julie Schmidt Hansen, Rebecca Nymann Marxen","325611, 63447","37860, 166824","21-11, 21-14",home,Badminton Roskilde,
2020,1,1,-3,13218,3. division,Pulje 3,385608,4 24-10-2020,1. HD,1,HD,Badminton Roskilde,Holte 2,"Anders Kristiansen, Rendy Ismanto","Rasmus Øris, Martin Heissel","12515, 264257","12470, 13678","21-18, 21-16",home,Badminton Roskilde,
2020,1,1,-3,13218,3. division,Pulje 3,385608,4 24-10-2020,2. HD,2,HD,Badminton Roskilde,Holte 2,"Jeppe Theisen Pedersen, Jeppe Hjortkær Jensen","Carsten Loesch, Lars Boesen","81333, 89210","9376, 12242",11-14,away,Holte 2,H
2020,1,1,-3,13218,3. division,Pulje 3,385608,4 24-10-2020,3. HD,3,HD,Badminton Roskilde,Holte 2,"Bartosz Grochowski (EU), Henrik Correll","Tristan Enkebølle Nielsen, Philip Skovgaard","325730, 9338","156057, 68108","15-21, 15-21",away,Holte 2,
2020,1,1,-3,13218,3. division,Pulje 3,385609,4 24-10-2020,1. MD,1,MD,Skovshoved 4,Lyngby 2,"Tobias Middelbo Eigtved, Marie-Louise Guhle Abildgaard","Adam Wilhjelm, Alma Pedersen","86927, 365","60617, 2669","21-19, 21-12",home,Skovshoved 4,
2020,1,1,-3,13218,3. division,Pulje 3,385609,4 24-10-2020,2. MD,2,MD,Skovshoved 4,Lyngby 2,"Nicholas Grundtvig, Sara Ortvang","Nicolai Billeskov Juulsager, Rannvá Djurhuus Carlsson","87442, 65673","55257, 132388","16-21, 10-21",away,Lyngby 2,
2020,1,1,-3,13218,3. division,Pulje 3,385609,4 24-10-2020,1. DS,1,DS,Skovshoved 4,Lyngby 2,Mette K. Pedersen,Anna Engelhardt Søeborg,12846,2275,"21-17, 26-24",home,Skovshoved 4,
2020,1,1,-3,13218,3. division,Pulje 3,385609,4 24-10-2020,2. DS,2,DS,Skovshoved 4,Lyngby 2,Naja Maj Jonassen,Michelle Nielsen,116068,10973,"14-21, 20-22",away,Lyngby 2,
2020,1,1,-3,13218,3. division,Pulje 3,385609,4 24-10-2020,1. HS,1,HS,Skovshoved 4,Lyngby 2,Johnny Hast Hansen,Magnus Hede,9673,2666,"15-21, 16-21",away,Lyngby 2,
2020,1,1,-3,13218,3. division,Pulje 3,385609,4 24-10-2020,2. HS,2,HS,Skovshoved 4,Lyngby 2,Bjørn Bahnsen,Niels Peter Lillelund,9215,42043,"12-21, 9-21",away,Lyngby 2,
2020,1,1,-3,13218,3. division,Pulje 3,385609,4 24-10-2020,3. HS,3,HS,Skovshoved 4,Lyngby 2,Kent Wæde Hansen,Albert Navarro (udl.),8333,92324,"13-21, 16-21",away,Lyngby 2,
2020,1,1,-3,13218,3. division,Pulje 3,385609,4 24-10-2020,4. HS,4,HS,Skovshoved 4,Lyngby 2,Rasmus Quist Pedersen,Frederik Holmgaard,206745,2968,"10-21, 14-21",away,Lyngby 2,
2020,1,1,-3,13218,3. division,Pulje 3,385609,4 24-10-2020,1. DD,1,DD,Skovshoved 4,Lyngby 2,"Sara Ortvang, Marie-Louise Guhle Abildgaard","Rannvá Djurhuus Carlsson, Anna Engelhardt Søeborg","65673, 365","132388, 2275","21-13, 21-18",home,Skovshoved 4,
2020,1,1,-3,13218,3. division,Pulje 3,385609,4 24-10-2020,2. DD,2,DD,Skovshoved 4,Lyngby 2,"Naja Maj Jonassen, Mette K. Pedersen","Michelle Nielsen, Alma Pedersen","116068, 12846","10973, 2669","14-21, 14-21",away,Lyngby 2,
2020,1,1,-3,13218,3. division,Pulje 3,385609,4 24-10-2020,1. HD,1,HD,Skovshoved 4,Lyngby 2,"Tobias Middelbo Eigtved, Johnny Hast Hansen","Magnus Hede, Niels Peter Lillelund","86927, 9673","2666, 42043","22-20, 17-21, 22-24",away,Lyngby 2,
2020,1,1,-3,13218,3. division,Pulje 3,385609,4 24-10-2020,2. HD,2,HD,Skovshoved 4,Lyngby 2,"Rasmus Quist Pedersen, Nicholas Grundtvig","Adam Wilhjelm, Nicolai Billeskov Juulsager","206745, 87442","60617, 55257","17-21, 21-18, 11-21",away,Lyngby 2,
2020,1,1,-3,13218,3. division,Pulje 3,385609,4 24-10-2020,3. HD,3,HD,Skovshoved 4,Lyngby 2,"Kent Wæde Hansen, Bjørn Bahnsen","Albert Navarro (udl.), Frederik Holmgaard","8333, 9215","92324, 2968","13-21, 14-21",away,Lyngby 2,
2020,1,1,-3,13219,3. division,Pulje 4,385734,1 05-09-2020,1. MD,1,MD,Hvidovre 2,Gentofte 3,"Oliver Lau Andersen, Rebecca Thorup","Karl Thor Søndergaard, Spela Silvester Laumand","85007, 91665","86898, 92423","21-18, 21-19",home,Hvidovre 2,
2020,1,1,-3,13219,3. division,Pulje 4,385734,1 05-09-2020,2. MD,2,MD,Hvidovre 2,Gentofte 3,"Michael Poulsen, Maria Søgård Andersen","Mads Sørensen, Isabella Ørding Kauffmann","13818, 167708","67477, 91605","21-18, 21-11",home,Hvidovre 2,
2020,1,1,-3,13219,3. division,Pulje 4,385734,1 05-09-2020,1. DS,1,DS,Hvidovre 2,Gentofte 3,Ann-Sofie Husher Ruus,Josephine Frost,2454,72069,"21-5, 22-24, 23-21",home,Hvidovre 2,
2020,1,1,-3,13219,3. division,Pulje 4,385734,1 05-09-2020,2. DS,2,DS,Hvidovre 2,Gentofte 3,Lene Clausen,Caroline Brodersen,47756,77418,"21-12, 21-12",home,Hvidovre 2,
2020,1,1,-3,13219,3. division,Pulje 4,385734,1 05-09-2020,1. HS,1,HS,Hvidovre 2,Gentofte 3,Shaun Ekengren (EU),Marcus Bøgebjerg,287015,88852,"17-21, 21-18, 21-17",home,Hvidovre 2,
2020,1,1,-3,13219,3. division,Pulje 4,385734,1 05-09-2020,2. HS,2,HS,Hvidovre 2,Gentofte 3,Morten Stieper Bokelund,Jeppe Lehwald,31688,88351,"14-21, 8-21",away,Gentofte 3,
2020,1,1,-3,13219,3. division,Pulje 4,385734,1 05-09-2020,3. HS,3,HS,Hvidovre 2,Gentofte 3,Christian Andersen,Jacob Hjorth Jensen,86045,3159,"14-21, 17-21",away,Gentofte 3,
2020,1,1,-3,13219,3. division,Pulje 4,385734,1 05-09-2020,4. HS,4,HS,Hvidovre 2,Gentofte 3,Jonas Bjørnkjær,Niels Peter Johansen,43521,60027,"21-11, 17-21, 17-21",away,Gentofte 3,
2020,1,1,-3,13219,3. division,Pulje 4,385734,1 05-09-2020,1. DD,1,DD,Hvidovre 2,Gentofte 3,"Lene Clausen, Ann-Sofie Husher Ruus","Spela Silvester Laumand, Josephine Frost","47756, 2454","92423, 72069","21-18, 19-21, 21-17",home,Hvidovre 2,
2020,1,1,-3,13219,3. division,Pulje 4,385734,1 05-09-2020,2. DD,2,DD,Hvidovre 2,Gentofte 3,"Rebecca Thorup, Maria Søgård Andersen","Caroline Brodersen, Isabella Ørding Kauffmann","91665, 167708","77418, 91605","21-12, 21-14",home,Hvidovre 2,
2020,1,1,-3,13219,3. division,Pulje 4,385734,1 05-09-2020,1. HD,1,HD,Hvidovre 2,Gentofte 3,"Oliver Lau Andersen, Christian Andersen","Karl Thor Søndergaard, Niels Peter Johansen","85007, 86045","86898, 60027","11-21, 15-21",away,Gentofte 3,
2020,1,1,-3,13219,3. division,Pulje 4,385734,1 05-09-2020,2. HD,2,HD,Hvidovre 2,Gentofte 3,"Jonas Bjørnkjær, Morten Stieper Bokelund","Marcus Bøgebjerg, Jeppe Lehwald","43521, 31688","88852, 88351","24-26, 13-21",away,Gentofte 3,
2020,1,1,-3,13219,3. division,Pulje 4,385734,1 05-09-2020,3. HD,3,HD,Hvidovre 2,Gentofte 3,"Shaun Ekengren (EU), Michael Poulsen","Mads Sørensen, Jacob Hjorth Jensen","287015, 13818","67477, 3159","20-22, 21-15, 21-19",home,Hvidovre 2,
2020,1,1,-3,13219,3. division,Pulje 4,385735,1 05-09-2020,1. MD,1,MD,Team Vejleå,Værløse 4,"Martin Stjernborg, Christina Mogensen","Mikkel Frantzen, Maria Alm","82, 35935","92892, 13837","18-21, 14-21",away,Værløse 4,
2020,1,1,-3,13219,3. division,Pulje 4,385735,1 05-09-2020,2. MD,2,MD,Team Vejleå,Værløse 4,"Jonas Svennevig, Tina Arentzen","Kasper Bruhn, Sussie Steindal","13346, 29072","86746, 42550","21-12, 21-10",home,Team Vejleå,
2020,1,1,-3,13219,3. division,Pulje 4,385735,1 05-09-2020,1. DS,1,DS,Team Vejleå,Værløse 4,Aiman Iqbal,Josephine Van Zaane,242201,52587,"21-16, 14-21, 5-21",away,Værløse 4,
2020,1,1,-3,13219,3. division,Pulje 4,385735,1 05-09-2020,2. DS,2,DS,Team Vejleå,Værløse 4,Hannah Clausen,Kirstine Duer Thorsen,1700,2560,"21-19, 21-19",home,Team Vejleå,
2020,1,1,-3,13219,3. division,Pulje 4,385735,1 05-09-2020,1. HS,1,HS,Team Vejleå,Værløse 4,Mark Fasting Vistoft,Martin Grue Andreassen,14076,73114,"14-21, 21-17, 17-21",away,Værløse 4,
2020,1,1,-3,13219,3. division,Pulje 4,385735,1 05-09-2020,2. HS,2,HS,Team Vejleå,Værløse 4,Martin Kjellerup,Jonas Rason,23805,230807,"14-21, 21-19, 11-21",away,Værløse 4,
2020,1,1,-3,13219,3. division,Pulje 4,385735,1 05-09-2020,3. HS,3,HS,Team Vejleå,Værløse 4,Anders Larsen,Phillip Jensen,12949,45255,"21-15, 15-21, 21-15",home,Team Vejleå,
2020,1,1,-3,13219,3. division,Pulje 4,385735,1 05-09-2020,4. HS,4,HS,Team Vejleå,Værløse 4,Nicklas Hansen,Mark Hansen,72801,250668,"11-21, 21-14, 21-18",home,Team Vejleå,
2020,1,1,-3,13219,3. division,Pulje 4,385735,1 05-09-2020,1. DD,1,DD,Team Vejleå,Værløse 4,"Christina Mogensen, Tina Arentzen","Josephine Van Zaane, Sussie Steindal","35935, 29072","52587, 42550","18-21, 11-21",away,Værløse 4,
2020,1,1,-3,13219,3. division,Pulje 4,385735,1 05-09-2020,2. DD,2,DD,Team Vejleå,Værløse 4,"Aiman Iqbal, Hannah Clausen","Maria Alm, Kirstine Duer Thorsen","242201, 1700","13837, 2560","19-21, 14-21",away,Værløse 4,
2020,1,1,-3,13219,3. division,Pulje 4,385735,1 05-09-2020,1. HD,1,HD,Team Vejleå,Værløse 4,"Jonas Svennevig, Mark Fasting Vistoft","Martin Grue Andreassen, Phillip Jensen","13346, 14076","73114, 45255","21-13, 21-17",home,Team Vejleå,
2020,1,1,-3,13219,3. division,Pulje 4,385735,1 05-09-2020,2. HD,2,HD,Team Vejleå,Værløse 4,"Martin Kjellerup, Martin Stjernborg","Jonas Rason, Mikkel Frantzen","23805, 82","230807, 92892","17-21, 15-21",away,Værløse 4,
2020,1,1,-3,13219,3. division,Pulje 4,385735,1 05-09-2020,3. HD,3,HD,Team Vejleå,Værløse 4,"Anders Larsen, Nicklas Hansen","Kasper Bruhn, Mark Hansen","12949, 72801","86746, 250668","21-14, 21-16",home,Team Vejleå,
2020,1,1,-3,13219,3. division,Pulje 4,385736,1 05-09-2020,1. MD,1,MD,Solrød Strand 4,Holbæk 2,"Thomas Dew-Hattens, Lena Grebak","Lasse Sandal, Rikke Sandal","53686, 44222","82389, 73631","21-10, 21-9",home,Solrød Strand 4,
2020,1,1,-3,13219,3. division,Pulje 4,385736,1 05-09-2020,2. MD,2,MD,Solrød Strand 4,Holbæk 2,"Jonathan Melgaard, Amanda Abildgaard","Thomas Dam Pedersen, Ida Marie S. Kristensen","94046, 158752","85650, 84140","21-16, 16-21, 17-21",away,Holbæk 2,
2020,1,1,-3,13219,3. division,Pulje 4,385736,1 05-09-2020,1. DS,1,DS,Solrød Strand 4,Holbæk 2,Ida Marie Winther,Katja Elm Jensen,91803,21280,"21-13, 21-19",home,Solrød Strand 4,
2020,1,1,-3,13219,3. division,Pulje 4,385736,1 05-09-2020,2. DS,2,DS,Solrød Strand 4,Holbæk 2,Carina Hartvig,Elena-Alexandra Diordiev (udl.),3038,317672,"21-16, 15-21, 17-21",away,Holbæk 2,
2020,1,1,-3,13219,3. division,Pulje 4,385736,1 05-09-2020,1. HS,1,HS,Solrød Strand 4,Holbæk 2,Johan Juel Andersen,Clemens Nielsen,206949,49807,"13-21, 18-21",away,Holbæk 2,
2020,1,1,-3,13219,3. division,Pulje 4,385736,1 05-09-2020,2. HS,2,HS,Solrød Strand 4,Holbæk 2,Frederik Flindt,Jonathan Grønbæk Andersen,77585,602,"21-19, 12-21, 22-20",home,Solrød Strand 4,
2020,1,1,-3,13219,3. division,Pulje 4,385736,1 05-09-2020,3. HS,3,HS,Solrød Strand 4,Holbæk 2,Andreas Beyer,Mike Rasmussen,81271,316210,"21-16, 15-21, 9-21",away,Holbæk 2,
2020,1,1,-3,13219,3. division,Pulje 4,385736,1 05-09-2020,4. HS,4,HS,Solrød Strand 4,Holbæk 2,Sebastian Mikkelsen,Lau Viskum Nielsen,215418,78988,"21-6, 21-16",home,Solrød Strand 4,
2020,1,1,-3,13219,3. division,Pulje 4,385736,1 05-09-2020,1. DD,1,DD,Solrød Strand 4,Holbæk 2,"Amanda Abildgaard, Lena Grebak","Katja Elm Jensen, Ida Marie S. Kristensen","158752, 44222","21280, 84140","24-22, 21-11",home,Solrød Strand 4,
2020,1,1,-3,13219,3. division,Pulje 4,385736,1 05-09-2020,2. DD,2,DD,Solrød Strand 4,Holbæk 2,"Ida Marie Winther, Carina Hartvig","Elena-Alexandra Diordiev (udl.), Rikke Sandal","91803, 3038","317672, 73631","21-9, 21-10",home,Solrød Strand 4,
2020,1,1,-3,13219,3. division,Pulje 4,385736,1 05-09-2020,1. HD,1,HD,Solrød Strand 4,Holbæk 2,"Jonathan Melgaard, Thomas Dew-Hattens","Clemens Nielsen, Mike Rasmussen","94046, 53686","49807, 316210","21-12, 21-6",home,Solrød Strand 4,
2020,1,1,-3,13219,3. division,Pulje 4,385736,1 05-09-2020,2. HD,2,HD,Solrød Strand 4,Holbæk 2,"Frederik Flindt, Andreas Beyer","Lasse Sandal, Thomas Dam Pedersen","77585, 81271","82389, 85650","21-18, 26-24",home,Solrød Strand 4,
2020,1,1,-3,13219,3. division,Pulje 4,385736,1 05-09-2020,3. HD,3,HD,Solrød Strand 4,Holbæk 2,"Sebastian Mikkelsen, Johan Juel Andersen","Jonathan Grønbæk Andersen, Lau Viskum Nielsen","215418, 206949","602, 78988","21-12, 21-12",home,Solrød Strand 4,
2020,1,1,-3,13219,3. division,Pulje 4,385737,1 05-09-2020,1. MD,1,MD,Herlev Badminton,KMB2010 2,"Jens Eriksen, Katrine Amdi Jensen","Casper Nørsø Pedersen, Nicoline Pihl Pedersen","8790, 51548","60600, 63264","12-21, 18-21",away,KMB2010 2,
2020,1,1,-3,13219,3. division,Pulje 4,385737,1 05-09-2020,2. MD,2,MD,Herlev Badminton,KMB2010 2,"Jonas Nielsen, Mie Falkenberg","Mathias Rud Pedersen, Sofie Nørby-Odgaard","31192, 62177","55666, 79331","17-21, 27-29",away,KMB2010 2,
2020,1,1,-3,13219,3. division,Pulje 4,385737,1 05-09-2020,1. DS,1,DS,Herlev Badminton,KMB2010 2,Michala Weng Petersen,Michelle Andersen,47743,79299,"13-21, 21-16, 14-21",away,KMB2010 2,
2020,1,1,-3,13219,3. division,Pulje 4,385737,1 05-09-2020,2. DS,2,DS,Herlev Badminton,KMB2010 2,Frederikke Jespersgaard,Mathilde Nexmann Larsen,76115,89145,"12-21, 11-21",away,KMB2010 2,
2020,1,1,-3,13219,3. division,Pulje 4,385737,1 05-09-2020,1. HS,1,HS,Herlev Badminton,KMB2010 2,Johan la Cour Pind Schmidt,Rasmus Rylander,197353,69929,"10-21, 13-21",away,KMB2010 2,
2020,1,1,-3,13219,3. division,Pulje 4,385737,1 05-09-2020,2. HS,2,HS,Herlev Badminton,KMB2010 2,Andreas Juhl,Flemming Quach,38563,47783,"14-21, 17-21",away,KMB2010 2,
2020,1,1,-3,13219,3. division,Pulje 4,385737,1 05-09-2020,3. HS,3,HS,Herlev Badminton,KMB2010 2,Nicklas Laursen,Simon Bay,40848,132254,"18-21, 3-21",away,KMB2010 2,
2020,1,1,-3,13219,3. division,Pulje 4,385737,1 05-09-2020,4. HS,4,HS,Herlev Badminton,KMB2010 2,Mathias Amdi Jensen,Jakob Stage,29386,87340,"14-21, 15-21",away,KMB2010 2,
2020,1,1,-3,13219,3. division,Pulje 4,385737,1 05-09-2020,1. DD,1,DD,Herlev Badminton,KMB2010 2,"Mie Falkenberg, Michala Weng Petersen","Nicoline Pihl Pedersen, Sofie Nørby-Odgaard","62177, 47743","63264, 79331","16-21, 16-21",away,KMB2010 2,
2020,1,1,-3,13219,3. division,Pulje 4,385737,1 05-09-2020,2. DD,2,DD,Herlev Badminton,KMB2010 2,"Katrine Amdi Jensen, Frederikke Jespersgaard","Mathilde Nexmann Larsen, Michelle Andersen","51548, 76115","89145, 79299","23-21, 14-21, 15-21",away,KMB2010 2,
2020,1,1,-3,13219,3. division,Pulje 4,385737,1 05-09-2020,1. HD,1,HD,Herlev Badminton,KMB2010 2,"Jens Eriksen, Jonas Nielsen","Rasmus Rylander, Flemming Quach","8790, 31192","69929, 47783","17-21, 21-19, 21-14",home,Herlev Badminton,
2020,1,1,-3,13219,3. division,Pulje 4,385737,1 05-09-2020,2. HD,2,HD,Herlev Badminton,KMB2010 2,"Andreas Juhl, Mathias Amdi Jensen","Mathias Rud Pedersen, Casper Nørsø Pedersen","38563, 29386","55666, 60600","12-21, 13-21",away,KMB2010 2,
2020,1,1,-3,13219,3. division,Pulje 4,385737,1 05-09-2020,3. HD,3,HD,Herlev Badminton,KMB2010 2,"Nicklas Laursen, Johan la Cour Pind Schmidt","Simon Bay, Jakob Stage","40848, 197353","132254, 87340","18-21, 16-21",away,KMB2010 2,
2020,1,1,-3,13219,3. division,Pulje 4,385738,2 19-09-2020,1. MD,1,MD,Holbæk 2,Hvidovre 2,"Thomas Sandal, Rikke Sandal","Oliver Lau Andersen, Rebecca Thorup","62632, 73631","85007, 91665","21-23, 20-22",away,Hvidovre 2,
2020,1,1,-3,13219,3. division,Pulje 4,385738,2 19-09-2020,2. MD,2,MD,Holbæk 2,Hvidovre 2,"Rasmus Sandal, Simone Sørensen","Michael Poulsen, Drifa Hardardottir (EU)","39440, 237871","13818, 11439","7-21, 10-21",away,Hvidovre 2,
2020,1,1,-3,13219,3. division,Pulje 4,385738,2 19-09-2020,1. DS,1,DS,Holbæk 2,Hvidovre 2,Elena-Alexandra Diordiev (udl.),Ann-Sofie Husher Ruus,317672,2454,"16-21, 12-21",away,Hvidovre 2,
2020,1,1,-3,13219,3. division,Pulje 4,385738,2 19-09-2020,2. DS,2,DS,Holbæk 2,Hvidovre 2,Marion Lawrence (EU),Lene Clausen,314603,47756,"9-21, 7-21",away,Hvidovre 2,
2020,1,1,-3,13219,3. division,Pulje 4,385738,2 19-09-2020,1. HS,1,HS,Holbæk 2,Hvidovre 2,Clemens Nielsen,Christian Andersen,49807,86045,"19-21, 23-25",away,Hvidovre 2,
2020,1,1,-3,13219,3. division,Pulje 4,385738,2 19-09-2020,2. HS,2,HS,Holbæk 2,Hvidovre 2,Jonathan Grønbæk Andersen,Morten Stieper Bokelund,602,31688,"15-21, 14-21",away,Hvidovre 2,
2020,1,1,-3,13219,3. division,Pulje 4,385738,2 19-09-2020,3. HS,3,HS,Holbæk 2,Hvidovre 2,Mike Rasmussen,Andreas Simonsen,316210,36511,"12-21, 12-21",away,Hvidovre 2,
2020,1,1,-3,13219,3. division,Pulje 4,385738,2 19-09-2020,4. HS,4,HS,Holbæk 2,Hvidovre 2,Rasmus Gundersen,Jonas Bjørnkjær,20095,43521,"18-21, 21-15, 6-21",away,Hvidovre 2,
2020,1,1,-3,13219,3. division,Pulje 4,385738,2 19-09-2020,1. DD,1,DD,Holbæk 2,Hvidovre 2,"Rikke Sandal, Simone Sørensen","Ann-Sofie Husher Ruus, Lene Clausen","73631, 237871","2454, 47756","3-21, 14-21",away,Hvidovre 2,
2020,1,1,-3,13219,3. division,Pulje 4,385738,2 19-09-2020,2. DD,2,DD,Holbæk 2,Hvidovre 2,"Marion Lawrence (EU), Elena-Alexandra Diordiev (udl.)","Drifa Hardardottir (EU), Rebecca Thorup","314603, 317672","11439, 91665","7-21, 8-21",away,Hvidovre 2,
2020,1,1,-3,13219,3. division,Pulje 4,385738,2 19-09-2020,1. HD,1,HD,Holbæk 2,Hvidovre 2,"Thomas Sandal, Rasmus Gundersen","Jonas Bjørnkjær, Andreas Simonsen","62632, 20095","43521, 36511",,away,Hvidovre 2,(2)
2020,1,1,-3,13219,3. division,Pulje 4,385738,2 19-09-2020,2. HD,2,HD,Holbæk 2,Hvidovre 2,"Rasmus Sandal, Jonathan Grønbæk Andersen","Michael Poulsen, Oliver Lau Andersen","39440, 602","13818, 85007","17-21, 17-21",away,Hvidovre 2,
2020,1,1,-3,13219,3. division,Pulje 4,385738,2 19-09-2020,3. HD,3,HD,Holbæk 2,Hvidovre 2,"Mike Rasmussen, Clemens Nielsen","Christian Andersen, Morten Stieper Bokelund","316210, 49807","86045, 31688","14-21, 18-21",away,Hvidovre 2,
2020,1,1,-3,13219,3. division,Pulje 4,385739,2 19-09-2020,1. MD,1,MD,KMB2010 2,Team Vejleå,"Rasmus Rylander, Camilla Bo Andersen","Jonas Svennevig, Christina Mogensen","69929, 115612","13346, 35935","21-15, 21-13",home,KMB2010 2,
2020,1,1,-3,13219,3. division,Pulje 4,385739,2 19-09-2020,2. MD,2,MD,KMB2010 2,Team Vejleå,"Casper Nørsø Pedersen, Nicoline Pihl Pedersen","Martin Kjellerup, Emma Toft Blæsbjerg","60600, 63264","23805, 83423","21-14, 21-10",home,KMB2010 2,
2020,1,1,-3,13219,3. division,Pulje 4,385739,2 19-09-2020,1. DS,1,DS,KMB2010 2,Team Vejleå,Sine Nørby-Odgaard,Aiman Iqbal,63731,242201,"21-15, 21-19",home,KMB2010 2,
2020,1,1,-3,13219,3. division,Pulje 4,385739,2 19-09-2020,2. DS,2,DS,KMB2010 2,Team Vejleå,Christina Bilgrav,Hannah Clausen,74125,1700,"21-10, 21-11",home,KMB2010 2,
2020,1,1,-3,13219,3. division,Pulje 4,385739,2 19-09-2020,1. HS,1,HS,KMB2010 2,Team Vejleå,Philip Pavlowski Pedersen,Mark Fasting Vistoft,33519,14076,"21-11, 21-11",home,KMB2010 2,
2020,1,1,-3,13219,3. division,Pulje 4,385739,2 19-09-2020,2. HS,2,HS,KMB2010 2,Team Vejleå,Simon Bay,Anders Larsen,132254,12949,"21-12, 21-8",home,KMB2010 2,
2020,1,1,-3,13219,3. division,Pulje 4,385739,2 19-09-2020,3. HS,3,HS,KMB2010 2,Team Vejleå,Jakob Stage,Nicklas Hansen,87340,72801,"21-7, 21-17",home,KMB2010 2,
2020,1,1,-3,13219,3. division,Pulje 4,385739,2 19-09-2020,4. HS,4,HS,KMB2010 2,Team Vejleå,Philip Busch Andreasen,Martin Stjernborg,78595,82,"21-13, 17-21, 21-17",home,KMB2010 2,
2020,1,1,-3,13219,3. division,Pulje 4,385739,2 19-09-2020,1. DD,1,DD,KMB2010 2,Team Vejleå,"Camilla Bo Andersen, Nicoline Pihl Pedersen","Christina Mogensen, Emma Toft Blæsbjerg","115612, 63264","35935, 83423","21-6, 21-12",home,KMB2010 2,
2020,1,1,-3,13219,3. division,Pulje 4,385739,2 19-09-2020,2. DD,2,DD,KMB2010 2,Team Vejleå,"Christina Bilgrav, Sine Nørby-Odgaard","Aiman Iqbal, Hannah Clausen","74125, 63731","242201, 1700","21-7, 21-10",home,KMB2010 2,
2020,1,1,-3,13219,3. division,Pulje 4,385739,2 19-09-2020,1. HD,1,HD,KMB2010 2,Team Vejleå,"Casper Nørsø Pedersen, Rasmus Rylander","Mark Fasting Vistoft, Jonas Svennevig","60600, 69929","14076, 13346","21-11, 21-10",home,KMB2010 2,
2020,1,1,-3,13219,3. division,Pulje 4,385739,2 19-09-2020,2. HD,2,HD,KMB2010 2,Team Vejleå,"Philip Pavlowski Pedersen, Jakob Stage","Martin Kjellerup, Martin Stjernborg","33519, 87340","23805, 82","21-12, 21-17",home,KMB2010 2,
2020,1,1,-3,13219,3. division,Pulje 4,385739,2 19-09-2020,3. HD,3,HD,KMB2010 2,Team Vejleå,"Simon Bay, Philip Busch Andreasen","Anders Larsen, Nicklas Hansen","132254, 78595","12949, 72801","21-10, 21-11",home,KMB2010 2,
2020,1,1,-3,13219,3. division,Pulje 4,385740,2 19-09-2020,1. MD,1,MD,Gentofte 3,Solrød Strand 4,"Niels Peter Johansen, Spela Silvester Laumand","Jonathan Melgaard, Tina Reese Sørensen","60027, 92423","94046, 12188","21-18, 21-13",home,Gentofte 3,
2020,1,1,-3,13219,3. division,Pulje 4,385740,2 19-09-2020,2. MD,2,MD,Gentofte 3,Solrød Strand 4,"Mads Sørensen, Isabella Ørding Kauffmann","Valdemar Flindt, Kathrine Vang Rasmussen","67477, 91605","87818, 94180","21-13, 21-19",home,Gentofte 3,
2020,1,1,-3,13219,3. division,Pulje 4,385740,2 19-09-2020,1. DS,1,DS,Gentofte 3,Solrød Strand 4,Josephine Frost,Ida Marie Winther,72069,91803,"21-18, 19-21, 10-21",away,Solrød Strand 4,
2020,1,1,-3,13219,3. division,Pulje 4,385740,2 19-09-2020,2. DS,2,DS,Gentofte 3,Solrød Strand 4,Caroline Brodersen,Carina Hartvig,77418,3038,"21-19, 12-21, 13-21",away,Solrød Strand 4,
2020,1,1,-3,13219,3. division,Pulje 4,385740,2 19-09-2020,1. HS,1,HS,Gentofte 3,Solrød Strand 4,Jacob Hjorth Jensen,Johan Juel Andersen,3159,206949,"21-17, 21-11",home,Gentofte 3,
2020,1,1,-3,13219,3. division,Pulje 4,385740,2 19-09-2020,2. HS,2,HS,Gentofte 3,Solrød Strand 4,Marcus Bøgebjerg,Sebastian Mikkelsen,88852,215418,"21-8, 21-7",home,Gentofte 3,
2020,1,1,-3,13219,3. division,Pulje 4,385740,2 19-09-2020,3. HS,3,HS,Gentofte 3,Solrød Strand 4,Jeppe Lehwald,Andreas Beyer,88351,81271,"18-21, 21-11, 21-12",home,Gentofte 3,
2020,1,1,-3,13219,3. division,Pulje 4,385740,2 19-09-2020,4. HS,4,HS,Gentofte 3,Solrød Strand 4,Karl Thor Søndergaard,Frederik Færch,86898,70204,"21-8, 21-12",home,Gentofte 3,
2020,1,1,-3,13219,3. division,Pulje 4,385740,2 19-09-2020,1. DD,1,DD,Gentofte 3,Solrød Strand 4,"Caroline Brodersen, Spela Silvester Laumand","Kathrine Vang Rasmussen, Tina Reese Sørensen","77418, 92423","94180, 12188","10-21, 8-21",away,Solrød Strand 4,
2020,1,1,-3,13219,3. division,Pulje 4,385740,2 19-09-2020,2. DD,2,DD,Gentofte 3,Solrød Strand 4,"Josephine Frost, Isabella Ørding Kauffmann","Carina Hartvig, Ida Marie Winther","72069, 91605","3038, 91803","17-21, 17-21",away,Solrød Strand 4,
2020,1,1,-3,13219,3. division,Pulje 4,385740,2 19-09-2020,1. HD,1,HD,Gentofte 3,Solrød Strand 4,"Karl Thor Søndergaard, Niels Peter Johansen","Johan Juel Andersen, Jonathan Melgaard","86898, 60027","206949, 94046","21-11, 21-13",home,Gentofte 3,
2020,1,1,-3,13219,3. division,Pulje 4,385740,2 19-09-2020,2. HD,2,HD,Gentofte 3,Solrød Strand 4,"Marcus Bøgebjerg, Jeppe Lehwald","Andreas Beyer, Valdemar Flindt","88852, 88351","81271, 87818","21-19, 21-13",home,Gentofte 3,
2020,1,1,-3,13219,3. division,Pulje 4,385740,2 19-09-2020,3. HD,3,HD,Gentofte 3,Solrød Strand 4,"Mads Sørensen, Jacob Hjorth Jensen","Sebastian Mikkelsen, Frederik Færch","67477, 3159","215418, 70204","19-21, 21-18, 21-14",home,Gentofte 3,
2020,1,1,-3,13219,3. division,Pulje 4,385741,2 19-09-2020,1. MD,1,MD,Værløse 4,Herlev Badminton,"Dennis Prehn, Sussie Steindal","Jens Eriksen, Katrine Amdi Jensen","29448, 42550","8790, 51548","17-21, 15-21",away,Herlev Badminton,
2020,1,1,-3,13219,3. division,Pulje 4,385741,2 19-09-2020,2. MD,2,MD,Værløse 4,Herlev Badminton,"Kenn Blæsbjerg Christensen, Mikkeline Marcetto Nielsen","Jonas Nielsen, Mie Falkenberg","319834, 165223","31192, 62177","7-21, 8-21",away,Herlev Badminton,
2020,1,1,-3,13219,3. division,Pulje 4,385741,2 19-09-2020,1. DS,1,DS,Værløse 4,Herlev Badminton,Katja Jensen,Michala Weng Petersen,156272,47743,"18-21, 21-17, 14-21",away,Herlev Badminton,
2020,1,1,-3,13219,3. division,Pulje 4,385741,2 19-09-2020,2. DS,2,DS,Værløse 4,Herlev Badminton,Freya Larsen Moltsen,Line Nielsen,245342,60284,"9-21, 11-21",away,Herlev Badminton,
2020,1,1,-3,13219,3. division,Pulje 4,385741,2 19-09-2020,1. HS,1,HS,Værløse 4,Herlev Badminton,Niklas Hoff,Andreas Juhl,13115,38563,"21-13, 27-25",home,Værløse 4,
2020,1,1,-3,13219,3. division,Pulje 4,385741,2 19-09-2020,2. HS,2,HS,Værløse 4,Herlev Badminton,Jonas Rason,Johan la Cour Pind Schmidt,230807,197353,"21-11, 21-15",home,Værløse 4,
2020,1,1,-3,13219,3. division,Pulje 4,385741,2 19-09-2020,3. HS,3,HS,Værløse 4,Herlev Badminton,Phillip Jensen,Nicklas Laursen,45255,40848,"14-21, 20-22",away,Herlev Badminton,
2020,1,1,-3,13219,3. division,Pulje 4,385741,2 19-09-2020,4. HS,4,HS,Værløse 4,Herlev Badminton,Adam Ho,Kenneth Erichsen,246849,10061,"9-21, 17-21",away,Herlev Badminton,
2020,1,1,-3,13219,3. division,Pulje 4,385741,2 19-09-2020,1. DD,1,DD,Værløse 4,Herlev Badminton,"Sussie Steindal, Mikkeline Marcetto Nielsen","Mie Falkenberg, Michala Weng Petersen","42550, 165223","62177, 47743","13-21, 16-21",away,Herlev Badminton,
2020,1,1,-3,13219,3. division,Pulje 4,385741,2 19-09-2020,2. DD,2,DD,Værløse 4,Herlev Badminton,"Katja Jensen, Freya Larsen Moltsen","Katrine Amdi Jensen, Line Nielsen","156272, 245342","51548, 60284","10-21, 11-21",away,Herlev Badminton,
2020,1,1,-3,13219,3. division,Pulje 4,385741,2 19-09-2020,1. HD,1,HD,Værløse 4,Herlev Badminton,"Jonas Rason, Phillip Jensen","Andreas Juhl, Jonas Nielsen","230807, 45255","38563, 31192","15-21, 13-21",away,Herlev Badminton,
2020,1,1,-3,13219,3. division,Pulje 4,385741,2 19-09-2020,2. HD,2,HD,Værløse 4,Herlev Badminton,"Niklas Hoff, Dennis Prehn","Jens Eriksen, Johan la Cour Pind Schmidt","13115, 29448","8790, 197353","21-17, 14-21, 21-18",home,Værløse 4,
2020,1,1,-3,13219,3. division,Pulje 4,385741,2 19-09-2020,3. HD,3,HD,Værløse 4,Herlev Badminton,"Kenn Blæsbjerg Christensen, Adam Ho","Kenneth Erichsen, Nicklas Laursen","319834, 246849","10061, 40848","16-21, 14-21",away,Herlev Badminton,
2020,1,1,-3,13219,3. division,Pulje 4,385742,3 03-10-2020,1. MD,1,MD,Team Vejleå,Hvidovre 2,"Martin Kjellerup, Christina Mogensen","Oliver Lau Andersen, Rebecca Thorup","23805, 35935","85007, 91665","17-21, 18-21",away,Hvidovre 2,
2020,1,1,-3,13219,3. division,Pulje 4,385742,3 03-10-2020,2. MD,2,MD,Team Vejleå,Hvidovre 2,"Anders Heckmann, Tina Arentzen","Michael Poulsen, Drifa Hardardottir (EU)","11747, 29072","13818, 11439","10-21, 14-21",away,Hvidovre 2,
2020,1,1,-3,13219,3. division,Pulje 4,385742,3 03-10-2020,1. DS,1,DS,Team Vejleå,Hvidovre 2,Aiman Iqbal,Lene Clausen,242201,47756,"15-21, 7-21",away,Hvidovre 2,
2020,1,1,-3,13219,3. division,Pulje 4,385742,3 03-10-2020,2. DS,2,DS,Team Vejleå,Hvidovre 2,Hannah Clausen,Josefine Eggert Jackson,1700,212287,"10-21, 17-21",away,Hvidovre 2,
2020,1,1,-3,13219,3. division,Pulje 4,385742,3 03-10-2020,1. HS,1,HS,Team Vejleå,Hvidovre 2,Henrik S. Andersen,Shaun Ekengren (EU),23510,287015,"10-21, 14-21",away,Hvidovre 2,
2020,1,1,-3,13219,3. division,Pulje 4,385742,3 03-10-2020,2. HS,2,HS,Team Vejleå,Hvidovre 2,Mark Fasting Vistoft,Morten Stieper Bokelund,14076,31688,"21-12, 21-11",home,Team Vejleå,
2020,1,1,-3,13219,3. division,Pulje 4,385742,3 03-10-2020,3. HS,3,HS,Team Vejleå,Hvidovre 2,Jonas Svennevig,Andreas Simonsen,13346,36511,"10-21, 18-21",away,Hvidovre 2,
2020,1,1,-3,13219,3. division,Pulje 4,385742,3 03-10-2020,4. HS,4,HS,Team Vejleå,Hvidovre 2,Martin Stjernborg,Jonas Bjørnkjær,82,43521,"18-21, 12-21",away,Hvidovre 2,
2020,1,1,-3,13219,3. division,Pulje 4,385742,3 03-10-2020,1. DD,1,DD,Team Vejleå,Hvidovre 2,"Christina Mogensen, Tina Arentzen","Drifa Hardardottir (EU), Rebecca Thorup","35935, 29072","11439, 91665","22-20, 15-21, 16-21",away,Hvidovre 2,
2020,1,1,-3,13219,3. division,Pulje 4,385742,3 03-10-2020,2. DD,2,DD,Team Vejleå,Hvidovre 2,"Aiman Iqbal, Hannah Clausen","Lene Clausen, Josefine Eggert Jackson","242201, 1700","47756, 212287","13-21, 7-21",away,Hvidovre 2,
2020,1,1,-3,13219,3. division,Pulje 4,385742,3 03-10-2020,1. HD,1,HD,Team Vejleå,Hvidovre 2,"Jonas Svennevig, Mark Fasting Vistoft","Jonas Bjørnkjær, Andreas Simonsen","13346, 14076","43521, 36511","16-21, 20-22",away,Hvidovre 2,
2020,1,1,-3,13219,3. division,Pulje 4,385742,3 03-10-2020,2. HD,2,HD,Team Vejleå,Hvidovre 2,"Martin Kjellerup, Henrik S. Andersen","Shaun Ekengren (EU), Oliver Lau Andersen","23805, 23510","287015, 85007","14-21, 18-21",away,Hvidovre 2,
2020,1,1,-3,13219,3. division,Pulje 4,385742,3 03-10-2020,3. HD,3,HD,Team Vejleå,Hvidovre 2,"Martin Stjernborg, Anders Heckmann","Michael Poulsen, Morten Stieper Bokelund","82, 11747","13818, 31688","14-21, 21-13, 17-21",away,Hvidovre 2,
2020,1,1,-3,13219,3. division,Pulje 4,385743,3 03-10-2020,1. MD,1,MD,Værløse 4,Gentofte 3,"Mikkel Frantzen, Mikkeline Marcetto Nielsen","Niels Peter Johansen, Anne Gyde","92892, 165223","60027, 833","14-21, 17-21",away,Gentofte 3,
2020,1,1,-3,13219,3. division,Pulje 4,385743,3 03-10-2020,2. MD,2,MD,Værløse 4,Gentofte 3,"Dennis Prehn, Anne Solbjerg","Mads Sørensen, Isabella Ørding Kauffmann","29448, 13497","67477, 91605","21-19, 13-21, 17-21",away,Gentofte 3,
2020,1,1,-3,13219,3. division,Pulje 4,385743,3 03-10-2020,1. DS,1,DS,Værløse 4,Gentofte 3,Katja Jensen,Josephine Frost,156272,72069,"10-21, 5-21",away,Gentofte 3,
2020,1,1,-3,13219,3. division,Pulje 4,385743,3 03-10-2020,2. DS,2,DS,Værløse 4,Gentofte 3,Freya Larsen Moltsen,Caroline Brodersen,245342,77418,"5-21, 11-21",away,Gentofte 3,
2020,1,1,-3,13219,3. division,Pulje 4,385743,3 03-10-2020,1. HS,1,HS,Værløse 4,Gentofte 3,Niklas Hoff,Jacob Hjorth Jensen,13115,3159,"12-21, 15-21",away,Gentofte 3,
2020,1,1,-3,13219,3. division,Pulje 4,385743,3 03-10-2020,2. HS,2,HS,Værløse 4,Gentofte 3,Jonas Rason,Marcus Bøgebjerg,230807,88852,"15-21, 16-21",away,Gentofte 3,
2020,1,1,-3,13219,3. division,Pulje 4,385743,3 03-10-2020,3. HS,3,HS,Værløse 4,Gentofte 3,Phillip Jensen,Jeppe Lehwald,45255,88351,"14-21, 17-21",away,Gentofte 3,
2020,1,1,-3,13219,3. division,Pulje 4,385743,3 03-10-2020,4. HS,4,HS,Værløse 4,Gentofte 3,Alexandar Prip Hansen,Karl Thor Søndergaard,255713,86898,"18-21, 13-21",away,Gentofte 3,
2020,1,1,-3,13219,3. division,Pulje 4,385743,3 03-10-2020,1. DD,1,DD,Værløse 4,Gentofte 3,"Freya Larsen Moltsen, Mikkeline Marcetto Nielsen","Caroline Brodersen, Josephine Frost","245342, 165223","77418, 72069","4-21, 8-21",away,Gentofte 3,
2020,1,1,-3,13219,3. division,Pulje 4,385743,3 03-10-2020,2. DD,2,DD,Værløse 4,Gentofte 3,"Katja Jensen, Anne Solbjerg","Anne Gyde, Isabella Ørding Kauffmann","156272, 13497","833, 91605","10-21, 14-21",away,Gentofte 3,
2020,1,1,-3,13219,3. division,Pulje 4,385743,3 03-10-2020,1. HD,1,HD,Værløse 4,Gentofte 3,"Phillip Jensen, Jonas Rason","Karl Thor Søndergaard, Niels Peter Johansen","45255, 230807","86898, 60027","17-21, 21-16, 7-21",away,Gentofte 3,
2020,1,1,-3,13219,3. division,Pulje 4,385743,3 03-10-2020,2. HD,2,HD,Værløse 4,Gentofte 3,"Niklas Hoff, Dennis Prehn","Marcus Bøgebjerg, Jeppe Lehwald","13115, 29448","88852, 88351","21-18, 16-21, 22-20",home,Værløse 4,
2020,1,1,-3,13219,3. division,Pulje 4,385743,3 03-10-2020,3. HD,3,HD,Værløse 4,Gentofte 3,"Mikkel Frantzen, Alexandar Prip Hansen","Mads Sørensen, Jacob Hjorth Jensen","92892, 255713","67477, 3159","21-23, 8-21",away,Gentofte 3,
2020,1,1,-3,13219,3. division,Pulje 4,385744,3 03-10-2020,1. MD,1,MD,Herlev Badminton,Solrød Strand 4,"Jens Eriksen, Katrine Amdi Jensen","Daniel Belisario, Amanda Abildgaard","8790, 51548","1861, 158752","21-19, 18-21, 16-21",away,Solrød Strand 4,
2020,1,1,-3,13219,3. division,Pulje 4,385744,3 03-10-2020,2. MD,2,MD,Herlev Badminton,Solrød Strand 4,"Jonas Nielsen, Mie Falkenberg","Jonathan Melgaard, Kathrine Vang Rasmussen","31192, 62177","94046, 94180","25-23, 21-10",home,Herlev Badminton,
2020,1,1,-3,13219,3. division,Pulje 4,385744,3 03-10-2020,1. DS,1,DS,Herlev Badminton,Solrød Strand 4,Michala Weng Petersen,Christina Aagaard,47743,14312,"16-21, 7-21",away,Solrød Strand 4,
2020,1,1,-3,13219,3. division,Pulje 4,385744,3 03-10-2020,2. DS,2,DS,Herlev Badminton,Solrød Strand 4,Line Nielsen,Ida Marie Winther,60284,91803,"9-21, 5-21",away,Solrød Strand 4,
2020,1,1,-3,13219,3. division,Pulje 4,385744,3 03-10-2020,1. HS,1,HS,Herlev Badminton,Solrød Strand 4,Johan la Cour Pind Schmidt,Phillip Ørbæk,197353,25886,"15-21, 17-21",away,Solrød Strand 4,
2020,1,1,-3,13219,3. division,Pulje 4,385744,3 03-10-2020,2. HS,2,HS,Herlev Badminton,Solrød Strand 4,Andreas Juhl,Malte Thyregod,38563,75871,"21-19, 21-17",home,Herlev Badminton,
2020,1,1,-3,13219,3. division,Pulje 4,385744,3 03-10-2020,3. HS,3,HS,Herlev Badminton,Solrød Strand 4,Bo Zølner,Frederik Flindt,57896,77585,"17-21, 11-21",away,Solrød Strand 4,
2020,1,1,-3,13219,3. division,Pulje 4,385744,3 03-10-2020,4. HS,4,HS,Herlev Badminton,Solrød Strand 4,Mathias Amdi Jensen,Johan Juel Andersen,29386,206949,"21-16, 22-20",home,Herlev Badminton,
2020,1,1,-3,13219,3. division,Pulje 4,385744,3 03-10-2020,1. DD,1,DD,Herlev Badminton,Solrød Strand 4,"Michala Weng Petersen, Mie Falkenberg","Amanda Abildgaard, Kathrine Vang Rasmussen","47743, 62177","158752, 94180","14-21, 18-21",away,Solrød Strand 4,
2020,1,1,-3,13219,3. division,Pulje 4,385744,3 03-10-2020,2. DD,2,DD,Herlev Badminton,Solrød Strand 4,"Katrine Amdi Jensen, Line Nielsen","Christina Aagaard, Ida Marie Winther","51548, 60284","14312, 91803","14-21, 19-21",away,Solrød Strand 4,
2020,1,1,-3,13219,3. division,Pulje 4,385744,3 03-10-2020,1. HD,1,HD,Herlev Badminton,Solrød Strand 4,"Jens Eriksen, Jonas Nielsen","Daniel Belisario, Phillip Ørbæk","8790, 31192","1861, 25886","21-11, 21-18",home,Herlev Badminton,
2020,1,1,-3,13219,3. division,Pulje 4,385744,3 03-10-2020,2. HD,2,HD,Herlev Badminton,Solrød Strand 4,"Andreas Juhl, Mathias Amdi Jensen","Malte Thyregod, Frederik Flindt","38563, 29386","75871, 77585","21-19, 9-21, 23-25",away,Solrød Strand 4,
2020,1,1,-3,13219,3. division,Pulje 4,385744,3 03-10-2020,3. HD,3,HD,Herlev Badminton,Solrød Strand 4,"Bo Zølner, Johan la Cour Pind Schmidt","Johan Juel Andersen, Jonathan Melgaard","57896, 197353","206949, 94046","13-21, 21-18, 21-23",away,Solrød Strand 4,
2020,1,1,-3,13219,3. division,Pulje 4,385745,3 03-10-2020,1. MD,1,MD,KMB2010 2,Holbæk 2,"Casper Nørsø Pedersen, Nicoline Pihl Pedersen","Lasse Sandal, Rikke Sandal","60600, 63264","82389, 73631","21-10, 21-12",home,KMB2010 2,
2020,1,1,-3,13219,3. division,Pulje 4,385745,3 03-10-2020,2. MD,2,MD,KMB2010 2,Holbæk 2,"Mathias Rud Pedersen, Camilla Bo Andersen","Rasmus Sandal, Pernille Lindorff Jensen","55666, 115612","39440, 22856","21-15, 21-12",home,KMB2010 2,
2020,1,1,-3,13219,3. division,Pulje 4,385745,3 03-10-2020,1. DS,1,DS,KMB2010 2,Holbæk 2,Michelle Andersen,Elena-Alexandra Diordiev (udl.),79299,317672,"22-20, 21-13",home,KMB2010 2,
2020,1,1,-3,13219,3. division,Pulje 4,385745,3 03-10-2020,2. DS,2,DS,KMB2010 2,Holbæk 2,Sine Nørby-Odgaard,Simone Sørensen,63731,237871,"21-17, 21-14",home,KMB2010 2,
2020,1,1,-3,13219,3. division,Pulje 4,385745,3 03-10-2020,1. HS,1,HS,KMB2010 2,Holbæk 2,Flemming Quach,Clemens Nielsen,47783,49807,"21-8, 21-8",home,KMB2010 2,
2020,1,1,-3,13219,3. division,Pulje 4,385745,3 03-10-2020,2. HS,2,HS,KMB2010 2,Holbæk 2,Philip Pavlowski Pedersen,Jonathan Grønbæk Andersen,33519,602,"21-10, 21-8",home,KMB2010 2,
2020,1,1,-3,13219,3. division,Pulje 4,385745,3 03-10-2020,3. HS,3,HS,KMB2010 2,Holbæk 2,Simon Bay,Rasmus Gundersen,132254,20095,"21-16, 21-13",home,KMB2010 2,
2020,1,1,-3,13219,3. division,Pulje 4,385745,3 03-10-2020,4. HS,4,HS,KMB2010 2,Holbæk 2,Jakob Stage,Andrzej Niczyporuk (EU),87340,318690,"21-10, 21-16",home,KMB2010 2,
2020,1,1,-3,13219,3. division,Pulje 4,385745,3 03-10-2020,1. DD,1,DD,KMB2010 2,Holbæk 2,"Nicoline Pihl Pedersen, Camilla Bo Andersen","Simone Sørensen, Elena-Alexandra Diordiev (udl.)","63264, 115612","237871, 317672","21-3, 21-6",home,KMB2010 2,
2020,1,1,-3,13219,3. division,Pulje 4,385745,3 03-10-2020,2. DD,2,DD,KMB2010 2,Holbæk 2,"Michelle Andersen, Sine Nørby-Odgaard","Rikke Sandal, Pernille Lindorff Jensen","79299, 63731","73631, 22856","21-16, 21-10",home,KMB2010 2,
2020,1,1,-3,13219,3. division,Pulje 4,385745,3 03-10-2020,1. HD,1,HD,KMB2010 2,Holbæk 2,"Casper Nørsø Pedersen, Mathias Rud Pedersen","Rasmus Gundersen, Lasse Sandal","60600, 55666","20095, 82389","21-7, 21-15",home,KMB2010 2,
2020,1,1,-3,13219,3. division,Pulje 4,385745,3 03-10-2020,2. HD,2,HD,KMB2010 2,Holbæk 2,"Flemming Quach, Philip Pavlowski Pedersen","Rasmus Sandal, Clemens Nielsen","47783, 33519","39440, 49807",,home,KMB2010 2,K
2020,1,1,-3,13219,3. division,Pulje 4,385745,3 03-10-2020,3. HD,3,HD,KMB2010 2,Holbæk 2,"Jakob Stage, Simon Bay","Andrzej Niczyporuk (EU), Jonathan Grønbæk Andersen","87340, 132254","318690, 602","21-10, 21-12",home,KMB2010 2,
2020,1,1,-3,13219,3. division,Pulje 4,385746,4 24-10-2020,1. MD,1,MD,Gentofte 3,Team Vejleå,"Niels Peter Johansen, Anne Pedersen","Martin Kjellerup, Christina Mogensen","60027, 13152","23805, 35935","21-17, 21-19",home,Gentofte 3,
2020,1,1,-3,13219,3. division,Pulje 4,385746,4 24-10-2020,2. MD,2,MD,Gentofte 3,Team Vejleå,"Mads Sørensen, Isabella Ørding Kauffmann","Anders Heckmann, Tina Arentzen","67477, 91605","11747, 29072","23-21, 21-12",home,Gentofte 3,
2020,1,1,-3,13219,3. division,Pulje 4,385746,4 24-10-2020,1. DS,1,DS,Gentofte 3,Team Vejleå,Josephine Frost,Aiman Iqbal,72069,242201,"21-13, 21-16",home,Gentofte 3,
2020,1,1,-3,13219,3. division,Pulje 4,385746,4 24-10-2020,2. DS,2,DS,Gentofte 3,Team Vejleå,Caroline Brodersen,Hannah Clausen,77418,1700,"21-16, 21-6",home,Gentofte 3,
2020,1,1,-3,13219,3. division,Pulje 4,385746,4 24-10-2020,1. HS,1,HS,Gentofte 3,Team Vejleå,Jacob Hjorth Jensen,Henrik S. Andersen,3159,23510,"21-10, 21-9",home,Gentofte 3,
2020,1,1,-3,13219,3. division,Pulje 4,385746,4 24-10-2020,2. HS,2,HS,Gentofte 3,Team Vejleå,Marcus Bøgebjerg,Mark Fasting Vistoft,88852,14076,"21-13, 21-11",home,Gentofte 3,
2020,1,1,-3,13219,3. division,Pulje 4,385746,4 24-10-2020,3. HS,3,HS,Gentofte 3,Team Vejleå,Jeppe Lehwald,Jonas Svennevig,88351,13346,"19-21, 21-17, 21-18",home,Gentofte 3,
2020,1,1,-3,13219,3. division,Pulje 4,385746,4 24-10-2020,4. HS,4,HS,Gentofte 3,Team Vejleå,Karl Thor Søndergaard,Martin Stjernborg,86898,82,"21-8, 21-8",home,Gentofte 3,
2020,1,1,-3,13219,3. division,Pulje 4,385746,4 24-10-2020,1. DD,1,DD,Gentofte 3,Team Vejleå,"Caroline Brodersen, Josephine Frost","Christina Mogensen, Tina Arentzen","77418, 72069","35935, 29072","21-13, 21-11",home,Gentofte 3,
2020,1,1,-3,13219,3. division,Pulje 4,385746,4 24-10-2020,2. DD,2,DD,Gentofte 3,Team Vejleå,"Anne Pedersen, Isabella Ørding Kauffmann","Aiman Iqbal, Hannah Clausen","13152, 91605","242201, 1700","21-18, 25-23",home,Gentofte 3,
2020,1,1,-3,13219,3. division,Pulje 4,385746,4 24-10-2020,1. HD,1,HD,Gentofte 3,Team Vejleå,"Karl Thor Søndergaard, Niels Peter Johansen","Mark Fasting Vistoft, Jonas Svennevig","86898, 60027","14076, 13346","21-17, 21-16",home,Gentofte 3,
2020,1,1,-3,13219,3. division,Pulje 4,385746,4 24-10-2020,2. HD,2,HD,Gentofte 3,Team Vejleå,"Marcus Bøgebjerg, Jeppe Lehwald","Martin Kjellerup, Henrik S. Andersen","88852, 88351","23805, 23510","21-11, 21-18",home,Gentofte 3,
2020,1,1,-3,13219,3. division,Pulje 4,385746,4 24-10-2020,3. HD,3,HD,Gentofte 3,Team Vejleå,"Jacob Hjorth Jensen, Mads Sørensen","Anders Heckmann, Martin Stjernborg","3159, 67477","11747, 82","21-10, 21-8",home,Gentofte 3,
2020,1,1,-3,13219,3. division,Pulje 4,385747,4 24-10-2020,1. MD,1,MD,Solrød Strand 4,Værløse 4,"Daniel Belisario, Tina Reese Sørensen","Dennis Prehn, Maria Alm","1861, 12188","29448, 13837","18-21, 18-21",away,Værløse 4,
2020,1,1,-3,13219,3. division,Pulje 4,385747,4 24-10-2020,2. MD,2,MD,Solrød Strand 4,Værløse 4,"Jonathan Melgaard, Emilie Bang","Niklas Hoff, Mikkeline Marcetto Nielsen","94046, 267174","13115, 165223","21-18, 14-21, 6-21",away,Værløse 4,
2020,1,1,-3,13219,3. division,Pulje 4,385747,4 24-10-2020,1. DS,1,DS,Solrød Strand 4,Værløse 4,Kathrine Vang Rasmussen,Katja Jensen,94180,156272,"21-14, 21-5",home,Solrød Strand 4,
2020,1,1,-3,13219,3. division,Pulje 4,385747,4 24-10-2020,2. DS,2,DS,Solrød Strand 4,Værløse 4,Ida Marie Winther,Freya Larsen Moltsen,91803,245342,"21-7, 21-16",home,Solrød Strand 4,
2020,1,1,-3,13219,3. division,Pulje 4,385747,4 24-10-2020,1. HS,1,HS,Solrød Strand 4,Værløse 4,Frederik Flindt,Martin Grue Andreassen,77585,73114,"16-21, 18-21",away,Værløse 4,
2020,1,1,-3,13219,3. division,Pulje 4,385747,4 24-10-2020,2. HS,2,HS,Solrød Strand 4,Værløse 4,Johan Juel Andersen,Jonas Rason,206949,230807,"18-21, 21-13, 21-13",home,Solrød Strand 4,
2020,1,1,-3,13219,3. division,Pulje 4,385747,4 24-10-2020,3. HS,3,HS,Solrød Strand 4,Værløse 4,Sebastian Mikkelsen,Phillip Jensen,215418,45255,"21-11, 21-8",home,Solrød Strand 4,
2020,1,1,-3,13219,3. division,Pulje 4,385747,4 24-10-2020,4. HS,4,HS,Solrød Strand 4,Værløse 4,Andreas Beyer,Alexandar Prip Hansen,81271,255713,"21-16, 17-21, 21-14",home,Solrød Strand 4,
2020,1,1,-3,13219,3. division,Pulje 4,385747,4 24-10-2020,1. DD,1,DD,Solrød Strand 4,Værløse 4,"Ida Marie Winther, Kathrine Vang Rasmussen","Maria Alm, Mikkeline Marcetto Nielsen","91803, 94180","13837, 165223","21-7, 21-14",home,Solrød Strand 4,
2020,1,1,-3,13219,3. division,Pulje 4,385747,4 24-10-2020,2. DD,2,DD,Solrød Strand 4,Værløse 4,"Emilie Bang, Tina Reese Sørensen","Katja Jensen, Freya Larsen Moltsen","267174, 12188","156272, 245342","21-5, 21-7",home,Solrød Strand 4,
2020,1,1,-3,13219,3. division,Pulje 4,385747,4 24-10-2020,1. HD,1,HD,Solrød Strand 4,Værløse 4,"Daniel Belisario, Frederik Flindt","Dennis Prehn, Niklas Hoff","1861, 77585","29448, 13115","18-21, 14-21",away,Værløse 4,
2020,1,1,-3,13219,3. division,Pulje 4,385747,4 24-10-2020,2. HD,2,HD,Solrød Strand 4,Værløse 4,"Johan Juel Andersen, Jonathan Melgaard","Jonas Rason, Phillip Jensen","206949, 94046","230807, 45255","21-19, 21-18",home,Solrød Strand 4,
2020,1,1,-3,13219,3. division,Pulje 4,385747,4 24-10-2020,3. HD,3,HD,Solrød Strand 4,Værløse 4,"Andreas Beyer, Sebastian Mikkelsen","Martin Grue Andreassen, Alexandar Prip Hansen","81271, 215418","73114, 255713","22-20, 21-11",home,Solrød Strand 4,
2020,1,1,-3,13219,3. division,Pulje 4,385748,4 24-10-2020,1. MD,1,MD,Holbæk 2,Herlev Badminton,"Lasse Sandal, Rikke Sandal","Jens Eriksen, Katrine Amdi Jensen","82389, 73631","8790, 51548","21-14, 16-21, 12-21",away,Herlev Badminton,
2020,1,1,-3,13219,3. division,Pulje 4,385748,4 24-10-2020,2. MD,2,MD,Holbæk 2,Herlev Badminton,"Rasmus Sandal, Pernille Lindorff Jensen","Jonas Nielsen, Mie Falkenberg","39440, 22856","31192, 62177","13-21, 7-21",away,Herlev Badminton,
2020,1,1,-3,13219,3. division,Pulje 4,385748,4 24-10-2020,1. DS,1,DS,Holbæk 2,Herlev Badminton,Elena-Alexandra Diordiev (udl.),Michala Weng Petersen,317672,47743,"21-11, 19-21, 21-8",home,Holbæk 2,
2020,1,1,-3,13219,3. division,Pulje 4,385748,4 24-10-2020,2. DS,2,DS,Holbæk 2,Herlev Badminton,Simone Sørensen,Frederikke Jespersgaard,237871,76115,"7-21, 14-21",away,Herlev Badminton,
2020,1,1,-3,13219,3. division,Pulje 4,385748,4 24-10-2020,1. HS,1,HS,Holbæk 2,Herlev Badminton,Clemens Nielsen,Kim Bruun,49807,56896,"7-21, 12-21",away,Herlev Badminton,
2020,1,1,-3,13219,3. division,Pulje 4,385748,4 24-10-2020,2. HS,2,HS,Holbæk 2,Herlev Badminton,Rasmus Gundersen,Andreas Juhl,20095,38563,"13-21, 13-20",away,Herlev Badminton,(2)
2020,1,1,-3,13219,3. division,Pulje 4,385748,4 24-10-2020,3. HS,3,HS,Holbæk 2,Herlev Badminton,Thomas Sandal,Johan la Cour Pind Schmidt,62632,197353,"23-21, 19-21, 20-19",away,Herlev Badminton,(2)
2020,1,1,-3,13219,3. division,Pulje 4,385748,4 24-10-2020,4. HS,4,HS,Holbæk 2,Herlev Badminton,Andrzej Niczyporuk (EU),Mathias Amdi Jensen,318690,29386,"21-18, 20-12",away,Herlev Badminton,(2)
2020,1,1,-3,13219,3. division,Pulje 4,385748,4 24-10-2020,1. DD,1,DD,Holbæk 2,Herlev Badminton,"Simone Sørensen, Elena-Alexandra Diordiev (udl.)","Michala Weng Petersen, Mie Falkenberg","237871, 317672","47743, 62177","19-21, 21-18, 14-21",away,Herlev Badminton,
2020,1,1,-3,13219,3. division,Pulje 4,385748,4 24-10-2020,2. DD,2,DD,Holbæk 2,Herlev Badminton,"Rikke Sandal, Pernille Lindorff Jensen","Katrine Amdi Jensen, Frederikke Jespersgaard","73631, 22856","51548, 76115","17-21, 11-21",away,Herlev Badminton,
2020,1,1,-3,13219,3. division,Pulje 4,385748,4 24-10-2020,1. HD,1,HD,Holbæk 2,Herlev Badminton,"Thomas Sandal, Lasse Sandal","Kim Bruun, Jonas Nielsen","62632, 82389","56896, 31192","21-19, 19-21, 23-21",home,Holbæk 2,
2020,1,1,-3,13219,3. division,Pulje 4,385748,4 24-10-2020,2. HD,2,HD,Holbæk 2,Herlev Badminton,"Rasmus Gundersen, Clemens Nielsen","Jens Eriksen, Johan la Cour Pind Schmidt","20095, 49807","8790, 197353","21-16, 20-16",away,Herlev Badminton,(2)
2020,1,1,-3,13219,3. division,Pulje 4,385748,4 24-10-2020,3. HD,3,HD,Holbæk 2,Herlev Badminton,"Rasmus Sandal, Andrzej Niczyporuk (EU)","Andreas Juhl, Mathias Amdi Jensen","39440, 318690","38563, 29386","13-21, 18-20",away,Herlev Badminton,(2)
2020,1,1,-3,13219,3. division,Pulje 4,385749,4 24-10-2020,1. MD,1,MD,Hvidovre 2,KMB2010 2,"Michael Poulsen, Drifa Hardardottir (EU)","Casper Nørsø Pedersen, Nicoline Pihl Pedersen","13818, 11439","60600, 63264","21-13, 21-14",home,Hvidovre 2,
2020,1,1,-3,13219,3. division,Pulje 4,385749,4 24-10-2020,2. MD,2,MD,Hvidovre 2,KMB2010 2,"Tobias Stegman Rønbøg, Rebecca Thorup","Mathias Rud Pedersen, Camilla Bo Andersen","132200, 91665","55666, 115612","21-17, 14-21, 17-21",away,KMB2010 2,
2020,1,1,-3,13219,3. division,Pulje 4,385749,4 24-10-2020,1. DS,1,DS,Hvidovre 2,KMB2010 2,Lene Clausen,Michelle Andersen,47756,79299,"21-7, 21-13",home,Hvidovre 2,
2020,1,1,-3,13219,3. division,Pulje 4,385749,4 24-10-2020,2. DS,2,DS,Hvidovre 2,KMB2010 2,Ann-Sofie Husher Ruus,Sine Nørby-Odgaard,2454,63731,"21-12, 17-21, 23-25",away,KMB2010 2,
2020,1,1,-3,13219,3. division,Pulje 4,385749,4 24-10-2020,1. HS,1,HS,Hvidovre 2,KMB2010 2,Nicolaj J. Wolf,Flemming Quach,2510,47783,"12-21, 16-21",away,KMB2010 2,
2020,1,1,-3,13219,3. division,Pulje 4,385749,4 24-10-2020,2. HS,2,HS,Hvidovre 2,KMB2010 2,Tobias Rhein Larsen,Rasmus Rylander,167474,69929,"17-21, 21-13, 15-21",away,KMB2010 2,
2020,1,1,-3,13219,3. division,Pulje 4,385749,4 24-10-2020,3. HS,3,HS,Hvidovre 2,KMB2010 2,Andreas Simonsen,Simon Bay,36511,132254,"17-21, 11-21",away,KMB2010 2,
2020,1,1,-3,13219,3. division,Pulje 4,385749,4 24-10-2020,4. HS,4,HS,Hvidovre 2,KMB2010 2,Jonas Bjørnkjær,Jakob Stage,43521,87340,"17-21, 20-22",away,KMB2010 2,
2020,1,1,-3,13219,3. division,Pulje 4,385749,4 24-10-2020,1. DD,1,DD,Hvidovre 2,KMB2010 2,"Lene Clausen, Ann-Sofie Husher Ruus","Nicoline Pihl Pedersen, Camilla Bo Andersen","47756, 2454","63264, 115612","21-15, 21-16",home,Hvidovre 2,
2020,1,1,-3,13219,3. division,Pulje 4,385749,4 24-10-2020,2. DD,2,DD,Hvidovre 2,KMB2010 2,"Rebecca Thorup, Drifa Hardardottir (EU)","Michelle Andersen, Sine Nørby-Odgaard","91665, 11439","79299, 63731","20-22, 21-19, 13-21",away,KMB2010 2,
2020,1,1,-3,13219,3. division,Pulje 4,385749,4 24-10-2020,1. HD,1,HD,Hvidovre 2,KMB2010 2,"Jonas Bjørnkjær, Andreas Simonsen","Casper Nørsø Pedersen, Mathias Rud Pedersen","43521, 36511","60600, 55666","14-21, 15-21",away,KMB2010 2,
2020,1,1,-3,13219,3. division,Pulje 4,385749,4 24-10-2020,2. HD,2,HD,Hvidovre 2,KMB2010 2,"Nicolaj J. Wolf, Michael Poulsen","Flemming Quach, Rasmus Rylander","2510, 13818","47783, 69929","10-21, 21-19, 14-21",away,KMB2010 2,
2020,1,1,-3,13219,3. division,Pulje 4,385749,4 24-10-2020,3. HD,3,HD,Hvidovre 2,KMB2010 2,"Tobias Rhein Larsen, Tobias Stegman Rønbøg","Simon Bay, Jakob Stage","167474, 132200","132254, 87340","23-21, 18-21, 21-17",home,Hvidovre 2,
2020,1,1,-3,13224,Danmarksserien,Pulje 1,385622,1 05-09-2020,1. MD,1,MD,Christiansbjerg,Viby J 3,"Patrick Larsen, Tine Gregersen","Kristoffer Weesgaard, Josephine Ø. Lund","42410, 13333","83028, 3146","16-21, 15-21",away,Viby J 3,
2020,1,1,-3,13224,Danmarksserien,Pulje 1,385622,1 05-09-2020,2. MD,2,MD,Christiansbjerg,Viby J 3,"Thomas Nygaard, Jade Wittenkamp","Philip Skou Ernstsen, Cecilie Thygesen Clingman","13583, 76807","87059, 78134","11-21, 18-21",away,Viby J 3,
2020,1,1,-3,13224,Danmarksserien,Pulje 1,385622,1 05-09-2020,1. DS,1,DS,Christiansbjerg,Viby J 3,Anne Birkeholm Jensen,Katja Thorup Aaen,21376,64183,"15-21, 21-17, 14-21",away,Viby J 3,
2020,1,1,-3,13224,Danmarksserien,Pulje 1,385622,1 05-09-2020,2. DS,2,DS,Christiansbjerg,Viby J 3,Michelle Nielsen,Amalie Bugtrup,158968,197450,"12-21, 17-21",away,Viby J 3,
2020,1,1,-3,13224,Danmarksserien,Pulje 1,385622,1 05-09-2020,1. HS,1,HS,Christiansbjerg,Viby J 3,Mikkel Bisgaard,Emil Klose Nielsen,69021,65780,"21-18, 22-20",home,Christiansbjerg,
2020,1,1,-3,13224,Danmarksserien,Pulje 1,385622,1 05-09-2020,2. HS,2,HS,Christiansbjerg,Viby J 3,Barnabas Horvath (EU),Daniel Roger Jensen,305666,196642,"11-21, 13-21",away,Viby J 3,
2020,1,1,-3,13224,Danmarksserien,Pulje 1,385622,1 05-09-2020,3. HS,3,HS,Christiansbjerg,Viby J 3,Jakob Nordtorp,Kasper Funch Dubery,68949,89129,"21-19, 18-21, 15-21",away,Viby J 3,
2020,1,1,-3,13224,Danmarksserien,Pulje 1,385622,1 05-09-2020,4. HS,4,HS,Christiansbjerg,Viby J 3,Frederik Høeg Andersen,Frederik Selvejer Larsen,71228,75683,"18-21, 14-21",away,Viby J 3,
2020,1,1,-3,13224,Danmarksserien,Pulje 1,385622,1 05-09-2020,1. DD,1,DD,Christiansbjerg,Viby J 3,"Anne Birkeholm Jensen, Jade Wittenkamp","Cecilie Thygesen Clingman, Amalie Bugtrup","21376, 76807","78134, 197450","21-12, 17-21, 16-21",away,Viby J 3,
2020,1,1,-3,13224,Danmarksserien,Pulje 1,385622,1 05-09-2020,2. DD,2,DD,Christiansbjerg,Viby J 3,"Michelle Nielsen, Tine Gregersen","Katja Thorup Aaen, Josephine Ø. Lund","158968, 13333","64183, 3146","12-21, 21-19, 21-12",home,Christiansbjerg,
2020,1,1,-3,13224,Danmarksserien,Pulje 1,385622,1 05-09-2020,1. HD,1,HD,Christiansbjerg,Viby J 3,"Mikkel Bisgaard, Thomas Nygaard","Emil Klose Nielsen, Frederik Selvejer Larsen","69021, 13583","65780, 75683","13-21, 14-21",away,Viby J 3,
2020,1,1,-3,13224,Danmarksserien,Pulje 1,385622,1 05-09-2020,2. HD,2,HD,Christiansbjerg,Viby J 3,"Patrick Larsen, Jakob Nordtorp","Kristoffer Weesgaard, Philip Skou Ernstsen","42410, 68949","83028, 87059","17-21, 16-21",away,Viby J 3,
2020,1,1,-3,13224,Danmarksserien,Pulje 1,385622,1 05-09-2020,3. HD,3,HD,Christiansbjerg,Viby J 3,"Frederik Høeg Andersen, Barnabas Horvath (EU)","Daniel Roger Jensen, Kasper Funch Dubery","71228, 305666","196642, 89129",,away,Viby J 3,V
2020,1,1,-3,13224,Danmarksserien,Pulje 1,385623,1 05-09-2020,1. MD,1,MD,Aalborg Triton 3,Team Favrskov 2,"Kasper Røjkjær Kjøbsted, Mia Rosenberg","Rasmus Lauenborg, Mette Stendrup Stenbroen","94985, 244669","211407, 11696","21-12, 21-15",home,Aalborg Triton 3,
2020,1,1,-3,13224,Danmarksserien,Pulje 1,385623,1 05-09-2020,2. MD,2,MD,Aalborg Triton 3,Team Favrskov 2,"Rasmus Madsen, Josefine Gudmundsen","Rene Jensen, Sara Stensdal","12979, 80218","8775, 14306","21-18, 21-19",home,Aalborg Triton 3,
2020,1,1,-3,13224,Danmarksserien,Pulje 1,385623,1 05-09-2020,1. DS,1,DS,Aalborg Triton 3,Team Favrskov 2,Anna Klausholm,Eva Himmelstrup Hansen,230766,79303,"21-16, 21-17",home,Aalborg Triton 3,
2020,1,1,-3,13224,Danmarksserien,Pulje 1,385623,1 05-09-2020,2. DS,2,DS,Aalborg Triton 3,Team Favrskov 2,Camilla Quist Slott,Laura Skjødeberg Almind,92014,132179,"21-16, 22-20",home,Aalborg Triton 3,
2020,1,1,-3,13224,Danmarksserien,Pulje 1,385623,1 05-09-2020,1. HS,1,HS,Aalborg Triton 3,Team Favrskov 2,Mads Pedersen,Rune Tøttrup Jørgensen,59565,82845,"21-13, 21-17",home,Aalborg Triton 3,
2020,1,1,-3,13224,Danmarksserien,Pulje 1,385623,1 05-09-2020,2. HS,2,HS,Aalborg Triton 3,Team Favrskov 2,Malthe Goosmann,Anders Schaiffel-Nielsen,81306,1704,"15-21, 16-21",away,Team Favrskov 2,
2020,1,1,-3,13224,Danmarksserien,Pulje 1,385623,1 05-09-2020,3. HS,3,HS,Aalborg Triton 3,Team Favrskov 2,Nicklas Lennø Weesgaard,Peter K. Thomsen,165102,87197,"21-13, 21-23, 20-22",away,Team Favrskov 2,
2020,1,1,-3,13224,Danmarksserien,Pulje 1,385623,1 05-09-2020,4. HS,4,HS,Aalborg Triton 3,Team Favrskov 2,Martin Steffensen,Hans-Henning Lundberg,11260,162553,"21-10, 21-16",home,Aalborg Triton 3,
2020,1,1,-3,13224,Danmarksserien,Pulje 1,385623,1 05-09-2020,1. DD,1,DD,Aalborg Triton 3,Team Favrskov 2,"Anna Klausholm, Mia Rosenberg","Sara Stensdal, Mette Stendrup Stenbroen","230766, 244669","14306, 11696","21-18, 21-17",home,Aalborg Triton 3,
2020,1,1,-3,13224,Danmarksserien,Pulje 1,385623,1 05-09-2020,2. DD,2,DD,Aalborg Triton 3,Team Favrskov 2,"Josefine Gudmundsen, Camilla Quist Slott","Laura Skjødeberg Almind, Eva Himmelstrup Hansen","80218, 92014","132179, 79303","21-18, 18-21, 18-21",away,Team Favrskov 2,
2020,1,1,-3,13224,Danmarksserien,Pulje 1,385623,1 05-09-2020,1. HD,1,HD,Aalborg Triton 3,Team Favrskov 2,"Mads Pedersen, Rasmus Madsen","Anders Schaiffel-Nielsen, Rasmus Lauenborg","59565, 12979","1704, 211407","18-21, 21-13, 21-17",home,Aalborg Triton 3,
2020,1,1,-3,13224,Danmarksserien,Pulje 1,385623,1 05-09-2020,2. HD,2,HD,Aalborg Triton 3,Team Favrskov 2,"Kasper Røjkjær Kjøbsted, Malthe Goosmann","Rune Tøttrup Jørgensen, Peter K. Thomsen","94985, 81306","82845, 87197","21-14, 21-18",home,Aalborg Triton 3,
2020,1,1,-3,13224,Danmarksserien,Pulje 1,385623,1 05-09-2020,3. HD,3,HD,Aalborg Triton 3,Team Favrskov 2,"Nicklas Lennø Weesgaard, Martin Steffensen","Rene Jensen, Hans-Henning Lundberg","165102, 11260","8775, 162553","21-19, 21-12",home,Aalborg Triton 3,
2020,1,1,-3,13224,Danmarksserien,Pulje 1,385624,1 05-09-2020,1. MD,1,MD,Langhøj,Aarhus AB 3,"Peder Søvndal, Ann Kragh Jensen","Alexander Høglund, Jenni Olesen","74270, 7329","85882, 420","12-21, 12-21",away,Aarhus AB 3,
2020,1,1,-3,13224,Danmarksserien,Pulje 1,385624,1 05-09-2020,2. MD,2,MD,Langhøj,Aarhus AB 3,"Jeppe Baunsgård Kristensen, Michaela Moravcova","Sebastian Thrane, Bolette Blomgren","159462, 324971","65091, 2787","22-24, 24-22, 21-15",home,Langhøj,
2020,1,1,-3,13224,Danmarksserien,Pulje 1,385624,1 05-09-2020,1. DS,1,DS,Langhøj,Aarhus AB 3,Tereza Svabikova (EU),Sofie Kirstine Bechmann Sørensen,287023,178368,"21-7, 21-12",home,Langhøj,
2020,1,1,-3,13224,Danmarksserien,Pulje 1,385624,1 05-09-2020,2. DS,2,DS,Langhøj,Aarhus AB 3,Marie Ruzickova (EU),Lærke Brandt Hansen,310002,91696,"21-18, 21-15",home,Langhøj,
2020,1,1,-3,13224,Danmarksserien,Pulje 1,385624,1 05-09-2020,1. HS,1,HS,Langhøj,Aarhus AB 3,Oskar Klausholm,Thomas Jensen,213389,43102,"21-9, 21-18",home,Langhøj,
2020,1,1,-3,13224,Danmarksserien,Pulje 1,385624,1 05-09-2020,2. HS,2,HS,Langhøj,Aarhus AB 3,Maciej Poulakowski (EU),Frederik Godt Hansen,263730,57665,"21-17, 21-15",home,Langhøj,
2020,1,1,-3,13224,Danmarksserien,Pulje 1,385624,1 05-09-2020,3. HS,3,HS,Langhøj,Aarhus AB 3,Mads Kjærgaard Mathiasen,Sylvester Rønn Andersen,75619,211676,"21-12, 21-2",home,Langhøj,
2020,1,1,-3,13224,Danmarksserien,Pulje 1,385624,1 05-09-2020,4. HS,4,HS,Langhøj,Aarhus AB 3,Sebastian Lassen Nielsen,Markus Risgaard,251230,227054,"21-15, 21-8",home,Langhøj,
2020,1,1,-3,13224,Danmarksserien,Pulje 1,385624,1 05-09-2020,1. DD,1,DD,Langhøj,Aarhus AB 3,"Tereza Svabikova (EU), Ann Kragh Jensen","Jenni Olesen, Bolette Blomgren","287023, 7329","420, 2787","16-21, 18-21",away,Aarhus AB 3,
2020,1,1,-3,13224,Danmarksserien,Pulje 1,385624,1 05-09-2020,2. DD,2,DD,Langhøj,Aarhus AB 3,"Marie Ruzickova (EU), Michaela Moravcova","Sofie Kirstine Bechmann Sørensen, Lærke Brandt Hansen","310002, 324971","178368, 91696","19-21, 17-21",away,Aarhus AB 3,
2020,1,1,-3,13224,Danmarksserien,Pulje 1,385624,1 05-09-2020,1. HD,1,HD,Langhøj,Aarhus AB 3,"Peder Søvndal, Mads Kjærgaard Mathiasen","Alexander Høglund, Thomas Jensen","74270, 75619","85882, 43102","21-17, 21-17",home,Langhøj,
2020,1,1,-3,13224,Danmarksserien,Pulje 1,385624,1 05-09-2020,2. HD,2,HD,Langhøj,Aarhus AB 3,"Maciej Poulakowski (EU), Oskar Klausholm","Sebastian Thrane, Frederik Godt Hansen","263730, 213389","65091, 57665","21-7, 21-12",home,Langhøj,
2020,1,1,-3,13224,Danmarksserien,Pulje 1,385624,1 05-09-2020,3. HD,3,HD,Langhøj,Aarhus AB 3,"Jeppe Baunsgård Kristensen, Sebastian Lassen Nielsen","Markus Risgaard, Sylvester Rønn Andersen","159462, 251230","227054, 211676","21-14, 21-18",home,Langhøj,
2020,1,1,-3,13224,Danmarksserien,Pulje 1,385625,1 05-09-2020,1. MD,1,MD,Skalborg SK,Brønderslev,,"Quinten Van Dalm, Christina Vejby Larsen",,"9559, 93588",,away,Brønderslev,
2020,1,1,-3,13224,Danmarksserien,Pulje 1,385625,1 05-09-2020,2. MD,2,MD,Skalborg SK,Brønderslev,,"Thomas Bang Røjkjær, Janne Skov Ellegaard",,"12500, 10574",,away,Brønderslev,
2020,1,1,-3,13224,Danmarksserien,Pulje 1,385625,1 05-09-2020,1. DS,1,DS,Skalborg SK,Brønderslev,,Laura Schøn Christensen,,258253,,away,Brønderslev,
2020,1,1,-3,13224,Danmarksserien,Pulje 1,385625,1 05-09-2020,2. DS,2,DS,Skalborg SK,Brønderslev,,Maja Vad Madsen,,157426,,away,Brønderslev,
2020,1,1,-3,13224,Danmarksserien,Pulje 1,385625,1 05-09-2020,1. HS,1,HS,Skalborg SK,Brønderslev,,Martin Kjøbsted,,10250,,away,Brønderslev,
2020,1,1,-3,13224,Danmarksserien,Pulje 1,385625,1 05-09-2020,2. HS,2,HS,Skalborg SK,Brønderslev,,Frederik Majlund Christensen,,59378,,away,Brønderslev,
2020,1,1,-3,13224,Danmarksserien,Pulje 1,385625,1 05-09-2020,3. HS,3,HS,Skalborg SK,Brønderslev,,Emil Rantzau,,70463,,away,Brønderslev,
2020,1,1,-3,13224,Danmarksserien,Pulje 1,385625,1 05-09-2020,4. HS,4,HS,Skalborg SK,Brønderslev,,Thomas Ellegaard,,11519,,away,Brønderslev,
2020,1,1,-3,13224,Danmarksserien,Pulje 1,385625,1 05-09-2020,1. DD,1,DD,Skalborg SK,Brønderslev,,"Christina Vejby Larsen, Janne Skov Ellegaard",,"93588, 10574",,away,Brønderslev,
2020,1,1,-3,13224,Danmarksserien,Pulje 1,385625,1 05-09-2020,2. DD,2,DD,Skalborg SK,Brønderslev,,"Maja Vad Madsen, Laura Schøn Christensen",,"157426, 258253",,away,Brønderslev,
2020,1,1,-3,13224,Danmarksserien,Pulje 1,385625,1 05-09-2020,1. HD,1,HD,Skalborg SK,Brønderslev,,"Martin Kjøbsted, Thomas Bang Røjkjær",,"10250, 12500",,away,Brønderslev,
2020,1,1,-3,13224,Danmarksserien,Pulje 1,385625,1 05-09-2020,2. HD,2,HD,Skalborg SK,Brønderslev,,"Quinten Van Dalm, Frederik Majlund Christensen",,"9559, 59378",,away,Brønderslev,
2020,1,1,-3,13224,Danmarksserien,Pulje 1,385625,1 05-09-2020,3. HD,3,HD,Skalborg SK,Brønderslev,,"Emil Rantzau, Thomas Ellegaard",,"70463, 11519",,away,Brønderslev,
2020,1,1,-3,13224,Danmarksserien,Pulje 1,385626,2 19-09-2020,1. MD,1,MD,Aarhus AB 3,Christiansbjerg,"Alexander Høglund, Karoline Synnestvedt","Patrick Larsen, Jade Wittenkamp","85882, 75713","42410, 76807","21-11, 21-15",home,Aarhus AB 3,
2020,1,1,-3,13224,Danmarksserien,Pulje 1,385626,2 19-09-2020,2. MD,2,MD,Aarhus AB 3,Christiansbjerg,"Markus Risgaard, Bolette Blomgren","Jon Koch Hansen, Anne-Katrine Hansen","227054, 2787","162610, 58788","21-12, 21-13",home,Aarhus AB 3,
2020,1,1,-3,13224,Danmarksserien,Pulje 1,385626,2 19-09-2020,1. DS,1,DS,Aarhus AB 3,Christiansbjerg,Alberte Spure Nielsen,Anne Birkeholm Jensen,86806,21376,"21-16, 21-18",home,Aarhus AB 3,
2020,1,1,-3,13224,Danmarksserien,Pulje 1,385626,2 19-09-2020,2. DS,2,DS,Aarhus AB 3,Christiansbjerg,Sofie Kirstine Bechmann Sørensen,Anna Buur Thomsen,178368,49231,"21-15, 21-11",home,Aarhus AB 3,
2020,1,1,-3,13224,Danmarksserien,Pulje 1,385626,2 19-09-2020,1. HS,1,HS,Aarhus AB 3,Christiansbjerg,Andreas Als,Barnabas Horvath (EU),86405,305666,"21-8, 21-13",home,Aarhus AB 3,
2020,1,1,-3,13224,Danmarksserien,Pulje 1,385626,2 19-09-2020,2. HS,2,HS,Aarhus AB 3,Christiansbjerg,Mathias Kaas Ollendorf,Jakob Nordtorp,52631,68949,"21-18, 21-11",home,Aarhus AB 3,
2020,1,1,-3,13224,Danmarksserien,Pulje 1,385626,2 19-09-2020,3. HS,3,HS,Aarhus AB 3,Christiansbjerg,Thomas Jensen,Troels Gjørup,43102,69705,"21-7, 21-18",home,Aarhus AB 3,
2020,1,1,-3,13224,Danmarksserien,Pulje 1,385626,2 19-09-2020,4. HS,4,HS,Aarhus AB 3,Christiansbjerg,Frederik Godt Hansen,Thomas Nygaard,57665,13583,"21-17, 18-21, 22-20",home,Aarhus AB 3,
2020,1,1,-3,13224,Danmarksserien,Pulje 1,385626,2 19-09-2020,1. DD,1,DD,Aarhus AB 3,Christiansbjerg,"Alberte Spure Nielsen, Karoline Synnestvedt","Anna Buur Thomsen, Jade Wittenkamp","86806, 75713","49231, 76807","21-19, 21-13",home,Aarhus AB 3,
2020,1,1,-3,13224,Danmarksserien,Pulje 1,385626,2 19-09-2020,2. DD,2,DD,Aarhus AB 3,Christiansbjerg,"Bolette Blomgren, Sofie Kirstine Bechmann Sørensen","Anne Birkeholm Jensen, Anne-Katrine Hansen","2787, 178368","21376, 58788","21-18, 21-16",home,Aarhus AB 3,
2020,1,1,-3,13224,Danmarksserien,Pulje 1,385626,2 19-09-2020,1. HD,1,HD,Aarhus AB 3,Christiansbjerg,"Andreas Als, Mathias Kaas Ollendorf","Patrick Larsen, Jakob Nordtorp","86405, 52631","42410, 68949","21-15, 21-11",home,Aarhus AB 3,
2020,1,1,-3,13224,Danmarksserien,Pulje 1,385626,2 19-09-2020,2. HD,2,HD,Aarhus AB 3,Christiansbjerg,"Thomas Jensen, Alexander Høglund","Jon Koch Hansen, Troels Gjørup","43102, 85882","162610, 69705","21-17, 21-18",home,Aarhus AB 3,
2020,1,1,-3,13224,Danmarksserien,Pulje 1,385626,2 19-09-2020,3. HD,3,HD,Aarhus AB 3,Christiansbjerg,"Markus Risgaard, Frederik Godt Hansen","Thomas Nygaard, Barnabas Horvath (EU)","227054, 57665","13583, 305666","16-21, 10-21",away,Christiansbjerg,
2020,1,1,-3,13224,Danmarksserien,Pulje 1,385627,2 19-09-2020,1. MD,1,MD,Brønderslev,Aalborg Triton 3,"Quinten Van Dalm, Christina Vejby Larsen","Kasper Røjkjær Kjøbsted, Lise Jacobsen","9559, 93588","94985, 12508","21-14, 18-21, 21-23",away,Aalborg Triton 3,
2020,1,1,-3,13224,Danmarksserien,Pulje 1,385627,2 19-09-2020,2. MD,2,MD,Brønderslev,Aalborg Triton 3,"Emil Vad Madsen, Maja Vad Madsen","Rasmus Madsen, Mia Rosenberg","3196, 157426","12979, 244669","14-21, 11-21",away,Aalborg Triton 3,
2020,1,1,-3,13224,Danmarksserien,Pulje 1,385627,2 19-09-2020,1. DS,1,DS,Brønderslev,Aalborg Triton 3,Laura Schøn Christensen,Ida Janum Riis,258253,93197,"11-21, 5-21",away,Aalborg Triton 3,
2020,1,1,-3,13224,Danmarksserien,Pulje 1,385627,2 19-09-2020,2. DS,2,DS,Brønderslev,Aalborg Triton 3,Christine Højmark Larsen,Anna Klausholm,206955,230766,"3-21, 8-21",away,Aalborg Triton 3,
2020,1,1,-3,13224,Danmarksserien,Pulje 1,385627,2 19-09-2020,1. HS,1,HS,Brønderslev,Aalborg Triton 3,Thomas Bang Røjkjær,Mads Pedersen,12500,59565,"21-18, 21-16",home,Brønderslev,
2020,1,1,-3,13224,Danmarksserien,Pulje 1,385627,2 19-09-2020,2. HS,2,HS,Brønderslev,Aalborg Triton 3,Frederik Majlund Christensen,Malthe Goosmann,59378,81306,"21-16, 21-13",home,Brønderslev,
2020,1,1,-3,13224,Danmarksserien,Pulje 1,385627,2 19-09-2020,3. HS,3,HS,Brønderslev,Aalborg Triton 3,Emil Rantzau,Nicklas Lennø Weesgaard,70463,165102,"21-4, 21-17",home,Brønderslev,
2020,1,1,-3,13224,Danmarksserien,Pulje 1,385627,2 19-09-2020,4. HS,4,HS,Brønderslev,Aalborg Triton 3,Thomas Ellegaard,Alexander Mikkelsen,11519,54517,"21-15, 21-17",home,Brønderslev,
2020,1,1,-3,13224,Danmarksserien,Pulje 1,385627,2 19-09-2020,1. DD,1,DD,Brønderslev,Aalborg Triton 3,"Christina Vejby Larsen, Laura Schøn Christensen","Lise Jacobsen, Ida Janum Riis","93588, 258253","12508, 93197","10-21, 14-21",away,Aalborg Triton 3,
2020,1,1,-3,13224,Danmarksserien,Pulje 1,385627,2 19-09-2020,2. DD,2,DD,Brønderslev,Aalborg Triton 3,"Christine Højmark Larsen, Maja Vad Madsen","Mia Rosenberg, Anna Klausholm","206955, 157426","244669, 230766","7-21, 15-21",away,Aalborg Triton 3,
2020,1,1,-3,13224,Danmarksserien,Pulje 1,385627,2 19-09-2020,1. HD,1,HD,Brønderslev,Aalborg Triton 3,"Thomas Bang Røjkjær, Frederik Majlund Christensen","Mads Pedersen, Rasmus Madsen","12500, 59378","59565, 12979","20-22, 21-12, 21-13",home,Brønderslev,
2020,1,1,-3,13224,Danmarksserien,Pulje 1,385627,2 19-09-2020,2. HD,2,HD,Brønderslev,Aalborg Triton 3,"Emil Rantzau, Quinten Van Dalm","Kasper Røjkjær Kjøbsted, Malthe Goosmann","70463, 9559","94985, 81306","21-18, 21-10",home,Brønderslev,
2020,1,1,-3,13224,Danmarksserien,Pulje 1,385627,2 19-09-2020,3. HD,3,HD,Brønderslev,Aalborg Triton 3,"Thomas Ellegaard, Emil Vad Madsen","Alexander Mikkelsen, Nicklas Lennø Weesgaard","11519, 3196","54517, 165102","19-21, 13-21",away,Aalborg Triton 3,
2020,1,1,-3,13224,Danmarksserien,Pulje 1,385628,2 19-09-2020,1. MD,1,MD,Viby J 3,Langhøj,"Kristoffer Weesgaard, Melanie Hauser Ryom","Peder Søvndal, Ann Kragh Jensen","83028, 87774","74270, 7329","21-17, 21-16",home,Viby J 3,
2020,1,1,-3,13224,Danmarksserien,Pulje 1,385628,2 19-09-2020,2. MD,2,MD,Viby J 3,Langhøj,"Casper Thyrring Pedersen, Cecilie Thygesen Clingman","Jeppe Baunsgård Kristensen, Michaela Moravcova","2203, 78134","159462, 324971","21-12, 21-14",home,Viby J 3,
2020,1,1,-3,13224,Danmarksserien,Pulje 1,385628,2 19-09-2020,1. DS,1,DS,Viby J 3,Langhøj,Katja Thorup Aaen,Tereza Svabikova (EU),64183,287023,"12-21, 11-21",away,Langhøj,
2020,1,1,-3,13224,Danmarksserien,Pulje 1,385628,2 19-09-2020,2. DS,2,DS,Viby J 3,Langhøj,Amalie Bugtrup,Marie Ruzickova (EU),197450,310002,"10-21, 10-21",away,Langhøj,
2020,1,1,-3,13224,Danmarksserien,Pulje 1,385628,2 19-09-2020,1. HS,1,HS,Viby J 3,Langhøj,Emil Klose Nielsen,Oskar Klausholm,65780,213389,"19-21, 21-19, 15-21",away,Langhøj,
2020,1,1,-3,13224,Danmarksserien,Pulje 1,385628,2 19-09-2020,2. HS,2,HS,Viby J 3,Langhøj,Anders Søndergaard,Mads Kjærgaard Mathiasen,76769,75619,"21-10, 21-14",home,Viby J 3,
2020,1,1,-3,13224,Danmarksserien,Pulje 1,385628,2 19-09-2020,3. HS,3,HS,Viby J 3,Langhøj,Philip Skou Ernstsen,Sebastian Lassen Nielsen,87059,251230,"21-23, 17-21",away,Langhøj,
2020,1,1,-3,13224,Danmarksserien,Pulje 1,385628,2 19-09-2020,4. HS,4,HS,Viby J 3,Langhøj,Frederik Selvejer Larsen,Mathias Lund Agerbo,75683,3167,"21-15, 21-17",home,Viby J 3,
2020,1,1,-3,13224,Danmarksserien,Pulje 1,385628,2 19-09-2020,1. DD,1,DD,Viby J 3,Langhøj,"Cecilie Thygesen Clingman, Amalie Bugtrup","Tereza Svabikova (EU), Ann Kragh Jensen","78134, 197450","287023, 7329","21-19, 14-21, 21-18",home,Viby J 3,
2020,1,1,-3,13224,Danmarksserien,Pulje 1,385628,2 19-09-2020,2. DD,2,DD,Viby J 3,Langhøj,"Melanie Hauser Ryom, Katja Thorup Aaen","Michaela Moravcova, Marie Ruzickova (EU)","87774, 64183","324971, 310002","21-12, 21-10",home,Viby J 3,
2020,1,1,-3,13224,Danmarksserien,Pulje 1,385628,2 19-09-2020,1. HD,1,HD,Viby J 3,Langhøj,"Emil Klose Nielsen, Frederik Selvejer Larsen","Oskar Klausholm, Mads Kjærgaard Mathiasen","65780, 75683","213389, 75619","21-11, 21-8",home,Viby J 3,
2020,1,1,-3,13224,Danmarksserien,Pulje 1,385628,2 19-09-2020,2. HD,2,HD,Viby J 3,Langhøj,"Philip Skou Ernstsen, Kristoffer Weesgaard","Peder Søvndal, Mathias Lund Agerbo","87059, 83028","74270, 3167","12-21, 21-15, 21-12",home,Viby J 3,
2020,1,1,-3,13224,Danmarksserien,Pulje 1,385628,2 19-09-2020,3. HD,3,HD,Viby J 3,Langhøj,"Casper Thyrring Pedersen, Anders Søndergaard","Jeppe Baunsgård Kristensen, Sebastian Lassen Nielsen","2203, 76769","159462, 251230","21-11, 21-14",home,Viby J 3,
2020,1,1,-3,13224,Danmarksserien,Pulje 1,385629,2 19-09-2020,1. MD,1,MD,Team Favrskov 2,Skalborg SK,"Thomas Jensen, Mette Stendrup Stenbroen",,"10989, 11696",,,home,Team Favrskov 2,
2020,1,1,-3,13224,Danmarksserien,Pulje 1,385629,2 19-09-2020,2. MD,2,MD,Team Favrskov 2,Skalborg SK,"Mads Ørskov, Sara Stensdal",,"91661, 14306",,,home,Team Favrskov 2,
2020,1,1,-3,13224,Danmarksserien,Pulje 1,385629,2 19-09-2020,1. DS,1,DS,Team Favrskov 2,Skalborg SK,Birgitte Hjorth,,12960,,,home,Team Favrskov 2,
2020,1,1,-3,13224,Danmarksserien,Pulje 1,385629,2 19-09-2020,2. DS,2,DS,Team Favrskov 2,Skalborg SK,Laura Skjødeberg Almind,,132179,,,home,Team Favrskov 2,
2020,1,1,-3,13224,Danmarksserien,Pulje 1,385629,2 19-09-2020,1. HS,1,HS,Team Favrskov 2,Skalborg SK,Rasmus Lauenborg,,211407,,,home,Team Favrskov 2,
2020,1,1,-3,13224,Danmarksserien,Pulje 1,385629,2 19-09-2020,2. HS,2,HS,Team Favrskov 2,Skalborg SK,Rune Tøttrup Jørgensen,,82845,,,home,Team Favrskov 2,
2020,1,1,-3,13224,Danmarksserien,Pulje 1,385629,2 19-09-2020,3. HS,3,HS,Team Favrskov 2,Skalborg SK,Anders Schaiffel-Nielsen,,1704,,,home,Team Favrskov 2,
2020,1,1,-3,13224,Danmarksserien,Pulje 1,385629,2 19-09-2020,4. HS,4,HS,Team Favrskov 2,Skalborg SK,Christian Langhoff,,12681,,,home,Team Favrskov 2,
2020,1,1,-3,13224,Danmarksserien,Pulje 1,385629,2 19-09-2020,1. DD,1,DD,Team Favrskov 2,Skalborg SK,"Mette Stendrup Stenbroen, Sara Stensdal",,"11696, 14306",,,home,Team Favrskov 2,
2020,1,1,-3,13224,Danmarksserien,Pulje 1,385629,2 19-09-2020,2. DD,2,DD,Team Favrskov 2,Skalborg SK,"Birgitte Hjorth, Laura Skjødeberg Almind",,"12960, 132179",,,home,Team Favrskov 2,
2020,1,1,-3,13224,Danmarksserien,Pulje 1,385629,2 19-09-2020,1. HD,1,HD,Team Favrskov 2,Skalborg SK,"Christian Langhoff, Rasmus Lauenborg",,"12681, 211407",,,home,Team Favrskov 2,
2020,1,1,-3,13224,Danmarksserien,Pulje 1,385629,2 19-09-2020,2. HD,2,HD,Team Favrskov 2,Skalborg SK,"Mads Ørskov, Anders Schaiffel-Nielsen",,"91661, 1704",,,home,Team Favrskov 2,
2020,1,1,-3,13224,Danmarksserien,Pulje 1,385629,2 19-09-2020,3. HD,3,HD,Team Favrskov 2,Skalborg SK,"Thomas Jensen, Rune Tøttrup Jørgensen",,"10989, 82845",,,home,Team Favrskov 2,
2020,1,1,-3,13224,Danmarksserien,Pulje 1,385630,3 03-10-2020,1. MD,1,MD,Aalborg Triton 3,Christiansbjerg,"Rasmus Madsen, Mia Rosenberg","Patrick Larsen, Jade Wittenkamp","12979, 244669","42410, 76807","22-20, 21-15",home,Aalborg Triton 3,
2020,1,1,-3,13224,Danmarksserien,Pulje 1,385630,3 03-10-2020,2. MD,2,MD,Aalborg Triton 3,Christiansbjerg,"Martin Steffensen, Josefine Gudmundsen","Frederik Høeg Andersen, Tine Gregersen","11260, 80218","71228, 13333","21-15, 12-21, 21-16",home,Aalborg Triton 3,
2020,1,1,-3,13224,Danmarksserien,Pulje 1,385630,3 03-10-2020,1. DS,1,DS,Aalborg Triton 3,Christiansbjerg,Anna Klausholm,Anna Buur Thomsen,230766,49231,"21-12, 21-15",home,Aalborg Triton 3,
2020,1,1,-3,13224,Danmarksserien,Pulje 1,385630,3 03-10-2020,2. DS,2,DS,Aalborg Triton 3,Christiansbjerg,Camilla Quist Slott,Anne Pedersen,92014,73893,"21-11, 21-6",home,Aalborg Triton 3,
2020,1,1,-3,13224,Danmarksserien,Pulje 1,385630,3 03-10-2020,1. HS,1,HS,Aalborg Triton 3,Christiansbjerg,Søren Hermansen,Mikkel Bisgaard,13188,69021,"21-15, 7-21, 16-21",away,Christiansbjerg,
2020,1,1,-3,13224,Danmarksserien,Pulje 1,385630,3 03-10-2020,2. HS,2,HS,Aalborg Triton 3,Christiansbjerg,Malthe Goosmann,Barnabas Horvath (EU),81306,305666,"21-17, 16-21, 22-20",home,Aalborg Triton 3,
2020,1,1,-3,13224,Danmarksserien,Pulje 1,385630,3 03-10-2020,3. HS,3,HS,Aalborg Triton 3,Christiansbjerg,Nicklas Lennø Weesgaard,Jakob Nordtorp,165102,68949,"21-17, 21-11",home,Aalborg Triton 3,
2020,1,1,-3,13224,Danmarksserien,Pulje 1,385630,3 03-10-2020,4. HS,4,HS,Aalborg Triton 3,Christiansbjerg,Alexander Mikkelsen,Thomas Nygaard,54517,13583,"17-21, 21-13, 18-21",away,Christiansbjerg,
2020,1,1,-3,13224,Danmarksserien,Pulje 1,385630,3 03-10-2020,1. DD,1,DD,Aalborg Triton 3,Christiansbjerg,"Anna Klausholm, Mia Rosenberg","Anna Buur Thomsen, Jade Wittenkamp","230766, 244669","49231, 76807","21-2, 21-17",home,Aalborg Triton 3,
2020,1,1,-3,13224,Danmarksserien,Pulje 1,385630,3 03-10-2020,2. DD,2,DD,Aalborg Triton 3,Christiansbjerg,"Camilla Quist Slott, Josefine Gudmundsen","Anne Pedersen, Tine Gregersen","92014, 80218","73893, 13333","21-9, 21-17",home,Aalborg Triton 3,
2020,1,1,-3,13224,Danmarksserien,Pulje 1,385630,3 03-10-2020,1. HD,1,HD,Aalborg Triton 3,Christiansbjerg,"Rasmus Madsen, Søren Hermansen","Frederik Høeg Andersen, Mikkel Bisgaard","12979, 13188","71228, 69021","21-15, 15-21, 21-15",home,Aalborg Triton 3,
2020,1,1,-3,13224,Danmarksserien,Pulje 1,385630,3 03-10-2020,2. HD,2,HD,Aalborg Triton 3,Christiansbjerg,"Martin Steffensen, Alexander Mikkelsen","Patrick Larsen, Jakob Nordtorp","11260, 54517","42410, 68949","20-22, 16-21",away,Christiansbjerg,
2020,1,1,-3,13224,Danmarksserien,Pulje 1,385630,3 03-10-2020,3. HD,3,HD,Aalborg Triton 3,Christiansbjerg,"Nicklas Lennø Weesgaard, Malthe Goosmann","Thomas Nygaard, Barnabas Horvath (EU)","165102, 81306","13583, 305666","21-11, 25-23",home,Aalborg Triton 3,
2020,1,1,-3,13224,Danmarksserien,Pulje 1,385631,3 03-10-2020,1. MD,1,MD,Team Favrskov 2,Viby J 3,"Christian Langhoff, Mette Stendrup Stenbroen","Kristoffer Weesgaard, Melanie Hauser Ryom","12681, 11696","83028, 87774","20-22, 21-18, 21-18",home,Team Favrskov 2,
2020,1,1,-3,13224,Danmarksserien,Pulje 1,385631,3 03-10-2020,2. MD,2,MD,Team Favrskov 2,Viby J 3,"Kennet Herløv Nørager, Sara Stensdal","Casper Thyrring Pedersen, Cecilie Thygesen Clingman","157402, 14306","2203, 78134","16-21, 16-21",away,Viby J 3,
2020,1,1,-3,13224,Danmarksserien,Pulje 1,385631,3 03-10-2020,1. DS,1,DS,Team Favrskov 2,Viby J 3,Karen Lauridsen,Katja Thorup Aaen,3604,64183,"11-21, 10-21",away,Viby J 3,
2020,1,1,-3,13224,Danmarksserien,Pulje 1,385631,3 03-10-2020,2. DS,2,DS,Team Favrskov 2,Viby J 3,Michelle Hesselvig Bøjer,Amalie Bugtrup,92868,197450,"21-12, 13-21, 13-21",away,Viby J 3,
2020,1,1,-3,13224,Danmarksserien,Pulje 1,385631,3 03-10-2020,1. HS,1,HS,Team Favrskov 2,Viby J 3,Rasmus Lauenborg,Anders Søndergaard,211407,76769,"16-21, 22-20, 9-21",away,Viby J 3,
2020,1,1,-3,13224,Danmarksserien,Pulje 1,385631,3 03-10-2020,2. HS,2,HS,Team Favrskov 2,Viby J 3,Rune Tøttrup Jørgensen,Kasper Funch Dubery,82845,89129,"10-21, 19-21",away,Viby J 3,
2020,1,1,-3,13224,Danmarksserien,Pulje 1,385631,3 03-10-2020,3. HS,3,HS,Team Favrskov 2,Viby J 3,Anders Schaiffel-Nielsen,Philip Skou Ernstsen,1704,87059,"16-21, 19-21",away,Viby J 3,
2020,1,1,-3,13224,Danmarksserien,Pulje 1,385631,3 03-10-2020,4. HS,4,HS,Team Favrskov 2,Viby J 3,Peter K. Thomsen,Rasmus Andersen,87197,62052,"15-21, 21-10, 20-22",away,Viby J 3,
2020,1,1,-3,13224,Danmarksserien,Pulje 1,385631,3 03-10-2020,1. DD,1,DD,Team Favrskov 2,Viby J 3,"Mette Stendrup Stenbroen, Sara Stensdal","Amalie Bugtrup, Cecilie Thygesen Clingman","11696, 14306","197450, 78134","21-18, 20-22, 21-15",home,Team Favrskov 2,
2020,1,1,-3,13224,Danmarksserien,Pulje 1,385631,3 03-10-2020,2. DD,2,DD,Team Favrskov 2,Viby J 3,"Michelle Hesselvig Bøjer, Karen Lauridsen","Melanie Hauser Ryom, Katja Thorup Aaen","92868, 3604","87774, 64183","20-22, 17-21",away,Viby J 3,
2020,1,1,-3,13224,Danmarksserien,Pulje 1,385631,3 03-10-2020,1. HD,1,HD,Team Favrskov 2,Viby J 3,"Christian Langhoff, Rasmus Lauenborg","Kristoffer Weesgaard, Philip Skou Ernstsen","12681, 211407","83028, 87059","13-21, 16-21",away,Viby J 3,
2020,1,1,-3,13224,Danmarksserien,Pulje 1,385631,3 03-10-2020,2. HD,2,HD,Team Favrskov 2,Viby J 3,"Anders Schaiffel-Nielsen, Peter K. Thomsen","Rasmus Andersen, Kasper Funch Dubery","1704, 87197","62052, 89129","13-21, 16-21",away,Viby J 3,
2020,1,1,-3,13224,Danmarksserien,Pulje 1,385631,3 03-10-2020,3. HD,3,HD,Team Favrskov 2,Viby J 3,"Rune Tøttrup Jørgensen, Kennet Herløv Nørager","Casper Thyrring Pedersen, Anders Søndergaard","82845, 157402","2203, 76769","20-22, 12-21",away,Viby J 3,
2020,1,1,-3,13224,Danmarksserien,Pulje 1,385632,3 03-10-2020,1. MD,1,MD,Skalborg SK,Langhøj,,"Peder Søvndal, Ann Kragh Jensen",,"74270, 7329",,away,Langhøj,
2020,1,1,-3,13224,Danmarksserien,Pulje 1,385632,3 03-10-2020,2. MD,2,MD,Skalborg SK,Langhøj,,"Jeppe Baunsgård Kristensen, Michaela Moravcova",,"159462, 324971",,away,Langhøj,
2020,1,1,-3,13224,Danmarksserien,Pulje 1,385632,3 03-10-2020,1. DS,1,DS,Skalborg SK,Langhøj,,Tereza Svabikova (EU),,287023,,away,Langhøj,
2020,1,1,-3,13224,Danmarksserien,Pulje 1,385632,3 03-10-2020,2. DS,2,DS,Skalborg SK,Langhøj,,Marie Ruzickova (EU),,310002,,away,Langhøj,
2020,1,1,-3,13224,Danmarksserien,Pulje 1,385632,3 03-10-2020,1. HS,1,HS,Skalborg SK,Langhøj,,Oskar Klausholm,,213389,,away,Langhøj,
2020,1,1,-3,13224,Danmarksserien,Pulje 1,385632,3 03-10-2020,2. HS,2,HS,Skalborg SK,Langhøj,,Maciej Poulakowski (EU),,263730,,away,Langhøj,
2020,1,1,-3,13224,Danmarksserien,Pulje 1,385632,3 03-10-2020,3. HS,3,HS,Skalborg SK,Langhøj,,Mads Kjærgaard Mathiasen,,75619,,away,Langhøj,
2020,1,1,-3,13224,Danmarksserien,Pulje 1,385632,3 03-10-2020,4. HS,4,HS,Skalborg SK,Langhøj,,Sebastian Lassen Nielsen,,251230,,away,Langhøj,
2020,1,1,-3,13224,Danmarksserien,Pulje 1,385632,3 03-10-2020,1. DD,1,DD,Skalborg SK,Langhøj,,"Tereza Svabikova (EU), Ann Kragh Jensen",,"287023, 7329",,away,Langhøj,
2020,1,1,-3,13224,Danmarksserien,Pulje 1,385632,3 03-10-2020,2. DD,2,DD,Skalborg SK,Langhøj,,"Michaela Moravcova, Marie Ruzickova (EU)",,"324971, 310002",,away,Langhøj,
2020,1,1,-3,13224,Danmarksserien,Pulje 1,385632,3 03-10-2020,1. HD,1,HD,Skalborg SK,Langhøj,,"Peder Søvndal, Mads Kjærgaard Mathiasen",,"74270, 75619",,away,Langhøj,
2020,1,1,-3,13224,Danmarksserien,Pulje 1,385632,3 03-10-2020,2. HD,2,HD,Skalborg SK,Langhøj,,"Maciej Poulakowski (EU), Oskar Klausholm",,"263730, 213389",,away,Langhøj,
2020,1,1,-3,13224,Danmarksserien,Pulje 1,385632,3 03-10-2020,3. HD,3,HD,Skalborg SK,Langhøj,,"Sebastian Lassen Nielsen, Jeppe Baunsgård Kristensen",,"251230, 159462",,away,Langhøj,
2020,1,1,-3,13224,Danmarksserien,Pulje 1,385633,3 03-10-2020,1. MD,1,MD,Brønderslev,Aarhus AB 3,"Quinten Van Dalm, Christina Vejby Larsen","Alexander Høglund, Jenni Olesen","9559, 93588","85882, 420","21-18, 10-21, 18-21",away,Aarhus AB 3,
2020,1,1,-3,13224,Danmarksserien,Pulje 1,385633,3 03-10-2020,2. MD,2,MD,Brønderslev,Aarhus AB 3,"Thomas Bang Røjkjær, Janne Skov Ellegaard","Simon Kjeldal Lauridsen, Bolette Blomgren","12500, 10574","78561, 2787","21-17, 21-17",home,Brønderslev,
2020,1,1,-3,13224,Danmarksserien,Pulje 1,385633,3 03-10-2020,1. DS,1,DS,Brønderslev,Aarhus AB 3,Christine Højmark Larsen,Sofie Kirstine Bechmann Sørensen,206955,178368,"9-21, 18-21",away,Aarhus AB 3,
2020,1,1,-3,13224,Danmarksserien,Pulje 1,385633,3 03-10-2020,2. DS,2,DS,Brønderslev,Aarhus AB 3,Cecillia H. Jensen,Lærke Brandt Hansen,168644,91696,"14-21, 8-21",away,Aarhus AB 3,
2020,1,1,-3,13224,Danmarksserien,Pulje 1,385633,3 03-10-2020,1. HS,1,HS,Brønderslev,Aarhus AB 3,Frederik Majlund Christensen,Andreas Als,59378,86405,"10-21, 16-21",away,Aarhus AB 3,
2020,1,1,-3,13224,Danmarksserien,Pulje 1,385633,3 03-10-2020,2. HS,2,HS,Brønderslev,Aarhus AB 3,Emil Rantzau,Thomas Jensen,70463,43102,"21-17, 21-19",home,Brønderslev,
2020,1,1,-3,13224,Danmarksserien,Pulje 1,385633,3 03-10-2020,3. HS,3,HS,Brønderslev,Aarhus AB 3,Thomas Ellegaard,Frederik Godt Hansen,11519,57665,"21-16, 21-15",home,Brønderslev,
2020,1,1,-3,13224,Danmarksserien,Pulje 1,385633,3 03-10-2020,4. HS,4,HS,Brønderslev,Aarhus AB 3,Magnus koldkjær Larsen,Sylvester Rønn Andersen,207009,211676,"21-19, 21-8",home,Brønderslev,
2020,1,1,-3,13224,Danmarksserien,Pulje 1,385633,3 03-10-2020,1. DD,1,DD,Brønderslev,Aarhus AB 3,"Janne Skov Ellegaard, Cecillia H. Jensen","Jenni Olesen, Bolette Blomgren","10574, 168644","420, 2787","5-21, 8-21",away,Aarhus AB 3,
2020,1,1,-3,13224,Danmarksserien,Pulje 1,385633,3 03-10-2020,2. DD,2,DD,Brønderslev,Aarhus AB 3,"Christine Højmark Larsen, Christina Vejby Larsen","Sofie Kirstine Bechmann Sørensen, Lærke Brandt Hansen","206955, 93588","178368, 91696","10-21, 8-21",away,Aarhus AB 3,
2020,1,1,-3,13224,Danmarksserien,Pulje 1,385633,3 03-10-2020,1. HD,1,HD,Brønderslev,Aarhus AB 3,"Thomas Bang Røjkjær, Frederik Majlund Christensen","Simon Kjeldal Lauridsen, Andreas Als","12500, 59378","78561, 86405","18-21, 19-21",away,Aarhus AB 3,
2020,1,1,-3,13224,Danmarksserien,Pulje 1,385633,3 03-10-2020,2. HD,2,HD,Brønderslev,Aarhus AB 3,"Quinten Van Dalm, Emil Rantzau","Thomas Jensen, Alexander Høglund","9559, 70463","43102, 85882","21-17, 19-21, 21-13",home,Brønderslev,
2020,1,1,-3,13224,Danmarksserien,Pulje 1,385633,3 03-10-2020,3. HD,3,HD,Brønderslev,Aarhus AB 3,"Magnus koldkjær Larsen, Thomas Ellegaard","Sylvester Rønn Andersen, Frederik Godt Hansen","207009, 11519","211676, 57665","21-11, 23-21",home,Brønderslev,
2020,1,1,-3,13224,Danmarksserien,Pulje 1,385634,4 24-10-2020,1. MD,1,MD,Viby J 3,Aalborg Triton 3,"Philip Skou Ernstsen, Melanie Hauser Ryom","Rasmus Madsen, Lise Jacobsen","87059, 87774","12979, 12508","15-21, 14-21",away,Aalborg Triton 3,
2020,1,1,-3,13224,Danmarksserien,Pulje 1,385634,4 24-10-2020,2. MD,2,MD,Viby J 3,Aalborg Triton 3,"Casper Thyrring Pedersen, Josephine Ø. Lund","Dennis H. Nielsen, Mia Rosenberg","2203, 3146","11634, 244669","21-18, 21-18",home,Viby J 3,
2020,1,1,-3,13224,Danmarksserien,Pulje 1,385634,4 24-10-2020,1. DS,1,DS,Viby J 3,Aalborg Triton 3,Katja Thorup Aaen,Ida Janum Riis,64183,93197,"21-15, 21-18",home,Viby J 3,
2020,1,1,-3,13224,Danmarksserien,Pulje 1,385634,4 24-10-2020,2. DS,2,DS,Viby J 3,Aalborg Triton 3,Amalie Bugtrup,Anna Klausholm,197450,230766,"18-21, 14-21",away,Aalborg Triton 3,
2020,1,1,-3,13224,Danmarksserien,Pulje 1,385634,4 24-10-2020,1. HS,1,HS,Viby J 3,Aalborg Triton 3,Kasper Funch Dubery,Mads Pedersen,89129,59565,"21-14, 21-18",home,Viby J 3,
2020,1,1,-3,13224,Danmarksserien,Pulje 1,385634,4 24-10-2020,2. HS,2,HS,Viby J 3,Aalborg Triton 3,Anders Søndergaard,Nicklas Lennø Weesgaard,76769,165102,"21-19, 21-17",home,Viby J 3,
2020,1,1,-3,13224,Danmarksserien,Pulje 1,385634,4 24-10-2020,3. HS,3,HS,Viby J 3,Aalborg Triton 3,Emil Klose Nielsen,Alexander Mikkelsen,65780,54517,"21-8, 21-13",home,Viby J 3,
2020,1,1,-3,13224,Danmarksserien,Pulje 1,385634,4 24-10-2020,4. HS,4,HS,Viby J 3,Aalborg Triton 3,Rasmus Andersen,Lasse Frederiksen,62052,74058,"21-17, 21-13",home,Viby J 3,
2020,1,1,-3,13224,Danmarksserien,Pulje 1,385634,4 24-10-2020,1. DD,1,DD,Viby J 3,Aalborg Triton 3,"Melanie Hauser Ryom, Amalie Bugtrup","Ida Janum Riis, Lise Jacobsen","87774, 197450","93197, 12508","21-8, 21-13",home,Viby J 3,
2020,1,1,-3,13224,Danmarksserien,Pulje 1,385634,4 24-10-2020,2. DD,2,DD,Viby J 3,Aalborg Triton 3,"Katja Thorup Aaen, Josephine Ø. Lund","Mia Rosenberg, Anna Klausholm","64183, 3146","244669, 230766","21-15, 13-21, 13-21",away,Aalborg Triton 3,
2020,1,1,-3,13224,Danmarksserien,Pulje 1,385634,4 24-10-2020,1. HD,1,HD,Viby J 3,Aalborg Triton 3,"Emil Klose Nielsen, Kasper Funch Dubery","Mads Pedersen, Rasmus Madsen","65780, 89129","59565, 12979","21-14, 21-15",home,Viby J 3,
2020,1,1,-3,13224,Danmarksserien,Pulje 1,385634,4 24-10-2020,2. HD,2,HD,Viby J 3,Aalborg Triton 3,"Philip Skou Ernstsen, Rasmus Andersen","Lasse Frederiksen, Dennis H. Nielsen","87059, 62052","74058, 11634","19-21, 21-16, 21-19",home,Viby J 3,
2020,1,1,-3,13224,Danmarksserien,Pulje 1,385634,4 24-10-2020,3. HD,3,HD,Viby J 3,Aalborg Triton 3,"Anders Søndergaard, Casper Thyrring Pedersen","Nicklas Lennø Weesgaard, Alexander Mikkelsen","76769, 2203","165102, 54517","21-18, 21-17",home,Viby J 3,
2020,1,1,-3,13224,Danmarksserien,Pulje 1,385635,4 24-10-2020,1. MD,1,MD,Langhøj,Team Favrskov 2,"Mathias Lund Agerbo, Cecilie Præstholm Hammer","Kennet Herløv Nørager, Mette Stendrup Stenbroen","3167, 157232","157402, 11696","11-21, 14-21",away,Team Favrskov 2,
2020,1,1,-3,13224,Danmarksserien,Pulje 1,385635,4 24-10-2020,2. MD,2,MD,Langhøj,Team Favrskov 2,"Jeppe Baunsgård Kristensen, Ann Kragh Jensen","Thomas Jensen, Sara Stensdal","159462, 7329","10989, 14306","11-21, 9-21",away,Team Favrskov 2,
2020,1,1,-3,13224,Danmarksserien,Pulje 1,385635,4 24-10-2020,1. DS,1,DS,Langhøj,Team Favrskov 2,Tereza Svabikova (EU),Sarah Kjær,287023,92114,"21-2, 21-6",home,Langhøj,
2020,1,1,-3,13224,Danmarksserien,Pulje 1,385635,4 24-10-2020,2. DS,2,DS,Langhøj,Team Favrskov 2,Elin Sawade (EU),Laura Skjødeberg Almind,268347,132179,"6-21, 17-21",away,Team Favrskov 2,
2020,1,1,-3,13224,Danmarksserien,Pulje 1,385635,4 24-10-2020,1. HS,1,HS,Langhøj,Team Favrskov 2,Oskar Klausholm,Rasmus Lauenborg,213389,211407,"21-7, 21-16",home,Langhøj,
2020,1,1,-3,13224,Danmarksserien,Pulje 1,385635,4 24-10-2020,2. HS,2,HS,Langhøj,Team Favrskov 2,Maciej Poulakowski (EU),Rune Tøttrup Jørgensen,263730,82845,"21-15, 21-17",home,Langhøj,
2020,1,1,-3,13224,Danmarksserien,Pulje 1,385635,4 24-10-2020,3. HS,3,HS,Langhøj,Team Favrskov 2,Mads Kjærgaard Mathiasen,Anders Schaiffel-Nielsen,75619,1704,"21-10, 21-15",home,Langhøj,
2020,1,1,-3,13224,Danmarksserien,Pulje 1,385635,4 24-10-2020,4. HS,4,HS,Langhøj,Team Favrskov 2,Sebastian Lassen Nielsen,Peter K. Thomsen,251230,87197,"21-10, 21-8",home,Langhøj,
2020,1,1,-3,13224,Danmarksserien,Pulje 1,385635,4 24-10-2020,1. DD,1,DD,Langhøj,Team Favrskov 2,"Tereza Svabikova (EU), Ann Kragh Jensen","Sara Stensdal, Mette Stendrup Stenbroen","287023, 7329","14306, 11696","22-20, 22-20",home,Langhøj,
2020,1,1,-3,13224,Danmarksserien,Pulje 1,385635,4 24-10-2020,2. DD,2,DD,Langhøj,Team Favrskov 2,"Elin Sawade (EU), Cecilie Præstholm Hammer","Sarah Kjær, Laura Skjødeberg Almind","268347, 157232","92114, 132179","14-21, 8-21",away,Team Favrskov 2,
2020,1,1,-3,13224,Danmarksserien,Pulje 1,385635,4 24-10-2020,1. HD,1,HD,Langhøj,Team Favrskov 2,"Maciej Poulakowski (EU), Oskar Klausholm","Rasmus Lauenborg, Rune Tøttrup Jørgensen","263730, 213389","211407, 82845","21-10, 19-21, 21-11",home,Langhøj,
2020,1,1,-3,13224,Danmarksserien,Pulje 1,385635,4 24-10-2020,2. HD,2,HD,Langhøj,Team Favrskov 2,"Mads Kjærgaard Mathiasen, Mathias Lund Agerbo","Peter K. Thomsen, Anders Schaiffel-Nielsen","75619, 3167","87197, 1704","21-14, 10-21, 21-16",home,Langhøj,
2020,1,1,-3,13224,Danmarksserien,Pulje 1,385635,4 24-10-2020,3. HD,3,HD,Langhøj,Team Favrskov 2,"Sebastian Lassen Nielsen, Jeppe Baunsgård Kristensen","Thomas Jensen, Kennet Herløv Nørager","251230, 159462","10989, 157402","16-21, 21-14, 16-21",away,Team Favrskov 2,
2020,1,1,-3,13224,Danmarksserien,Pulje 1,385637,4 24-10-2020,1. MD,1,MD,Christiansbjerg,Brønderslev,"Patrick Larsen, Jade Wittenkamp","Thomas Bang Røjkjær, Janne Skov Ellegaard","42410, 76807","12500, 10574","14-21, 21-23",away,Brønderslev,
2020,1,1,-3,13224,Danmarksserien,Pulje 1,385637,4 24-10-2020,2. MD,2,MD,Christiansbjerg,Brønderslev,"Jon Koch Hansen, Tine Gregersen","Quinten Van Dalm, Christina Vejby Larsen","162610, 13333","9559, 93588","15-21, 8-21",away,Brønderslev,
2020,1,1,-3,13224,Danmarksserien,Pulje 1,385637,4 24-10-2020,1. DS,1,DS,Christiansbjerg,Brønderslev,Anna Buur Thomsen,Cecillia H. Jensen,49231,168644,"21-11, 21-7",home,Christiansbjerg,
2020,1,1,-3,13224,Danmarksserien,Pulje 1,385637,4 24-10-2020,2. DS,2,DS,Christiansbjerg,Brønderslev,Anne Birkeholm Jensen,Christine Højmark Larsen,21376,206955,,home,Christiansbjerg,C
2020,1,1,-3,13224,Danmarksserien,Pulje 1,385637,4 24-10-2020,1. HS,1,HS,Christiansbjerg,Brønderslev,Mikkel Bisgaard,Frederik Majlund Christensen,69021,59378,"21-15, 21-18",home,Christiansbjerg,
2020,1,1,-3,13224,Danmarksserien,Pulje 1,385637,4 24-10-2020,2. HS,2,HS,Christiansbjerg,Brønderslev,Barnabas Horvath (EU),Emil Rantzau,305666,70463,"21-19, 21-17",home,Christiansbjerg,
2020,1,1,-3,13224,Danmarksserien,Pulje 1,385637,4 24-10-2020,3. HS,3,HS,Christiansbjerg,Brønderslev,Frederik Høeg Andersen,Thomas Ellegaard,71228,11519,"21-10, 21-15",home,Christiansbjerg,
2020,1,1,-3,13224,Danmarksserien,Pulje 1,385637,4 24-10-2020,4. HS,4,HS,Christiansbjerg,Brønderslev,Jakob Nordtorp,Magnus koldkjær Larsen,68949,207009,"21-12, 18-21, 21-15",home,Christiansbjerg,
2020,1,1,-3,13224,Danmarksserien,Pulje 1,385637,4 24-10-2020,1. DD,1,DD,Christiansbjerg,Brønderslev,"Anna Buur Thomsen, Jade Wittenkamp","Christina Vejby Larsen, Cecillia H. Jensen","49231, 76807","93588, 168644","21-13, 21-18",home,Christiansbjerg,
2020,1,1,-3,13224,Danmarksserien,Pulje 1,385637,4 24-10-2020,2. DD,2,DD,Christiansbjerg,Brønderslev,"Anne Birkeholm Jensen, Tine Gregersen","Janne Skov Ellegaard, Christine Højmark Larsen","21376, 13333","10574, 206955",,home,Christiansbjerg,C
2020,1,1,-3,13224,Danmarksserien,Pulje 1,385637,4 24-10-2020,1. HD,1,HD,Christiansbjerg,Brønderslev,"Patrick Larsen, Jakob Nordtorp","Thomas Bang Røjkjær, Frederik Majlund Christensen","42410, 68949","12500, 59378","10-21, 7-21",away,Brønderslev,
2020,1,1,-3,13224,Danmarksserien,Pulje 1,385637,4 24-10-2020,2. HD,2,HD,Christiansbjerg,Brønderslev,"Jon Koch Hansen, Mikkel Bisgaard","Quinten Van Dalm, Emil Rantzau","162610, 69021","9559, 70463","21-19, 15-21, 8-21",away,Brønderslev,
2020,1,1,-3,13224,Danmarksserien,Pulje 1,385637,4 24-10-2020,3. HD,3,HD,Christiansbjerg,Brønderslev,"Frederik Høeg Andersen, Barnabas Horvath (EU)","Thomas Ellegaard, Magnus koldkjær Larsen","71228, 305666","11519, 207009","21-17, 12-21, 21-16",home,Christiansbjerg,
2020,1,1,-3,13225,Danmarksserien,Pulje 2,385651,1 05-09-2020,1. MD,1,MD,Herning,Skovbakken 3,"Tristan Kirk Jensen, Anne-Sofie Abild Mortensen","Jan Ulrik Simonsen, Kathrine Juhl Andersen","172177, 334969","12516, 82227","21-12, 21-18",home,Herning,
2020,1,1,-3,13225,Danmarksserien,Pulje 2,385651,1 05-09-2020,2. MD,2,MD,Herning,Skovbakken 3,"Jon Damsgård, Matilde Høj Hansen","Jesper Kamp, Stine Raunsgaard","48145, 68528","34893, 50150","22-20, 21-15",home,Herning,
2020,1,1,-3,13225,Danmarksserien,Pulje 2,385651,1 05-09-2020,1. DS,1,DS,Herning,Skovbakken 3,Nanna Maria Frandsen,Natascha Fedders,214609,75939,"16-21, 21-19, 16-21",away,Skovbakken 3,
2020,1,1,-3,13225,Danmarksserien,Pulje 2,385651,1 05-09-2020,2. DS,2,DS,Herning,Skovbakken 3,Karoline Lynge Olesen,Anne Larsen,246519,51323,"9-21, 6-21",away,Skovbakken 3,
2020,1,1,-3,13225,Danmarksserien,Pulje 2,385651,1 05-09-2020,1. HS,1,HS,Herning,Skovbakken 3,Niklas Bjerrum Jensen,Rasmus Tran,33874,24327,"21-16, 21-13",home,Herning,
2020,1,1,-3,13225,Danmarksserien,Pulje 2,385651,1 05-09-2020,2. HS,2,HS,Herning,Skovbakken 3,Mark Vestergaard Olsen,Lasse Lildholdt,69360,70443,"22-20, 21-13",home,Herning,
2020,1,1,-3,13225,Danmarksserien,Pulje 2,385651,1 05-09-2020,3. HS,3,HS,Herning,Skovbakken 3,Jens Frederik Guldbrandt,Rasmus Jakobsen,250412,80067,"22-20, 13-21, 21-13",home,Herning,
2020,1,1,-3,13225,Danmarksserien,Pulje 2,385651,1 05-09-2020,4. HS,4,HS,Herning,Skovbakken 3,Bastian Holm Nielsen,Jesper Skovgård Jørvad,46022,12398,"21-17, 19-21, 21-19",home,Herning,
2020,1,1,-3,13225,Danmarksserien,Pulje 2,385651,1 05-09-2020,1. DD,1,DD,Herning,Skovbakken 3,"Anne-Sofie Abild Mortensen, Nanna Maria Frandsen","Natascha Fedders, Anne Larsen","334969, 214609","75939, 51323","15-21, 16-21",away,Skovbakken 3,
2020,1,1,-3,13225,Danmarksserien,Pulje 2,385651,1 05-09-2020,2. DD,2,DD,Herning,Skovbakken 3,"Karoline Lynge Olesen, Matilde Høj Hansen","Kathrine Juhl Andersen, Stine Raunsgaard","246519, 68528","82227, 50150","13-21, 13-21",away,Skovbakken 3,
2020,1,1,-3,13225,Danmarksserien,Pulje 2,385651,1 05-09-2020,1. HD,1,HD,Herning,Skovbakken 3,"Mark Vestergaard Olsen, Niklas Bjerrum Jensen","Lasse Lildholdt, Jan Ulrik Simonsen","69360, 33874","70443, 12516","21-11, 13-21, 23-21",home,Herning,
2020,1,1,-3,13225,Danmarksserien,Pulje 2,385651,1 05-09-2020,2. HD,2,HD,Herning,Skovbakken 3,"Tristan Kirk Jensen, Jens Frederik Guldbrandt","Rasmus Tran, Jesper Skovgård Jørvad","172177, 250412","24327, 12398","22-20, 21-12",home,Herning,
2020,1,1,-3,13225,Danmarksserien,Pulje 2,385651,1 05-09-2020,3. HD,3,HD,Herning,Skovbakken 3,"Jon Damsgård, Bastian Holm Nielsen","Jesper Kamp, Rasmus Jakobsen","48145, 46022","34893, 80067","21-17, 22-20",home,Herning,
2020,1,1,-3,13225,Danmarksserien,Pulje 2,385652,1 05-09-2020,1. MD,1,MD,Randers BK,Skødstrup,"Rene Lindskow, Katrine Rousing","Jeppe Langeland, Maibritt Haunstrup","19092, 157614","32168, 13625","21-10, 21-13",home,Randers BK,
2020,1,1,-3,13225,Danmarksserien,Pulje 2,385652,1 05-09-2020,2. MD,2,MD,Randers BK,Skødstrup,"Tommy Jensen, Lea Holst","Lars S. Andersen, Rikke Jørgensen","274079, 132151","9771, 9383","21-15, 20-22, 21-12",home,Randers BK,
2020,1,1,-3,13225,Danmarksserien,Pulje 2,385652,1 05-09-2020,1. DS,1,DS,Randers BK,Skødstrup,Josephine Stuhr Risager,Christina B. Pedersen,167298,11190,"21-12, 17-21, 24-22",home,Randers BK,
2020,1,1,-3,13225,Danmarksserien,Pulje 2,385652,1 05-09-2020,2. DS,2,DS,Randers BK,Skødstrup,Trine Jessen,Mette Jørgensen,2503,54424,"16-21, 21-11, 21-13",home,Randers BK,
2020,1,1,-3,13225,Danmarksserien,Pulje 2,385652,1 05-09-2020,1. HS,1,HS,Randers BK,Skødstrup,Alexander Hagensen,Morten Bitsch,49856,17262,"19-21, 12-21",away,Skødstrup,
2020,1,1,-3,13225,Danmarksserien,Pulje 2,385652,1 05-09-2020,2. HS,2,HS,Randers BK,Skødstrup,Jens Oksen Dahl,Casper B Pedersen,54543,12707,"21-10, 21-9",home,Randers BK,
2020,1,1,-3,13225,Danmarksserien,Pulje 2,385652,1 05-09-2020,3. HS,3,HS,Randers BK,Skødstrup,Johnny Freiheit Nielsen,Rasmus Pedersen,12104,157687,"21-14, 21-6",home,Randers BK,
2020,1,1,-3,13225,Danmarksserien,Pulje 2,385652,1 05-09-2020,4. HS,4,HS,Randers BK,Skødstrup,Kent Wiegers Jensen,Jacob Jørgensen,346445,79088,"22-20, 21-15",home,Randers BK,
2020,1,1,-3,13225,Danmarksserien,Pulje 2,385652,1 05-09-2020,1. DD,1,DD,Randers BK,Skødstrup,"Josephine Stuhr Risager, Lea Holst","Christina B. Pedersen, Mette Jørgensen","167298, 132151","11190, 54424","21-8, 21-15",home,Randers BK,
2020,1,1,-3,13225,Danmarksserien,Pulje 2,385652,1 05-09-2020,2. DD,2,DD,Randers BK,Skødstrup,"Katrine Rousing, Trine Jessen","Rikke Jørgensen, Maibritt Haunstrup","157614, 2503","9383, 13625","21-19, 21-13",home,Randers BK,
2020,1,1,-3,13225,Danmarksserien,Pulje 2,385652,1 05-09-2020,1. HD,1,HD,Randers BK,Skødstrup,"Johnny Freiheit Nielsen, Rene Lindskow","Rasmus Pedersen, Lars S. Andersen","12104, 19092","157687, 9771","21-17, 21-8",home,Randers BK,
2020,1,1,-3,13225,Danmarksserien,Pulje 2,385652,1 05-09-2020,2. HD,2,HD,Randers BK,Skødstrup,"Alexander Hagensen, Kent Wiegers Jensen","Casper B Pedersen, Jacob Jørgensen","49856, 346445","12707, 79088","21-17, 21-19",home,Randers BK,
2020,1,1,-3,13225,Danmarksserien,Pulje 2,385652,1 05-09-2020,3. HD,3,HD,Randers BK,Skødstrup,"Jens Oksen Dahl, Tommy Jensen","Jeppe Langeland, Morten Bitsch","54543, 274079","32168, 17262","21-14, 21-16",home,Randers BK,
2020,1,1,-3,13225,Danmarksserien,Pulje 2,385653,1 05-09-2020,1. MD,1,MD,Vejlby IK,abc Aalborg 3,"Jesper Pedersen, Line Koch","Rasmus Skjølstrup, Michela Uggerly","15181, 56405","51777, 88126","21-11, 21-13",home,Vejlby IK,
2020,1,1,-3,13225,Danmarksserien,Pulje 2,385653,1 05-09-2020,2. MD,2,MD,Vejlby IK,abc Aalborg 3,"Christian Gregersen, Laura Lundt","Martin Thy Bjerre, Marie Løth Topp","39263, 82632","43452, 607","21-16, 21-10",home,Vejlby IK,
2020,1,1,-3,13225,Danmarksserien,Pulje 2,385653,1 05-09-2020,1. DS,1,DS,Vejlby IK,abc Aalborg 3,Nanna Hald,Rikke Andersen,69246,1177,"21-4, 21-6",home,Vejlby IK,
2020,1,1,-3,13225,Danmarksserien,Pulje 2,385653,1 05-09-2020,2. DS,2,DS,Vejlby IK,abc Aalborg 3,Marie Lindgaard Sundwall,Laura Borg Andersen,84986,252553,"21-5, 21-4",home,Vejlby IK,
2020,1,1,-3,13225,Danmarksserien,Pulje 2,385653,1 05-09-2020,1. HS,1,HS,Vejlby IK,abc Aalborg 3,Anders Bjerrum,Jacob Tovgaard,19760,14219,"17-21, 19-21",away,abc Aalborg 3,
2020,1,1,-3,13225,Danmarksserien,Pulje 2,385653,1 05-09-2020,2. HS,2,HS,Vejlby IK,abc Aalborg 3,Andreas Skov,Thorkild Bendsen,277644,63615,"17-21, 15-21",away,abc Aalborg 3,
2020,1,1,-3,13225,Danmarksserien,Pulje 2,385653,1 05-09-2020,3. HS,3,HS,Vejlby IK,abc Aalborg 3,Martin Møller,Johan Simoni Haunsø,49891,87401,"21-19, 13-21, 20-22",away,abc Aalborg 3,
2020,1,1,-3,13225,Danmarksserien,Pulje 2,385653,1 05-09-2020,4. HS,4,HS,Vejlby IK,abc Aalborg 3,Ken Poulsen,Mads Møller Christensen,10264,65498,"11-21, 17-21",away,abc Aalborg 3,
2020,1,1,-3,13225,Danmarksserien,Pulje 2,385653,1 05-09-2020,1. DD,1,DD,Vejlby IK,abc Aalborg 3,"Line Koch, Laura Lundt","Marie Løth Topp, Rikke Andersen","56405, 82632","607, 1177","21-6, 21-8",home,Vejlby IK,
2020,1,1,-3,13225,Danmarksserien,Pulje 2,385653,1 05-09-2020,2. DD,2,DD,Vejlby IK,abc Aalborg 3,"Nanna Hald, Marie Lindgaard Sundwall","Michela Uggerly, Laura Borg Andersen","69246, 84986","88126, 252553","21-3, 21-16",home,Vejlby IK,
2020,1,1,-3,13225,Danmarksserien,Pulje 2,385653,1 05-09-2020,1. HD,1,HD,Vejlby IK,abc Aalborg 3,"Anders Bjerrum, Martin Møller","Martin Thy Bjerre, Rasmus Skjølstrup","19760, 49891","43452, 51777","21-18, 18-21, 13-21",away,abc Aalborg 3,
2020,1,1,-3,13225,Danmarksserien,Pulje 2,385653,1 05-09-2020,2. HD,2,HD,Vejlby IK,abc Aalborg 3,"Christian Gregersen, Andreas Skov","Jacob Tovgaard, Johan Simoni Haunsø","39263, 277644","14219, 87401","22-20, 22-24, 21-18",home,Vejlby IK,
2020,1,1,-3,13225,Danmarksserien,Pulje 2,385653,1 05-09-2020,3. HD,3,HD,Vejlby IK,abc Aalborg 3,"Jesper Pedersen, Ken Poulsen","Thorkild Bendsen, Mads Møller Christensen","15181, 10264","63615, 65498","21-14, 17-21, 17-21",away,abc Aalborg 3,
2020,1,1,-3,13225,Danmarksserien,Pulje 2,388120,1 05-09-2020,1. MD,1,MD,Vendsyssel 3,Team Salling/Sabro,"Allan Kolbro Nielsen, Line Philipsen","Peter Guldbjerg Jørgensen, Mathilde Bisgaard Schleef","12265, 78152","82936, 83009","17-21, 16-21",away,Team Salling/Sabro,
2020,1,1,-3,13225,Danmarksserien,Pulje 2,388120,1 05-09-2020,2. MD,2,MD,Vendsyssel 3,Team Salling/Sabro,"Frederik Ledet Andersen, Mathilde Larsen","Christian Serritslev, Lærke Milter Jensen","83831, 215434","24603, 51794","17-21, 15-21",away,Team Salling/Sabro,
2020,1,1,-3,13225,Danmarksserien,Pulje 2,388120,1 05-09-2020,1. DS,1,DS,Vendsyssel 3,Team Salling/Sabro,Marie-Louise Elkjær,Caroline Bisgaard Schleef,94155,72521,"20-22, 22-20, 21-13",home,Vendsyssel 3,
2020,1,1,-3,13225,Danmarksserien,Pulje 2,388120,1 05-09-2020,2. DS,2,DS,Vendsyssel 3,Team Salling/Sabro,Dicte Jensen,Rebekka Christensen,281677,77874,"21-11, 21-11",home,Vendsyssel 3,
2020,1,1,-3,13225,Danmarksserien,Pulje 2,388120,1 05-09-2020,1. HS,1,HS,Vendsyssel 3,Team Salling/Sabro,Malte Friis,Nils Markfoged,3291,82062,"17-21, 20-22",away,Team Salling/Sabro,
2020,1,1,-3,13225,Danmarksserien,Pulje 2,388120,1 05-09-2020,2. HS,2,HS,Vendsyssel 3,Team Salling/Sabro,Valdemar Bang Nielsen,Jesper Bach,2148,13385,"15-21, 15-21",away,Team Salling/Sabro,
2020,1,1,-3,13225,Danmarksserien,Pulje 2,388120,1 05-09-2020,3. HS,3,HS,Vendsyssel 3,Team Salling/Sabro,Emil Bak,Martin Andersen,92210,87897,"12-21, 18-21",away,Team Salling/Sabro,
2020,1,1,-3,13225,Danmarksserien,Pulje 2,388120,1 05-09-2020,4. HS,4,HS,Vendsyssel 3,Team Salling/Sabro,Magnus Falk,Alexander Ellerbæk Brandt,62358,36008,"21-15, 19-21, 17-21",away,Team Salling/Sabro,
2020,1,1,-3,13225,Danmarksserien,Pulje 2,388120,1 05-09-2020,1. DD,1,DD,Vendsyssel 3,Team Salling/Sabro,"Marie-Louise Elkjær, Line Philipsen","Caroline Bisgaard Schleef, Mathilde Bisgaard Schleef","94155, 78152","72521, 83009","15-21, 19-21",away,Team Salling/Sabro,
2020,1,1,-3,13225,Danmarksserien,Pulje 2,388120,1 05-09-2020,2. DD,2,DD,Vendsyssel 3,Team Salling/Sabro,"Dicte Jensen, Mathilde Larsen","Lærke Milter Jensen, Rebekka Christensen","281677, 215434","51794, 77874","21-9, 21-18",home,Vendsyssel 3,
2020,1,1,-3,13225,Danmarksserien,Pulje 2,388120,1 05-09-2020,1. HD,1,HD,Vendsyssel 3,Team Salling/Sabro,"Allan Kolbro Nielsen, Malte Friis","Nils Markfoged, Peter Guldbjerg Jørgensen","12265, 3291","82062, 82936","16-21, 28-26, 20-22",away,Team Salling/Sabro,
2020,1,1,-3,13225,Danmarksserien,Pulje 2,388120,1 05-09-2020,2. HD,2,HD,Vendsyssel 3,Team Salling/Sabro,"Valdemar Bang Nielsen, Emil Bak","Alexander Ellerbæk Brandt, Martin Andersen","2148, 92210","36008, 87897","18-21, 26-24, 24-22",home,Vendsyssel 3,
2020,1,1,-3,13225,Danmarksserien,Pulje 2,388120,1 05-09-2020,3. HD,3,HD,Vendsyssel 3,Team Salling/Sabro,"Magnus Falk, Frederik Ledet Andersen","Jesper Bach, Christian Serritslev","62358, 83831","13385, 24603","9-21, 26-24, 20-22",away,Team Salling/Sabro,
2020,1,1,-3,13225,Danmarksserien,Pulje 2,385655,2 19-09-2020,1. MD,1,MD,abc Aalborg 3,Herning,"Rasmus Skjølstrup, Marie Løth Topp","Tristan Kirk Jensen, Matilde Høj Hansen","51777, 607","172177, 68528","21-19, 21-17",home,abc Aalborg 3,
2020,1,1,-3,13225,Danmarksserien,Pulje 2,385655,2 19-09-2020,2. MD,2,MD,abc Aalborg 3,Herning,"Martin Thy Bjerre, Rikke Andersen","Jeppe Boysen-Ebler, Karoline Lynge Olesen","43452, 1177","242803, 246519","14-21, 13-21",away,Herning,
2020,1,1,-3,13225,Danmarksserien,Pulje 2,385655,2 19-09-2020,1. DS,1,DS,abc Aalborg 3,Herning,Linh Dan Nguyen,Nanna Maria Frandsen,265437,214609,"9-21, 11-21",away,Herning,
2020,1,1,-3,13225,Danmarksserien,Pulje 2,385655,2 19-09-2020,2. DS,2,DS,abc Aalborg 3,Herning,Cecilie Pedersen,Benedicte Maarbjerg Meedom,277231,245192,"5-21, 6-21",away,Herning,
2020,1,1,-3,13225,Danmarksserien,Pulje 2,385655,2 19-09-2020,1. HS,1,HS,abc Aalborg 3,Herning,Jacob Tovgaard,Mads Emil Monke,14219,236101,"14-21, 8-21",away,Herning,
2020,1,1,-3,13225,Danmarksserien,Pulje 2,385655,2 19-09-2020,2. HS,2,HS,abc Aalborg 3,Herning,Thorkild Bendsen,Simon Moesgaard,63615,156703,"21-14, 21-19",home,abc Aalborg 3,
2020,1,1,-3,13225,Danmarksserien,Pulje 2,385655,2 19-09-2020,3. HS,3,HS,abc Aalborg 3,Herning,Johan Simoni Haunsø,Niklas Bjerrum Jensen,87401,33874,"21-18, 21-10",home,abc Aalborg 3,
2020,1,1,-3,13225,Danmarksserien,Pulje 2,385655,2 19-09-2020,4. HS,4,HS,abc Aalborg 3,Herning,Mads Møller Christensen,Mark Vestergaard Olsen,65498,69360,"20-22, 17-21",away,Herning,
2020,1,1,-3,13225,Danmarksserien,Pulje 2,385655,2 19-09-2020,1. DD,1,DD,abc Aalborg 3,Herning,"Marie Løth Topp, Rikke Andersen","Matilde Høj Hansen, Nanna Maria Frandsen","607, 1177","68528, 214609","15-21, 21-14, 13-21",away,Herning,
2020,1,1,-3,13225,Danmarksserien,Pulje 2,385655,2 19-09-2020,2. DD,2,DD,abc Aalborg 3,Herning,"Linh Dan Nguyen, Cecilie Pedersen","Benedicte Maarbjerg Meedom, Karoline Lynge Olesen","265437, 277231","245192, 246519","15-21, 6-21",away,Herning,
2020,1,1,-3,13225,Danmarksserien,Pulje 2,385655,2 19-09-2020,1. HD,1,HD,abc Aalborg 3,Herning,"Martin Thy Bjerre, Rasmus Skjølstrup","Mads Emil Monke, Tristan Kirk Jensen","43452, 51777","236101, 172177","13-21, 22-24",away,Herning,
2020,1,1,-3,13225,Danmarksserien,Pulje 2,385655,2 19-09-2020,2. HD,2,HD,abc Aalborg 3,Herning,"Jacob Tovgaard, Johan Simoni Haunsø","Niklas Bjerrum Jensen, Mark Vestergaard Olsen","14219, 87401","33874, 69360","21-18, 21-17",home,abc Aalborg 3,
2020,1,1,-3,13225,Danmarksserien,Pulje 2,385655,2 19-09-2020,3. HD,3,HD,abc Aalborg 3,Herning,"Thorkild Bendsen, Mads Møller Christensen","Simon Moesgaard, Jeppe Boysen-Ebler","63615, 65498","156703, 242803","24-22, 14-21, 11-21",away,Herning,
2020,1,1,-3,13225,Danmarksserien,Pulje 2,385656,2 19-09-2020,1. MD,1,MD,Team Salling/Sabro,Randers BK,"Peter Guldbjerg Jørgensen, Mathilde Bisgaard Schleef","Tommy Jensen, Lea Holst","82936, 83009","274079, 132151","21-18, 21-11",home,Team Salling/Sabro,
2020,1,1,-3,13225,Danmarksserien,Pulje 2,385656,2 19-09-2020,2. MD,2,MD,Team Salling/Sabro,Randers BK,"Christian Serritslev, Caroline Bisgaard Schleef","Alexander Hagensen, Sofie Sall","24603, 72521","49856, 64770","12-21, 21-17, 14-21",away,Randers BK,
2020,1,1,-3,13225,Danmarksserien,Pulje 2,385656,2 19-09-2020,1. DS,1,DS,Team Salling/Sabro,Randers BK,Maiken Slorup Johansen,Josephine Stuhr Risager,94893,167298,"21-18, 21-15",home,Team Salling/Sabro,
2020,1,1,-3,13225,Danmarksserien,Pulje 2,385656,2 19-09-2020,2. DS,2,DS,Team Salling/Sabro,Randers BK,Ida Hove Sørensen,Trine Jessen,80203,2503,"26-28, 10-21",away,Randers BK,
2020,1,1,-3,13225,Danmarksserien,Pulje 2,385656,2 19-09-2020,1. HS,1,HS,Team Salling/Sabro,Randers BK,Nils Markfoged,Jens Oksen Dahl,82062,54543,"21-17, 21-7",home,Team Salling/Sabro,
2020,1,1,-3,13225,Danmarksserien,Pulje 2,385656,2 19-09-2020,2. HS,2,HS,Team Salling/Sabro,Randers BK,Jesper Bach,Johnny Freiheit Nielsen,13385,12104,"21-13, 21-17",home,Team Salling/Sabro,
2020,1,1,-3,13225,Danmarksserien,Pulje 2,385656,2 19-09-2020,3. HS,3,HS,Team Salling/Sabro,Randers BK,Martin Andersen,Kent Wiegers Jensen,87897,346445,"21-19, 21-18",home,Team Salling/Sabro,
2020,1,1,-3,13225,Danmarksserien,Pulje 2,385656,2 19-09-2020,4. HS,4,HS,Team Salling/Sabro,Randers BK,Mads Henningsen,Simon Berg Mikkelsen,50361,235516,"21-18, 10-21, 13-21",away,Randers BK,
2020,1,1,-3,13225,Danmarksserien,Pulje 2,385656,2 19-09-2020,1. DD,1,DD,Team Salling/Sabro,Randers BK,"Maiken Slorup Johansen, Mathilde Bisgaard Schleef","Lea Holst, Josephine Stuhr Risager","94893, 83009","132151, 167298","15-21, 21-15, 16-21",away,Randers BK,
2020,1,1,-3,13225,Danmarksserien,Pulje 2,385656,2 19-09-2020,2. DD,2,DD,Team Salling/Sabro,Randers BK,"Caroline Bisgaard Schleef, Ida Hove Sørensen","Sofie Sall, Trine Jessen","72521, 80203","64770, 2503","21-15, 21-10",home,Team Salling/Sabro,
2020,1,1,-3,13225,Danmarksserien,Pulje 2,385656,2 19-09-2020,1. HD,1,HD,Team Salling/Sabro,Randers BK,"Nils Markfoged, Peter Guldbjerg Jørgensen","Jens Oksen Dahl, Tommy Jensen","82062, 82936","54543, 274079","21-10, 21-19",home,Team Salling/Sabro,
2020,1,1,-3,13225,Danmarksserien,Pulje 2,385656,2 19-09-2020,2. HD,2,HD,Team Salling/Sabro,Randers BK,"Martin Andersen, Mads Henningsen","Kent Wiegers Jensen, Johnny Freiheit Nielsen","87897, 50361","346445, 12104","21-18, 21-14",home,Team Salling/Sabro,
2020,1,1,-3,13225,Danmarksserien,Pulje 2,385656,2 19-09-2020,3. HD,3,HD,Team Salling/Sabro,Randers BK,"Jesper Bach, Christian Serritslev","Alexander Hagensen, Simon Berg Mikkelsen","13385, 24603","49856, 235516","12-21, 22-20, 17-21",away,Randers BK,
2020,1,1,-3,13225,Danmarksserien,Pulje 2,385657,2 19-09-2020,1. MD,1,MD,Skovbakken 3,Vejlby IK,"Stephan Hjelmdal Nielsen, Natascha Fedders","Jesper Pedersen, Line Koch","13753, 75939","15181, 56405","15-21, 21-16, 19-21",away,Vejlby IK,
2020,1,1,-3,13225,Danmarksserien,Pulje 2,385657,2 19-09-2020,2. MD,2,MD,Skovbakken 3,Vejlby IK,"Jan Ulrik Simonsen, Kathrine Juhl Andersen","Christian Gregersen, Laura Lundt","12516, 82227","39263, 82632","21-12, 16-21, 21-16",home,Skovbakken 3,
2020,1,1,-3,13225,Danmarksserien,Pulje 2,385657,2 19-09-2020,1. DS,1,DS,Skovbakken 3,Vejlby IK,Stine Søgaard,Nanna Hald,69314,69246,"21-16, 21-15",home,Skovbakken 3,
2020,1,1,-3,13225,Danmarksserien,Pulje 2,385657,2 19-09-2020,2. DS,2,DS,Skovbakken 3,Vejlby IK,Anne Larsen,Marie Lindgaard Sundwall,51323,84986,"22-20, 21-18",home,Skovbakken 3,
2020,1,1,-3,13225,Danmarksserien,Pulje 2,385657,2 19-09-2020,1. HS,1,HS,Skovbakken 3,Vejlby IK,Victor Tang Merit,Anders Bjerrum,67191,19760,"21-10, 21-18",home,Skovbakken 3,
2020,1,1,-3,13225,Danmarksserien,Pulje 2,385657,2 19-09-2020,2. HS,2,HS,Skovbakken 3,Vejlby IK,Rasmus Tran,Andreas Skov,24327,277644,"21-17, 21-13",home,Skovbakken 3,
2020,1,1,-3,13225,Danmarksserien,Pulje 2,385657,2 19-09-2020,3. HS,3,HS,Skovbakken 3,Vejlby IK,Lasse Lildholdt,Martin Møller,70443,49891,"17-21, 21-8, 21-11",home,Skovbakken 3,
2020,1,1,-3,13225,Danmarksserien,Pulje 2,385657,2 19-09-2020,4. HS,4,HS,Skovbakken 3,Vejlby IK,Rasmus Jakobsen,Mikkel Gøth,80067,55521,"21-17, 21-9",home,Skovbakken 3,
2020,1,1,-3,13225,Danmarksserien,Pulje 2,385657,2 19-09-2020,1. DD,1,DD,Skovbakken 3,Vejlby IK,"Anne Larsen, Stine Søgaard","Laura Lundt, Line Koch","51323, 69314","82632, 56405","21-16, 21-10",home,Skovbakken 3,
2020,1,1,-3,13225,Danmarksserien,Pulje 2,385657,2 19-09-2020,2. DD,2,DD,Skovbakken 3,Vejlby IK,"Natascha Fedders, Kathrine Juhl Andersen","Marie Lindgaard Sundwall, Nanna Hald","75939, 82227","84986, 69246","21-19, 21-14",home,Skovbakken 3,
2020,1,1,-3,13225,Danmarksserien,Pulje 2,385657,2 19-09-2020,1. HD,1,HD,Skovbakken 3,Vejlby IK,"Stephan Hjelmdal Nielsen, Victor Tang Merit","Jesper Pedersen, Mikkel Gøth","13753, 67191","15181, 55521","21-16, 16-21, 23-25",away,Vejlby IK,
2020,1,1,-3,13225,Danmarksserien,Pulje 2,385657,2 19-09-2020,2. HD,2,HD,Skovbakken 3,Vejlby IK,"Jan Ulrik Simonsen, Lasse Lildholdt","Christian Gregersen, Andreas Skov","12516, 70443","39263, 277644","21-17, 21-15",home,Skovbakken 3,
2020,1,1,-3,13225,Danmarksserien,Pulje 2,385657,2 19-09-2020,3. HD,3,HD,Skovbakken 3,Vejlby IK,"Rasmus Tran, Rasmus Jakobsen","Anders Bjerrum, Martin Møller","24327, 80067","19760, 49891","20-22, 19-21",away,Vejlby IK,
2020,1,1,-3,13225,Danmarksserien,Pulje 2,388121,2 19-09-2020,1. MD,1,MD,Skødstrup,Vendsyssel 3,"Jeppe Langeland, Mette Jørgensen","Christian Thode, Line Philipsen","32168, 54424","35170, 78152","16-21, 6-21",away,Vendsyssel 3,
2020,1,1,-3,13225,Danmarksserien,Pulje 2,388121,2 19-09-2020,2. MD,2,MD,Skødstrup,Vendsyssel 3,"Lars S. Andersen, Maibritt Haunstrup","Frederik Ledet Andersen, Astrid Bak","9771, 13625","83831, 229363","21-15, 17-21, 20-22",away,Vendsyssel 3,
2020,1,1,-3,13225,Danmarksserien,Pulje 2,388121,2 19-09-2020,1. DS,1,DS,Skødstrup,Vendsyssel 3,Sarah Nielsen,Mathilde Larsen,91809,215434,"21-9, 21-12",home,Skødstrup,
2020,1,1,-3,13225,Danmarksserien,Pulje 2,388121,2 19-09-2020,2. DS,2,DS,Skødstrup,Vendsyssel 3,Christina B. Pedersen,Dicte Jensen,11190,281677,"21-17, 21-18",home,Skødstrup,
2020,1,1,-3,13225,Danmarksserien,Pulje 2,388121,2 19-09-2020,1. HS,1,HS,Skødstrup,Vendsyssel 3,Morten Bitsch,Malte Friis,17262,3291,"19-21, 21-15, 17-21",away,Vendsyssel 3,
2020,1,1,-3,13225,Danmarksserien,Pulje 2,388121,2 19-09-2020,2. HS,2,HS,Skødstrup,Vendsyssel 3,Anders Hvid,Valdemar Bang Nielsen,14570,2148,"16-21, 15-21",away,Vendsyssel 3,
2020,1,1,-3,13225,Danmarksserien,Pulje 2,388121,2 19-09-2020,3. HS,3,HS,Skødstrup,Vendsyssel 3,Casper B Pedersen,Emil Bak,12707,92210,"16-21, 21-18, 21-17",home,Skødstrup,
2020,1,1,-3,13225,Danmarksserien,Pulje 2,388121,2 19-09-2020,4. HS,4,HS,Skødstrup,Vendsyssel 3,Rasmus Pedersen,Magnus Falk,157687,62358,"21-16, 21-15",home,Skødstrup,
2020,1,1,-3,13225,Danmarksserien,Pulje 2,388121,2 19-09-2020,1. DD,1,DD,Skødstrup,Vendsyssel 3,"Christina B. Pedersen, Mette Jørgensen","Line Philipsen, Mathilde Larsen","11190, 54424","78152, 215434","21-16, 21-11",home,Skødstrup,
2020,1,1,-3,13225,Danmarksserien,Pulje 2,388121,2 19-09-2020,2. DD,2,DD,Skødstrup,Vendsyssel 3,"Sarah Nielsen, Maibritt Haunstrup","Astrid Bak, Dicte Jensen","91809, 13625","229363, 281677","21-17, 21-13",home,Skødstrup,
2020,1,1,-3,13225,Danmarksserien,Pulje 2,388121,2 19-09-2020,1. HD,1,HD,Skødstrup,Vendsyssel 3,"Morten Bitsch, Rasmus Pedersen","Christian Thode, Malte Friis","17262, 157687","35170, 3291","15-21, 21-15, 16-21",away,Vendsyssel 3,
2020,1,1,-3,13225,Danmarksserien,Pulje 2,388121,2 19-09-2020,2. HD,2,HD,Skødstrup,Vendsyssel 3,"Lars S. Andersen, Casper B Pedersen","Valdemar Bang Nielsen, Emil Bak","9771, 12707","2148, 92210","19-21, 21-23",away,Vendsyssel 3,
2020,1,1,-3,13225,Danmarksserien,Pulje 2,388121,2 19-09-2020,3. HD,3,HD,Skødstrup,Vendsyssel 3,"Anders Hvid, Jeppe Langeland","Magnus Falk, Frederik Ledet Andersen","14570, 32168","62358, 83831","21-15, 21-14",home,Skødstrup,
2020,1,1,-3,13225,Danmarksserien,Pulje 2,385659,3 03-10-2020,1. MD,1,MD,Skovbakken 3,Team Salling/Sabro,"Stephan Hjelmdal Nielsen, Maria Leth","Peter Guldbjerg Jørgensen, Mathilde Bisgaard Schleef","13753, 13883","82936, 83009","21-16, 21-11",home,Skovbakken 3,
2020,1,1,-3,13225,Danmarksserien,Pulje 2,385659,3 03-10-2020,2. MD,2,MD,Skovbakken 3,Team Salling/Sabro,"Rasmus Tang Staghøj, Kathrine Juhl Andersen","Mads Henningsen, Ida Hove Sørensen","14526, 82227","50361, 80203","21-17, 21-13",home,Skovbakken 3,
2020,1,1,-3,13225,Danmarksserien,Pulje 2,385659,3 03-10-2020,1. DS,1,DS,Skovbakken 3,Team Salling/Sabro,Anne Larsen,Maiken Slorup Johansen,51323,94893,"17-21, 16-21",away,Team Salling/Sabro,
2020,1,1,-3,13225,Danmarksserien,Pulje 2,385659,3 03-10-2020,2. DS,2,DS,Skovbakken 3,Team Salling/Sabro,Astrid Krog Sørensen,Caroline Bisgaard Schleef,71355,72521,"22-20, 23-21",home,Skovbakken 3,
2020,1,1,-3,13225,Danmarksserien,Pulje 2,385659,3 03-10-2020,1. HS,1,HS,Skovbakken 3,Team Salling/Sabro,Lasse Lildholdt,Nils Markfoged,70443,82062,"21-15, 21-15",home,Skovbakken 3,
2020,1,1,-3,13225,Danmarksserien,Pulje 2,385659,3 03-10-2020,2. HS,2,HS,Skovbakken 3,Team Salling/Sabro,Rasmus Jakobsen,Jesper Bach,80067,13385,"21-12, 21-18",home,Skovbakken 3,
2020,1,1,-3,13225,Danmarksserien,Pulje 2,385659,3 03-10-2020,3. HS,3,HS,Skovbakken 3,Team Salling/Sabro,Jesper Skovgård Jørvad,Martin Andersen,12398,87897,"15-21, 21-16, 13-21",away,Team Salling/Sabro,
2020,1,1,-3,13225,Danmarksserien,Pulje 2,385659,3 03-10-2020,4. HS,4,HS,Skovbakken 3,Team Salling/Sabro,Stig Holt Bøgh,Jakob Quist Holm,859,308926,"8-21, 21-16, 21-17",home,Skovbakken 3,
2020,1,1,-3,13225,Danmarksserien,Pulje 2,385659,3 03-10-2020,1. DD,1,DD,Skovbakken 3,Team Salling/Sabro,"Maria Leth, Anne Larsen","Maiken Slorup Johansen, Mathilde Bisgaard Schleef","13883, 51323","94893, 83009","21-11, 21-19",home,Skovbakken 3,
2020,1,1,-3,13225,Danmarksserien,Pulje 2,385659,3 03-10-2020,2. DD,2,DD,Skovbakken 3,Team Salling/Sabro,"Astrid Krog Sørensen, Kathrine Juhl Andersen","Ida Hove Sørensen, Caroline Bisgaard Schleef","71355, 82227","80203, 72521","21-13, 19-21, 14-21",away,Team Salling/Sabro,
2020,1,1,-3,13225,Danmarksserien,Pulje 2,385659,3 03-10-2020,1. HD,1,HD,Skovbakken 3,Team Salling/Sabro,"Lasse Lildholdt, Stephan Hjelmdal Nielsen","Peter Guldbjerg Jørgensen, Nils Markfoged","70443, 13753","82936, 82062","19-21, 15-21",away,Team Salling/Sabro,
2020,1,1,-3,13225,Danmarksserien,Pulje 2,385659,3 03-10-2020,2. HD,2,HD,Skovbakken 3,Team Salling/Sabro,"Jesper Skovgård Jørvad, Rasmus Tang Staghøj","Martin Andersen, Mads Henningsen","12398, 14526","87897, 50361","21-19, 17-21, 16-21",away,Team Salling/Sabro,
2020,1,1,-3,13225,Danmarksserien,Pulje 2,385659,3 03-10-2020,3. HD,3,HD,Skovbakken 3,Team Salling/Sabro,"Stig Holt Bøgh, Rasmus Jakobsen","Jesper Bach, Jakob Quist Holm","859, 80067","13385, 308926","21-16, 19-21, 21-18",home,Skovbakken 3,
2020,1,1,-3,13225,Danmarksserien,Pulje 2,385660,3 03-10-2020,1. MD,1,MD,Vejlby IK,Randers BK,"Christian Gregersen, Laura Lundt","Rene Lindskow, Katrine Rousing","39263, 82632","19092, 157614","19-21, 17-21",away,Randers BK,
2020,1,1,-3,13225,Danmarksserien,Pulje 2,385660,3 03-10-2020,2. MD,2,MD,Vejlby IK,Randers BK,"Jesper Pedersen, Sofie Munk Overgaard","Tommy Jensen, Lea Holst","15181, 85676","274079, 132151","22-20, 21-13",home,Vejlby IK,
2020,1,1,-3,13225,Danmarksserien,Pulje 2,385660,3 03-10-2020,1. DS,1,DS,Vejlby IK,Randers BK,Nanna Hald,Josephine Stuhr Risager,69246,167298,"21-16, 21-13",home,Vejlby IK,
2020,1,1,-3,13225,Danmarksserien,Pulje 2,385660,3 03-10-2020,2. DS,2,DS,Vejlby IK,Randers BK,Marie Lindgaard Sundwall,Trine Jessen,84986,2503,"12-21, 21-17, 21-14",home,Vejlby IK,
2020,1,1,-3,13225,Danmarksserien,Pulje 2,385660,3 03-10-2020,1. HS,1,HS,Vejlby IK,Randers BK,Anders Bjerrum,Alexander Hagensen,19760,49856,"6-21, 7-21",away,Randers BK,
2020,1,1,-3,13225,Danmarksserien,Pulje 2,385660,3 03-10-2020,2. HS,2,HS,Vejlby IK,Randers BK,Ken Poulsen,Jens Oksen Dahl,10264,54543,"17-21, 16-21",away,Randers BK,
2020,1,1,-3,13225,Danmarksserien,Pulje 2,385660,3 03-10-2020,3. HS,3,HS,Vejlby IK,Randers BK,Niels Casper Jensen,Johnny Freiheit Nielsen,157600,12104,"17-21, 10-21",away,Randers BK,
2020,1,1,-3,13225,Danmarksserien,Pulje 2,385660,3 03-10-2020,4. HS,4,HS,Vejlby IK,Randers BK,Mikkel Gøth,Kent Wiegers Jensen,55521,346445,"25-23, 17-21, 9-21",away,Randers BK,
2020,1,1,-3,13225,Danmarksserien,Pulje 2,385660,3 03-10-2020,1. DD,1,DD,Vejlby IK,Randers BK,"Nanna Hald, Marie Lindgaard Sundwall","Josephine Stuhr Risager, Lea Holst","69246, 84986","167298, 132151","14-21, 21-13, 21-19",home,Vejlby IK,
2020,1,1,-3,13225,Danmarksserien,Pulje 2,385660,3 03-10-2020,2. DD,2,DD,Vejlby IK,Randers BK,"Laura Lundt, Sofie Munk Overgaard","Katrine Rousing, Trine Jessen","82632, 85676","157614, 2503","21-18, 17-21, 21-19",home,Vejlby IK,
2020,1,1,-3,13225,Danmarksserien,Pulje 2,385660,3 03-10-2020,1. HD,1,HD,Vejlby IK,Randers BK,"Jesper Pedersen, Mikkel Gøth","Rene Lindskow, Johnny Freiheit Nielsen","15181, 55521","19092, 12104","16-21, 17-21",away,Randers BK,
2020,1,1,-3,13225,Danmarksserien,Pulje 2,385660,3 03-10-2020,2. HD,2,HD,Vejlby IK,Randers BK,"Anders Bjerrum, Ken Poulsen","Kent Wiegers Jensen, Alexander Hagensen","19760, 10264","346445, 49856","17-21, 20-22",away,Randers BK,
2020,1,1,-3,13225,Danmarksserien,Pulje 2,385660,3 03-10-2020,3. HD,3,HD,Vejlby IK,Randers BK,"Christian Gregersen, Niels Casper Jensen","Tommy Jensen, Jens Oksen Dahl","39263, 157600","274079, 54543","21-18, 21-14",home,Vejlby IK,
2020,1,1,-3,13225,Danmarksserien,Pulje 2,385661,3 03-10-2020,1. MD,1,MD,abc Aalborg 3,Skødstrup,"Rasmus Skjølstrup, Marie Løth Topp","Rasmus Pedersen, Mette Jørgensen","51777, 607","157687, 54424","19-21, 21-8, 21-17",home,abc Aalborg 3,
2020,1,1,-3,13225,Danmarksserien,Pulje 2,385661,3 03-10-2020,2. MD,2,MD,abc Aalborg 3,Skødstrup,"Martin Thy Bjerre, Rikke Andersen","Lars S. Andersen, Maibritt Haunstrup","43452, 1177","9771, 13625","22-20, 21-17",home,abc Aalborg 3,
2020,1,1,-3,13225,Danmarksserien,Pulje 2,385661,3 03-10-2020,1. DS,1,DS,abc Aalborg 3,Skødstrup,Sofie Laulund Bruun,Sarah Nielsen,87976,91809,"7-21, 15-21",away,Skødstrup,
2020,1,1,-3,13225,Danmarksserien,Pulje 2,385661,3 03-10-2020,2. DS,2,DS,abc Aalborg 3,Skødstrup,Linh Dan Nguyen,Christina B. Pedersen,265437,11190,"8-21, 17-21",away,Skødstrup,
2020,1,1,-3,13225,Danmarksserien,Pulje 2,385661,3 03-10-2020,1. HS,1,HS,abc Aalborg 3,Skødstrup,Frederik Houlberg,Morten Bitsch,47996,17262,"21-19, 21-12",home,abc Aalborg 3,
2020,1,1,-3,13225,Danmarksserien,Pulje 2,385661,3 03-10-2020,2. HS,2,HS,abc Aalborg 3,Skødstrup,Thorkild Bendsen,Anders Hvid,63615,14570,"13-21, 23-21, 21-13",home,abc Aalborg 3,
2020,1,1,-3,13225,Danmarksserien,Pulje 2,385661,3 03-10-2020,3. HS,3,HS,abc Aalborg 3,Skødstrup,Johan Simoni Haunsø,Jacob Jørgensen,87401,79088,"21-8, 21-16",home,abc Aalborg 3,
2020,1,1,-3,13225,Danmarksserien,Pulje 2,385661,3 03-10-2020,4. HS,4,HS,abc Aalborg 3,Skødstrup,Mads Møller Christensen,Casper B Pedersen,65498,12707,"21-11, 21-11",home,abc Aalborg 3,
2020,1,1,-3,13225,Danmarksserien,Pulje 2,385661,3 03-10-2020,1. DD,1,DD,abc Aalborg 3,Skødstrup,"Marie Løth Topp, Rikke Andersen","Christina B. Pedersen, Mette Jørgensen","607, 1177","11190, 54424","6-21, 10-21",away,Skødstrup,
2020,1,1,-3,13225,Danmarksserien,Pulje 2,385661,3 03-10-2020,2. DD,2,DD,abc Aalborg 3,Skødstrup,"Linh Dan Nguyen, Sofie Laulund Bruun","Sarah Nielsen, Maibritt Haunstrup","265437, 87976","91809, 13625","21-16, 13-21, 19-21",away,Skødstrup,
2020,1,1,-3,13225,Danmarksserien,Pulje 2,385661,3 03-10-2020,1. HD,1,HD,abc Aalborg 3,Skødstrup,"Martin Thy Bjerre, Rasmus Skjølstrup","Morten Bitsch, Rasmus Pedersen","43452, 51777","17262, 157687","21-12, 21-8",home,abc Aalborg 3,
2020,1,1,-3,13225,Danmarksserien,Pulje 2,385661,3 03-10-2020,2. HD,2,HD,abc Aalborg 3,Skødstrup,"Johan Simoni Haunsø, Frederik Houlberg","Anders Hvid, Lars S. Andersen","87401, 47996","14570, 9771","22-20, 21-16",home,abc Aalborg 3,
2020,1,1,-3,13225,Danmarksserien,Pulje 2,385661,3 03-10-2020,3. HD,3,HD,abc Aalborg 3,Skødstrup,"Mads Møller Christensen, Thorkild Bendsen","Casper B Pedersen, Jacob Jørgensen","65498, 63615","12707, 79088","21-13, 21-13",home,abc Aalborg 3,
2020,1,1,-3,13225,Danmarksserien,Pulje 2,388122,3 03-10-2020,1. MD,1,MD,Herning,Vendsyssel 3,"Tristan Kirk Jensen, Anne-Sofie Abild Mortensen","Mads Jensen, Jannie Nedergaard","172177, 334969","227657, 153881","21-16, 21-7",home,Herning,
2020,1,1,-3,13225,Danmarksserien,Pulje 2,388122,3 03-10-2020,2. MD,2,MD,Herning,Vendsyssel 3,"Jeppe Boysen-Ebler, Matilde Høj Hansen","Christian Thode, Line Philipsen","242803, 68528","35170, 78152","21-19, 21-18",home,Herning,
2020,1,1,-3,13225,Danmarksserien,Pulje 2,388122,3 03-10-2020,1. DS,1,DS,Herning,Vendsyssel 3,Nanna Maria Frandsen,Mathilde Larsen,214609,215434,"23-21, 24-26, 16-21",away,Vendsyssel 3,
2020,1,1,-3,13225,Danmarksserien,Pulje 2,388122,3 03-10-2020,2. DS,2,DS,Herning,Vendsyssel 3,Benedicte Maarbjerg Meedom,Dicte Jensen,245192,281677,"21-13, 21-17",home,Herning,
2020,1,1,-3,13225,Danmarksserien,Pulje 2,388122,3 03-10-2020,1. HS,1,HS,Herning,Vendsyssel 3,Mads Emil Monke,Malte Friis,236101,3291,"21-15, 21-15",home,Herning,
2020,1,1,-3,13225,Danmarksserien,Pulje 2,388122,3 03-10-2020,2. HS,2,HS,Herning,Vendsyssel 3,Simon Moesgaard,Lars Holst,156703,12907,"21-14, 21-14",home,Herning,
2020,1,1,-3,13225,Danmarksserien,Pulje 2,388122,3 03-10-2020,3. HS,3,HS,Herning,Vendsyssel 3,Mark Vestergaard Olsen,Magnus Falk,69360,62358,"21-11, 21-11",home,Herning,
2020,1,1,-3,13225,Danmarksserien,Pulje 2,388122,3 03-10-2020,4. HS,4,HS,Herning,Vendsyssel 3,Bastian Holm Nielsen,Frederik Ledet Andersen,46022,83831,"21-15, 21-6",home,Herning,
2020,1,1,-3,13225,Danmarksserien,Pulje 2,388122,3 03-10-2020,1. DD,1,DD,Herning,Vendsyssel 3,"Anne-Sofie Abild Mortensen, Nanna Maria Frandsen","Dicte Jensen, Mathilde Larsen","334969, 214609","281677, 215434","21-4, 21-5",home,Herning,
2020,1,1,-3,13225,Danmarksserien,Pulje 2,388122,3 03-10-2020,2. DD,2,DD,Herning,Vendsyssel 3,"Benedicte Maarbjerg Meedom, Matilde Høj Hansen","Line Philipsen, Jannie Nedergaard","245192, 68528","78152, 153881","21-15, 21-9",home,Herning,
2020,1,1,-3,13225,Danmarksserien,Pulje 2,388122,3 03-10-2020,1. HD,1,HD,Herning,Vendsyssel 3,"Mads Emil Monke, Tristan Kirk Jensen","Lars Holst, Frederik Ledet Andersen","236101, 172177","12907, 83831","21-14, 21-13",home,Herning,
2020,1,1,-3,13225,Danmarksserien,Pulje 2,388122,3 03-10-2020,2. HD,2,HD,Herning,Vendsyssel 3,"Bastian Holm Nielsen, Mark Vestergaard Olsen","Christian Thode, Malte Friis","46022, 69360","35170, 3291","19-21, 19-21",away,Vendsyssel 3,
2020,1,1,-3,13225,Danmarksserien,Pulje 2,388122,3 03-10-2020,3. HD,3,HD,Herning,Vendsyssel 3,"Simon Moesgaard, Jeppe Boysen-Ebler","Magnus Falk, Mads Jensen","156703, 242803","62358, 227657","21-15, 21-19",home,Herning,
2020,1,1,-3,13225,Danmarksserien,Pulje 2,385662,4 24-10-2020,1. MD,1,MD,Team Salling/Sabro,Herning,"Peter Guldbjerg Jørgensen, Mathilde Bisgaard Schleef","Tristan Kirk Jensen, Anne-Sofie Abild Mortensen","82936, 83009","172177, 334969","20-22, 21-18, 21-9",home,Team Salling/Sabro,
2020,1,1,-3,13225,Danmarksserien,Pulje 2,385662,4 24-10-2020,2. MD,2,MD,Team Salling/Sabro,Herning,"Christian Serritslev, Caroline Bisgaard Schleef","Jeppe Boysen-Ebler, Benedicte Maarbjerg Meedom","24603, 72521","242803, 245192","8-21, 21-12, 18-21",away,Herning,
2020,1,1,-3,13225,Danmarksserien,Pulje 2,385662,4 24-10-2020,1. DS,1,DS,Team Salling/Sabro,Herning,Maiken Slorup Johansen,Nanna Maria Frandsen,94893,214609,"21-14, 21-15",home,Team Salling/Sabro,
2020,1,1,-3,13225,Danmarksserien,Pulje 2,385662,4 24-10-2020,2. DS,2,DS,Team Salling/Sabro,Herning,Ida Hove Sørensen,Karoline Lynge Olesen,80203,246519,"21-14, 21-16",home,Team Salling/Sabro,
2020,1,1,-3,13225,Danmarksserien,Pulje 2,385662,4 24-10-2020,1. HS,1,HS,Team Salling/Sabro,Herning,Nils Markfoged,Mads Emil Monke,82062,236101,"21-23, 22-20, 18-21",away,Herning,
2020,1,1,-3,13225,Danmarksserien,Pulje 2,385662,4 24-10-2020,2. HS,2,HS,Team Salling/Sabro,Herning,Jesper Bach,Simon Moesgaard,13385,156703,"21-12, 14-21, 18-21",away,Herning,
2020,1,1,-3,13225,Danmarksserien,Pulje 2,385662,4 24-10-2020,3. HS,3,HS,Team Salling/Sabro,Herning,Martin Andersen,Jens Frederik Guldbrandt,87897,250412,"21-17, 21-19",home,Team Salling/Sabro,
2020,1,1,-3,13225,Danmarksserien,Pulje 2,385662,4 24-10-2020,4. HS,4,HS,Team Salling/Sabro,Herning,Jakob Quist Holm,Daniel Domdal,308926,163995,"21-16, 21-16",home,Team Salling/Sabro,
2020,1,1,-3,13225,Danmarksserien,Pulje 2,385662,4 24-10-2020,1. DD,1,DD,Team Salling/Sabro,Herning,"Maiken Slorup Johansen, Mathilde Bisgaard Schleef","Anne-Sofie Abild Mortensen, Nanna Maria Frandsen","94893, 83009","334969, 214609","22-20, 21-19",home,Team Salling/Sabro,
2020,1,1,-3,13225,Danmarksserien,Pulje 2,385662,4 24-10-2020,2. DD,2,DD,Team Salling/Sabro,Herning,"Caroline Bisgaard Schleef, Ida Hove Sørensen","Karoline Lynge Olesen, Benedicte Maarbjerg Meedom","72521, 80203","246519, 245192","24-22, 14-21, 21-16",home,Team Salling/Sabro,
2020,1,1,-3,13225,Danmarksserien,Pulje 2,385662,4 24-10-2020,1. HD,1,HD,Team Salling/Sabro,Herning,"Nils Markfoged, Peter Guldbjerg Jørgensen","Tristan Kirk Jensen, Mads Emil Monke","82062, 82936","172177, 236101","7-21, 21-10, 21-18",home,Team Salling/Sabro,
2020,1,1,-3,13225,Danmarksserien,Pulje 2,385662,4 24-10-2020,2. HD,2,HD,Team Salling/Sabro,Herning,"Martin Andersen, Jakob Quist Holm","Simon Moesgaard, Jeppe Boysen-Ebler","87897, 308926","156703, 242803","18-21, 17-21",away,Herning,
2020,1,1,-3,13225,Danmarksserien,Pulje 2,385662,4 24-10-2020,3. HD,3,HD,Team Salling/Sabro,Herning,"Christian Serritslev, Jesper Bach","Daniel Domdal, Jens Frederik Guldbrandt","24603, 13385","163995, 250412","21-14, 21-16",home,Team Salling/Sabro,
2020,1,1,-3,13225,Danmarksserien,Pulje 2,385663,4 24-10-2020,1. MD,1,MD,Randers BK,Skovbakken 3,"Rene Lindskow, Katrine Rousing","Stephan Hjelmdal Nielsen, Maibritt Meldgaard","19092, 157614","13753, 86160","21-18, 21-14",home,Randers BK,
2020,1,1,-3,13225,Danmarksserien,Pulje 2,385663,4 24-10-2020,2. MD,2,MD,Randers BK,Skovbakken 3,"Alexander Hagensen, Lea Holst","Rasmus Tang Staghøj, Kathrine Juhl Andersen","49856, 132151","14526, 82227","21-17, 26-24",home,Randers BK,
2020,1,1,-3,13225,Danmarksserien,Pulje 2,385663,4 24-10-2020,1. DS,1,DS,Randers BK,Skovbakken 3,Josephine Stuhr Risager,Stine Søgaard,167298,69314,"11-21, 13-21",away,Skovbakken 3,
2020,1,1,-3,13225,Danmarksserien,Pulje 2,385663,4 24-10-2020,2. DS,2,DS,Randers BK,Skovbakken 3,Trine Jessen,Stinne B. Enevoldsen,2503,64722,"21-16, 21-23, 15-21",away,Skovbakken 3,
2020,1,1,-3,13225,Danmarksserien,Pulje 2,385663,4 24-10-2020,1. HS,1,HS,Randers BK,Skovbakken 3,Martin Kragh,Mads Andreasen,23182,68925,"21-10, 21-13",home,Randers BK,
2020,1,1,-3,13225,Danmarksserien,Pulje 2,385663,4 24-10-2020,2. HS,2,HS,Randers BK,Skovbakken 3,Jens Oksen Dahl,Lasse Lildholdt,54543,70443,"21-11, 21-9",home,Randers BK,
2020,1,1,-3,13225,Danmarksserien,Pulje 2,385663,4 24-10-2020,3. HS,3,HS,Randers BK,Skovbakken 3,Johnny Freiheit Nielsen,Rasmus Jakobsen,12104,80067,"15-21, 21-13, 11-21",away,Skovbakken 3,
2020,1,1,-3,13225,Danmarksserien,Pulje 2,385663,4 24-10-2020,4. HS,4,HS,Randers BK,Skovbakken 3,Simon Berg Mikkelsen,Søren N. Lund,235516,69000,"23-21, 14-21, 21-14",home,Randers BK,
2020,1,1,-3,13225,Danmarksserien,Pulje 2,385663,4 24-10-2020,1. DD,1,DD,Randers BK,Skovbakken 3,"Josephine Stuhr Risager, Lea Holst","Stinne B. Enevoldsen, Stine Søgaard","167298, 132151","64722, 69314","18-21, 13-21",away,Skovbakken 3,
2020,1,1,-3,13225,Danmarksserien,Pulje 2,385663,4 24-10-2020,2. DD,2,DD,Randers BK,Skovbakken 3,"Katrine Rousing, Trine Jessen","Maibritt Meldgaard, Kathrine Juhl Andersen","157614, 2503","86160, 82227","10-21, 21-17, 21-12",home,Randers BK,
2020,1,1,-3,13225,Danmarksserien,Pulje 2,385663,4 24-10-2020,1. HD,1,HD,Randers BK,Skovbakken 3,"Rene Lindskow, Johnny Freiheit Nielsen","Stephan Hjelmdal Nielsen, Rasmus Tang Staghøj","19092, 12104","13753, 14526","23-21, 21-18",home,Randers BK,
2020,1,1,-3,13225,Danmarksserien,Pulje 2,385663,4 24-10-2020,2. HD,2,HD,Randers BK,Skovbakken 3,"Martin Kragh, Jens Oksen Dahl","Søren N. Lund, Lasse Lildholdt","23182, 54543","69000, 70443","21-13, 21-10",home,Randers BK,
2020,1,1,-3,13225,Danmarksserien,Pulje 2,385663,4 24-10-2020,3. HD,3,HD,Randers BK,Skovbakken 3,"Alexander Hagensen, Simon Berg Mikkelsen","Rasmus Jakobsen, Mads Andreasen","49856, 235516","80067, 68925","17-21, 21-15, 21-14",home,Randers BK,
2020,1,1,-3,13225,Danmarksserien,Pulje 2,385664,4 24-10-2020,1. MD,1,MD,Skødstrup,Vejlby IK,"Ronnie Haunstrup, Mette Jørgensen","Christian Gregersen, Laura Lundt","9821, 54424","39263, 82632","13-21, 15-21",away,Vejlby IK,
2020,1,1,-3,13225,Danmarksserien,Pulje 2,385664,4 24-10-2020,2. MD,2,MD,Skødstrup,Vejlby IK,"Lars S. Andersen, Maibritt Haunstrup","Mikkel Gøth, Line Koch","9771, 13625","55521, 56405","9-21, 14-21",away,Vejlby IK,
2020,1,1,-3,13225,Danmarksserien,Pulje 2,385664,4 24-10-2020,1. DS,1,DS,Skødstrup,Vejlby IK,Sarah Nielsen,Nanna Hald,91809,69246,"26-24, 19-21, 20-22",away,Vejlby IK,
2020,1,1,-3,13225,Danmarksserien,Pulje 2,385664,4 24-10-2020,2. DS,2,DS,Skødstrup,Vejlby IK,Christina B. Pedersen,Marie Lindgaard Sundwall,11190,84986,"18-21, 19-21",away,Vejlby IK,
2020,1,1,-3,13225,Danmarksserien,Pulje 2,385664,4 24-10-2020,1. HS,1,HS,Skødstrup,Vejlby IK,Morten Bitsch,Anders Bjerrum,17262,19760,"21-17, 21-17",home,Skødstrup,
2020,1,1,-3,13225,Danmarksserien,Pulje 2,385664,4 24-10-2020,2. HS,2,HS,Skødstrup,Vejlby IK,Anders Hvid,Andreas Skov,14570,277644,"21-11, 21-9",home,Skødstrup,
2020,1,1,-3,13225,Danmarksserien,Pulje 2,385664,4 24-10-2020,3. HS,3,HS,Skødstrup,Vejlby IK,Casper B Pedersen,Asger Laier Nielsen,12707,19332,"21-16, 21-13",home,Skødstrup,
2020,1,1,-3,13225,Danmarksserien,Pulje 2,385664,4 24-10-2020,4. HS,4,HS,Skødstrup,Vejlby IK,Rasmus Pedersen,Martin Møller,157687,49891,"17-21, 18-21",away,Vejlby IK,
2020,1,1,-3,13225,Danmarksserien,Pulje 2,385664,4 24-10-2020,1. DD,1,DD,Skødstrup,Vejlby IK,"Christina B. Pedersen, Mette Jørgensen","Laura Lundt, Line Koch","11190, 54424","82632, 56405","16-21, 21-17, 21-19",home,Skødstrup,
2020,1,1,-3,13225,Danmarksserien,Pulje 2,385664,4 24-10-2020,2. DD,2,DD,Skødstrup,Vejlby IK,"Maibritt Haunstrup, Sarah Nielsen","Marie Lindgaard Sundwall, Nanna Hald","13625, 91809","84986, 69246","21-19, 16-21, 12-21",away,Vejlby IK,
2020,1,1,-3,13225,Danmarksserien,Pulje 2,385664,4 24-10-2020,1. HD,1,HD,Skødstrup,Vejlby IK,"Anders Hvid, Ronnie Haunstrup","Asger Laier Nielsen, Mikkel Gøth","14570, 9821","19332, 55521","20-22, 21-15, 12-21",away,Vejlby IK,
2020,1,1,-3,13225,Danmarksserien,Pulje 2,385664,4 24-10-2020,2. HD,2,HD,Skødstrup,Vejlby IK,"Morten Bitsch, Rasmus Pedersen","Christian Gregersen, Andreas Skov","17262, 157687","39263, 277644","21-11, 21-16",home,Skødstrup,
2020,1,1,-3,13225,Danmarksserien,Pulje 2,385664,4 24-10-2020,3. HD,3,HD,Skødstrup,Vejlby IK,"Lars S. Andersen, Casper B Pedersen","Anders Bjerrum, Martin Møller","9771, 12707","19760, 49891","21-16, 15-21, 15-21",away,Vejlby IK,
2020,1,1,-3,13225,Danmarksserien,Pulje 2,388123,4 24-10-2020,1. MD,1,MD,Vendsyssel 3,abc Aalborg 3,"Frederik Ledet Andersen, Line Philipsen","Rasmus Skjølstrup, Marie Løth Topp","83831, 78152","51777, 607","22-20, 21-17",home,Vendsyssel 3,
2020,1,1,-3,13225,Danmarksserien,Pulje 2,388123,4 24-10-2020,2. MD,2,MD,Vendsyssel 3,abc Aalborg 3,"Mads Jensen, Mathilde Larsen","Martin Thy Bjerre, Rikke Andersen","227657, 215434","43452, 1177","21-17, 14-21, 18-21",away,abc Aalborg 3,
2020,1,1,-3,13225,Danmarksserien,Pulje 2,388123,4 24-10-2020,1. DS,1,DS,Vendsyssel 3,abc Aalborg 3,Marie-Louise Elkjær,Sofie Laulund Bruun,94155,87976,"21-14, 21-17",home,Vendsyssel 3,
2020,1,1,-3,13225,Danmarksserien,Pulje 2,388123,4 24-10-2020,2. DS,2,DS,Vendsyssel 3,abc Aalborg 3,Dicte Jensen,Linh Dan Nguyen,281677,265437,"21-11, 21-9",home,Vendsyssel 3,
2020,1,1,-3,13225,Danmarksserien,Pulje 2,388123,4 24-10-2020,1. HS,1,HS,Vendsyssel 3,abc Aalborg 3,Malte Friis,Frederik Houlberg,3291,47996,"21-23, 15-21",away,abc Aalborg 3,
2020,1,1,-3,13225,Danmarksserien,Pulje 2,388123,4 24-10-2020,2. HS,2,HS,Vendsyssel 3,abc Aalborg 3,Emil Bak,Thorkild Bendsen,92210,63615,"18-21, 9-21",away,abc Aalborg 3,
2020,1,1,-3,13225,Danmarksserien,Pulje 2,388123,4 24-10-2020,3. HS,3,HS,Vendsyssel 3,abc Aalborg 3,Lars Holst,Johan Simoni Haunsø,12907,87401,"19-21, 21-19, 17-21",away,abc Aalborg 3,
2020,1,1,-3,13225,Danmarksserien,Pulje 2,388123,4 24-10-2020,4. HS,4,HS,Vendsyssel 3,abc Aalborg 3,Nikolaj Blunck,Mads Møller Christensen,244634,65498,"19-21, 11-21",away,abc Aalborg 3,
2020,1,1,-3,13225,Danmarksserien,Pulje 2,388123,4 24-10-2020,1. DD,1,DD,Vendsyssel 3,abc Aalborg 3,"Marie-Louise Elkjær, Mathilde Larsen","Marie Løth Topp, Rikke Andersen","94155, 215434","607, 1177","21-19, 21-14",home,Vendsyssel 3,
2020,1,1,-3,13225,Danmarksserien,Pulje 2,388123,4 24-10-2020,2. DD,2,DD,Vendsyssel 3,abc Aalborg 3,"Dicte Jensen, Line Philipsen","Linh Dan Nguyen, Sofie Laulund Bruun","281677, 78152","265437, 87976","21-16, 21-13",home,Vendsyssel 3,
2020,1,1,-3,13225,Danmarksserien,Pulje 2,388123,4 24-10-2020,1. HD,1,HD,Vendsyssel 3,abc Aalborg 3,"Nikolaj Blunck, Malte Friis","Martin Thy Bjerre, Rasmus Skjølstrup","244634, 3291","43452, 51777","11-21, 18-21",away,abc Aalborg 3,
2020,1,1,-3,13225,Danmarksserien,Pulje 2,388123,4 24-10-2020,2. HD,2,HD,Vendsyssel 3,abc Aalborg 3,"Frederik Ledet Andersen, Lars Holst","Frederik Houlberg, Johan Simoni Haunsø","83831, 12907","47996, 87401","14-21, 13-21",away,abc Aalborg 3,
2020,1,1,-3,13225,Danmarksserien,Pulje 2,388123,4 24-10-2020,3. HD,3,HD,Vendsyssel 3,abc Aalborg 3,"Mads Jensen, Emil Bak","Thorkild Bendsen, Mads Møller Christensen","227657, 92210","63615, 65498","21-11, 22-24, 21-18",home,Vendsyssel 3,
2020,1,1,-3,13226,Danmarksserien,Pulje 3,385678,1 05-09-2020,1. MD,1,MD,Middelfart,Viby J 4,"Adam Rasmussen, Julie Gundertofte","Thomas Skovsgaard, Kristine Bjørnshauge","43083, 88912","92822, 87824","19-21, 21-14, 21-13",home,Middelfart,
2020,1,1,-3,13226,Danmarksserien,Pulje 3,385678,1 05-09-2020,2. MD,2,MD,Middelfart,Viby J 4,"Christian Pryds Rasmussen, Ditte Lund","Casper Thyrring Pedersen, Laura Laursen","17806, 80935","2203, 197050","21-15, 21-12",home,Middelfart,
2020,1,1,-3,13226,Danmarksserien,Pulje 3,385678,1 05-09-2020,1. DS,1,DS,Middelfart,Viby J 4,Katerina Zuzakova,Stefanie Nielson,324981,76506,"21-6, 21-13",home,Middelfart,
2020,1,1,-3,13226,Danmarksserien,Pulje 3,385678,1 05-09-2020,2. DS,2,DS,Middelfart,Viby J 4,Jannie Jensen,Celine Hurup Kristoffersen,68865,79230,"12-21, 18-21",away,Viby J 4,
2020,1,1,-3,13226,Danmarksserien,Pulje 3,385678,1 05-09-2020,1. HS,1,HS,Middelfart,Viby J 4,Lukas Zevl (EU),Anders Søndergaard,153431,76769,"21-12, 21-9",home,Middelfart,
2020,1,1,-3,13226,Danmarksserien,Pulje 3,385678,1 05-09-2020,2. HS,2,HS,Middelfart,Viby J 4,Henrik Vestergård,Rasmus Andersen,13015,62052,"21-16, 21-14",home,Middelfart,
2020,1,1,-3,13226,Danmarksserien,Pulje 3,385678,1 05-09-2020,3. HS,3,HS,Middelfart,Viby J 4,Christoffer Lassen,Bartal Poulsen,14309,163486,,away,Viby J 4,V
2020,1,1,-3,13226,Danmarksserien,Pulje 3,385678,1 05-09-2020,4. HS,4,HS,Middelfart,Viby J 4,Mathias Poulsen,Nicolai Skou Ernstsen,224824,78766,"23-21, 12-21, 20-22",away,Viby J 4,
2020,1,1,-3,13226,Danmarksserien,Pulje 3,385678,1 05-09-2020,1. DD,1,DD,Middelfart,Viby J 4,"Katerina Zuzakova, Julie Gundertofte","Kristine Bjørnshauge, Laura Laursen","324981, 88912","87824, 197050","21-13, 23-21",home,Middelfart,
2020,1,1,-3,13226,Danmarksserien,Pulje 3,385678,1 05-09-2020,2. DD,2,DD,Middelfart,Viby J 4,"Ditte Lund, Jannie Jensen","Stefanie Nielson, Celine Hurup Kristoffersen","80935, 68865","76506, 79230","19-21, 16-21",away,Viby J 4,
2020,1,1,-3,13226,Danmarksserien,Pulje 3,385678,1 05-09-2020,1. HD,1,HD,Middelfart,Viby J 4,"Lukas Zevl (EU), Henrik Vestergård","Rasmus Andersen, Casper Thyrring Pedersen","153431, 13015","62052, 2203","21-19, 21-14",home,Middelfart,
2020,1,1,-3,13226,Danmarksserien,Pulje 3,385678,1 05-09-2020,2. HD,2,HD,Middelfart,Viby J 4,"Adam Rasmussen, Christian Pryds Rasmussen","Nicolai Skou Ernstsen, Thomas Skovsgaard","43083, 17806","78766, 92822","21-8, 21-13",home,Middelfart,
2020,1,1,-3,13226,Danmarksserien,Pulje 3,385678,1 05-09-2020,3. HD,3,HD,Middelfart,Viby J 4,"Christoffer Lassen, Mathias Poulsen","Bartal Poulsen, Anders Søndergaard","14309, 224824","163486, 76769",,away,Viby J 4,V
2020,1,1,-3,13226,Danmarksserien,Pulje 3,385679,1 05-09-2020,1. MD,1,MD,Tarup-Pårup,Team Fyn 3,"Andreas Pryds Rolsted, Maiken R. Hansen","William Viktor René Jørgensen, Trine Lundgaard Storkholm","55444, 36886","178317, 10366","21-19, 21-9",home,Tarup-Pårup,
2020,1,1,-3,13226,Danmarksserien,Pulje 3,385679,1 05-09-2020,2. MD,2,MD,Tarup-Pårup,Team Fyn 3,"Anders Hansen, Kirstine Hindse","Georgios Galvas, Charlotte Bernhardt","57629, 74110","321700, 10907","21-8, 21-14",home,Tarup-Pårup,
2020,1,1,-3,13226,Danmarksserien,Pulje 3,385679,1 05-09-2020,1. DS,1,DS,Tarup-Pårup,Team Fyn 3,Anne Stenner,Simone Egelykke,38953,87404,"21-11, 21-5",home,Tarup-Pårup,
2020,1,1,-3,13226,Danmarksserien,Pulje 3,385679,1 05-09-2020,2. DS,2,DS,Tarup-Pårup,Team Fyn 3,Anne Lundbech,Sara Mizrachi-Hansen,49706,284815,"21-18, 14-21, 21-7",home,Tarup-Pårup,
2020,1,1,-3,13226,Danmarksserien,Pulje 3,385679,1 05-09-2020,1. HS,1,HS,Tarup-Pårup,Team Fyn 3,Rasmus Poulsen,Georgios Charalampidis (EU),36236,14386,"21-18, 18-21, 21-13",home,Tarup-Pårup,
2020,1,1,-3,13226,Danmarksserien,Pulje 3,385679,1 05-09-2020,2. HS,2,HS,Tarup-Pårup,Team Fyn 3,Kristoffer Truelsen,Henrik Berth Mikkelsen,61097,64473,"21-8, 21-14",home,Tarup-Pårup,
2020,1,1,-3,13226,Danmarksserien,Pulje 3,385679,1 05-09-2020,3. HS,3,HS,Tarup-Pårup,Team Fyn 3,Kent Baden,Mathias L. Kristensen,10234,63297,"14-21, 19-21",away,Team Fyn 3,
2020,1,1,-3,13226,Danmarksserien,Pulje 3,385679,1 05-09-2020,4. HS,4,HS,Tarup-Pårup,Team Fyn 3,Henrik Jørgensen,Daniel M. Jørgensen,39009,53272,"16-21, 19-21",away,Team Fyn 3,
2020,1,1,-3,13226,Danmarksserien,Pulje 3,385679,1 05-09-2020,1. DD,1,DD,Tarup-Pårup,Team Fyn 3,"Anne Stenner, Maiken R. Hansen","Trine Lundgaard Storkholm, Charlotte Bernhardt","38953, 36886","10366, 10907","21-16, 21-15",home,Tarup-Pårup,
2020,1,1,-3,13226,Danmarksserien,Pulje 3,385679,1 05-09-2020,2. DD,2,DD,Tarup-Pårup,Team Fyn 3,"Anne Lundbech, Kirstine Hindse","Simone Egelykke, Sara Mizrachi-Hansen","49706, 74110","87404, 284815","21-9, 21-12",home,Tarup-Pårup,
2020,1,1,-3,13226,Danmarksserien,Pulje 3,385679,1 05-09-2020,1. HD,1,HD,Tarup-Pårup,Team Fyn 3,"Anders Hansen, Kristoffer Truelsen","Georgios Charalampidis (EU), Georgios Galvas","57629, 61097","14386, 321700","21-13, 21-15",home,Tarup-Pårup,
2020,1,1,-3,13226,Danmarksserien,Pulje 3,385679,1 05-09-2020,2. HD,2,HD,Tarup-Pårup,Team Fyn 3,"Andreas Pryds Rolsted, Henrik Jørgensen","Henrik Berth Mikkelsen, William Viktor René Jørgensen","55444, 39009","64473, 178317","21-11, 21-10",home,Tarup-Pårup,
2020,1,1,-3,13226,Danmarksserien,Pulje 3,385679,1 05-09-2020,3. HD,3,HD,Tarup-Pårup,Team Fyn 3,"Kent Baden, Rasmus Poulsen","Mathias L. Kristensen, Daniel M. Jørgensen","10234, 36236","63297, 53272","21-17, 13-21, 21-18",home,Tarup-Pårup,
2020,1,1,-3,13226,Danmarksserien,Pulje 3,385680,1 05-09-2020,1. MD,1,MD,Grindsted BK,Odense BK77,"Martin Faaborg Jensen, Malene Filtenborg Larsen","Rasmus Vester, Henriette Hansen","31720, 12401","229131, 29586","21-17, 21-10",home,Grindsted BK,
2020,1,1,-3,13226,Danmarksserien,Pulje 3,385680,1 05-09-2020,2. MD,2,MD,Grindsted BK,Odense BK77,"Tom Larsen, Mia Vinding","Simon Jakobsen, Helle Skytte Larsen","9687, 253565","63421, 14083","21-13, 21-12",home,Grindsted BK,
2020,1,1,-3,13226,Danmarksserien,Pulje 3,385680,1 05-09-2020,1. DS,1,DS,Grindsted BK,Odense BK77,Emma Husted Mikkelsen,Mette Albæk Kristensen,81554,78660,"21-13, 15-21, 11-21",away,Odense BK77,
2020,1,1,-3,13226,Danmarksserien,Pulje 3,385680,1 05-09-2020,2. DS,2,DS,Grindsted BK,Odense BK77,Louise Bolding Lund,Anne Olsen,94396,223238,"21-7, 21-5",home,Grindsted BK,
2020,1,1,-3,13226,Danmarksserien,Pulje 3,385680,1 05-09-2020,1. HS,1,HS,Grindsted BK,Odense BK77,Anders Junker,Lars Fuglsang,85187,73727,"21-9, 21-14",home,Grindsted BK,
2020,1,1,-3,13226,Danmarksserien,Pulje 3,385680,1 05-09-2020,2. HS,2,HS,Grindsted BK,Odense BK77,Tobias Thomsen,Simon Ferslev,92246,78749,"21-19, 21-6",home,Grindsted BK,
2020,1,1,-3,13226,Danmarksserien,Pulje 3,385680,1 05-09-2020,3. HS,3,HS,Grindsted BK,Odense BK77,Thomas Jensen,Ulrik Jørgensen,73557,43877,"21-10, 21-14",home,Grindsted BK,
2020,1,1,-3,13226,Danmarksserien,Pulje 3,385680,1 05-09-2020,4. HS,4,HS,Grindsted BK,Odense BK77,Rasmus Jensen,Jesper Mathiesen,231526,56825,"21-5, 21-10",home,Grindsted BK,
2020,1,1,-3,13226,Danmarksserien,Pulje 3,385680,1 05-09-2020,1. DD,1,DD,Grindsted BK,Odense BK77,"Emma Husted Mikkelsen, Malene Filtenborg Larsen","Henriette Hansen, Mette Albæk Kristensen","81554, 12401","29586, 78660","21-17, 15-21, 11-21",away,Odense BK77,
2020,1,1,-3,13226,Danmarksserien,Pulje 3,385680,1 05-09-2020,2. DD,2,DD,Grindsted BK,Odense BK77,"Mia Vinding, Louise Bolding Lund","Helle Skytte Larsen, Anne Olsen","253565, 94396","14083, 223238","21-16, 21-9",home,Grindsted BK,
2020,1,1,-3,13226,Danmarksserien,Pulje 3,385680,1 05-09-2020,1. HD,1,HD,Grindsted BK,Odense BK77,"Martin Faaborg Jensen, Thomas Jensen","Lars Fuglsang, Rasmus Vester","31720, 73557","73727, 229131","21-8, 21-16",home,Grindsted BK,
2020,1,1,-3,13226,Danmarksserien,Pulje 3,385680,1 05-09-2020,2. HD,2,HD,Grindsted BK,Odense BK77,"Rasmus Jensen, Anders Junker","Simon Jakobsen, Ulrik Jørgensen","231526, 85187","63421, 43877","21-6, 21-12",home,Grindsted BK,
2020,1,1,-3,13226,Danmarksserien,Pulje 3,385680,1 05-09-2020,3. HD,3,HD,Grindsted BK,Odense BK77,"Tom Larsen, Tobias Thomsen","Jesper Mathiesen, Simon Ferslev","9687, 92246","56825, 78749","21-19, 21-11",home,Grindsted BK,
2020,1,1,-3,13226,Danmarksserien,Pulje 3,385681,1 05-09-2020,1. MD,1,MD,Kolding BK 3,Horsens,"Jesper Korsbæk Jensen, Helle Friberg","Lasse Tidemann, Nethe Bramsen","56499, 9217","36084, 13662","21-17, 21-18",home,Kolding BK 3,
2020,1,1,-3,13226,Danmarksserien,Pulje 3,385681,1 05-09-2020,2. MD,2,MD,Kolding BK 3,Horsens,"Jonathan Baskjær, Jane Thomsen","Kasper Gjødsbøl, Victoria Louise Nielsen","84746, 3853","78523, 156986","18-21, 21-12, 20-22",away,Horsens,
2020,1,1,-3,13226,Danmarksserien,Pulje 3,385681,1 05-09-2020,1. DS,1,DS,Kolding BK 3,Horsens,Sofie-Tu Le Luong,Pernille D. Rune,168103,115168,"13-21, 13-21",away,Horsens,
2020,1,1,-3,13226,Danmarksserien,Pulje 3,385681,1 05-09-2020,2. DS,2,DS,Kolding BK 3,Horsens,Nete Møllekær,Ann-Katrine Lind,115592,33895,"19-21, 21-17, 12-21",away,Horsens,
2020,1,1,-3,13226,Danmarksserien,Pulje 3,385681,1 05-09-2020,1. HS,1,HS,Kolding BK 3,Horsens,Justin Luong,Henrik Klærke Jensen,199172,69585,"9-21, 13-21",away,Horsens,
2020,1,1,-3,13226,Danmarksserien,Pulje 3,385681,1 05-09-2020,2. HS,2,HS,Kolding BK 3,Horsens,Victor Spanggaard,Gustav Dam,155955,94166,"15-21, 17-21",away,Horsens,
2020,1,1,-3,13226,Danmarksserien,Pulje 3,385681,1 05-09-2020,3. HS,3,HS,Kolding BK 3,Horsens,Anton F. Simonsen,Andreas G. Mathiasen,252087,2147,"17-21, 18-21",away,Horsens,
2020,1,1,-3,13226,Danmarksserien,Pulje 3,385681,1 05-09-2020,4. HS,4,HS,Kolding BK 3,Horsens,Lucas Højsager,Jakob Vestergaard Kristoffersen,244298,167507,"19-21, 11-21",away,Horsens,
2020,1,1,-3,13226,Danmarksserien,Pulje 3,385681,1 05-09-2020,1. DD,1,DD,Kolding BK 3,Horsens,"Jane Thomsen, Nete Møllekær","Nethe Bramsen, Ann-Katrine Lind","3853, 115592","13662, 33895","9-21, 21-19, 11-21",away,Horsens,
2020,1,1,-3,13226,Danmarksserien,Pulje 3,385681,1 05-09-2020,2. DD,2,DD,Kolding BK 3,Horsens,"Helle Friberg, Sofie-Tu Le Luong","Pernille D. Rune, Victoria Louise Nielsen","9217, 168103","115168, 156986","21-18, 16-21, 14-21",away,Horsens,
2020,1,1,-3,13226,Danmarksserien,Pulje 3,385681,1 05-09-2020,1. HD,1,HD,Kolding BK 3,Horsens,"Jesper Korsbæk Jensen, Jonathan Baskjær","Henrik Klærke Jensen, Andreas G. Mathiasen","56499, 84746","69585, 2147","21-14, 17-21, 21-18",home,Kolding BK 3,
2020,1,1,-3,13226,Danmarksserien,Pulje 3,385681,1 05-09-2020,2. HD,2,HD,Kolding BK 3,Horsens,"Victor Spanggaard, Justin Luong","Jakob Vestergaard Kristoffersen, Gustav Dam","155955, 199172","167507, 94166","20-22, 21-19, 21-17",home,Kolding BK 3,
2020,1,1,-3,13226,Danmarksserien,Pulje 3,385681,1 05-09-2020,3. HD,3,HD,Kolding BK 3,Horsens,"Anton F. Simonsen, Lucas Højsager","Lasse Tidemann, Kasper Gjødsbøl","252087, 244298","36084, 78523","9-21, 13-21",away,Horsens,
2020,1,1,-3,13226,Danmarksserien,Pulje 3,385682,2 19-09-2020,1. MD,1,MD,Odense BK77,Middelfart,"Rasmus Vester, Henriette Hansen","Adam Rasmussen, Julie Gundertofte","229131, 29586","43083, 88912","21-14, 13-21, 11-21",away,Middelfart,
2020,1,1,-3,13226,Danmarksserien,Pulje 3,385682,2 19-09-2020,2. MD,2,MD,Odense BK77,Middelfart,"Simon Ferslev, Camilla Toftegaard Nielsen","Christian Pryds Rasmussen, Ditte Lund","78749, 74704","17806, 80935","17-21, 23-25",away,Middelfart,
2020,1,1,-3,13226,Danmarksserien,Pulje 3,385682,2 19-09-2020,1. DS,1,DS,Odense BK77,Middelfart,Mette Albæk Kristensen,Katerina Zuzakova,78660,324981,"18-21, 16-21",away,Middelfart,
2020,1,1,-3,13226,Danmarksserien,Pulje 3,385682,2 19-09-2020,2. DS,2,DS,Odense BK77,Middelfart,Ida Østerby,Anna S. Mikkelsen,82042,65032,"14-21, 16-21",away,Middelfart,
2020,1,1,-3,13226,Danmarksserien,Pulje 3,385682,2 19-09-2020,1. HS,1,HS,Odense BK77,Middelfart,Lars Fuglsang,Lukas Zevl (EU),73727,153431,"19-21, 19-21",away,Middelfart,
2020,1,1,-3,13226,Danmarksserien,Pulje 3,385682,2 19-09-2020,2. HS,2,HS,Odense BK77,Middelfart,Ulrik Jørgensen,Henrik Vestergård,43877,13015,"17-21, 18-21",away,Middelfart,
2020,1,1,-3,13226,Danmarksserien,Pulje 3,385682,2 19-09-2020,3. HS,3,HS,Odense BK77,Middelfart,Jesper Mathiesen,Tobias Hoeck,56825,244287,"12-21, 14-21",away,Middelfart,
2020,1,1,-3,13226,Danmarksserien,Pulje 3,385682,2 19-09-2020,4. HS,4,HS,Odense BK77,Middelfart,Jeppe Laursen,Walther Weismann Jensen,78793,94740,"16-21, 21-17, 18-21",away,Middelfart,
2020,1,1,-3,13226,Danmarksserien,Pulje 3,385682,2 19-09-2020,1. DD,1,DD,Odense BK77,Middelfart,"Henriette Hansen, Mette Albæk Kristensen","Katerina Zuzakova, Julie Gundertofte","29586, 78660","324981, 88912","13-21, 21-10, 13-21",away,Middelfart,
2020,1,1,-3,13226,Danmarksserien,Pulje 3,385682,2 19-09-2020,2. DD,2,DD,Odense BK77,Middelfart,"Ida Østerby, Camilla Toftegaard Nielsen","Ditte Lund, Anna S. Mikkelsen","82042, 74704","80935, 65032","21-18, 16-21, 21-13",home,Odense BK77,
2020,1,1,-3,13226,Danmarksserien,Pulje 3,385682,2 19-09-2020,1. HD,1,HD,Odense BK77,Middelfart,"Lars Fuglsang, Rasmus Vester","Lukas Zevl (EU), Henrik Vestergård","73727, 229131","153431, 13015","21-23, 18-21",away,Middelfart,
2020,1,1,-3,13226,Danmarksserien,Pulje 3,385682,2 19-09-2020,2. HD,2,HD,Odense BK77,Middelfart,"Simon Ferslev, Jeppe Laursen","Adam Rasmussen, Christian Pryds Rasmussen","78749, 78793","43083, 17806","13-21, 9-21",away,Middelfart,
2020,1,1,-3,13226,Danmarksserien,Pulje 3,385682,2 19-09-2020,3. HD,3,HD,Odense BK77,Middelfart,"Ulrik Jørgensen, Jesper Mathiesen","Tobias Hoeck, Walther Weismann Jensen","43877, 56825","244287, 94740","12-21, 21-17, 14-21",away,Middelfart,
2020,1,1,-3,13226,Danmarksserien,Pulje 3,385683,2 19-09-2020,1. MD,1,MD,Horsens,Tarup-Pårup,"Kasper Gjødsbøl, Nethe Bramsen","Andreas Pryds Rolsted, Maiken R. Hansen","78523, 13662","55444, 36886","19-21, 21-13, 21-14",home,Horsens,
2020,1,1,-3,13226,Danmarksserien,Pulje 3,385683,2 19-09-2020,2. MD,2,MD,Horsens,Tarup-Pårup,"Christoffer Grandahl Jakobsen, Victoria Louise Nielsen","Anders Hansen, Nitasha Sacha Dahlstrøm","94379, 156986","57629, 251107","15-21, 10-21",away,Tarup-Pårup,
2020,1,1,-3,13226,Danmarksserien,Pulje 3,385683,2 19-09-2020,1. DS,1,DS,Horsens,Tarup-Pårup,Pernille D. Rune,Anne Stenner,115168,38953,"21-19, 13-21, 22-20",home,Horsens,
2020,1,1,-3,13226,Danmarksserien,Pulje 3,385683,2 19-09-2020,2. DS,2,DS,Horsens,Tarup-Pårup,Freia Hansen,Anne Lundbech,242674,49706,"21-10, 21-13",home,Horsens,
2020,1,1,-3,13226,Danmarksserien,Pulje 3,385683,2 19-09-2020,1. HS,1,HS,Horsens,Tarup-Pårup,Henrik Klærke Jensen,Rasmus Poulsen,69585,36236,"21-12, 21-13",home,Horsens,
2020,1,1,-3,13226,Danmarksserien,Pulje 3,385683,2 19-09-2020,2. HS,2,HS,Horsens,Tarup-Pårup,Gustav Dam,Kristoffer Truelsen,94166,61097,"21-17, 24-22",home,Horsens,
2020,1,1,-3,13226,Danmarksserien,Pulje 3,385683,2 19-09-2020,3. HS,3,HS,Horsens,Tarup-Pårup,Andreas G. Mathiasen,Henrik Jørgensen,2147,39009,"21-12, 21-11",home,Horsens,
2020,1,1,-3,13226,Danmarksserien,Pulje 3,385683,2 19-09-2020,4. HS,4,HS,Horsens,Tarup-Pårup,Jakob Vestergaard Kristoffersen,Mads Nordland,167507,37575,"21-11, 21-10",home,Horsens,
2020,1,1,-3,13226,Danmarksserien,Pulje 3,385683,2 19-09-2020,1. DD,1,DD,Horsens,Tarup-Pårup,"Nethe Bramsen, Pernille D. Rune","Anne Stenner, Maiken R. Hansen","13662, 115168","38953, 36886","21-11, 21-10",home,Horsens,
2020,1,1,-3,13226,Danmarksserien,Pulje 3,385683,2 19-09-2020,2. DD,2,DD,Horsens,Tarup-Pårup,"Victoria Louise Nielsen, Freia Hansen","Anne Lundbech, Nitasha Sacha Dahlstrøm","156986, 242674","49706, 251107","21-11, 21-16",home,Horsens,
2020,1,1,-3,13226,Danmarksserien,Pulje 3,385683,2 19-09-2020,1. HD,1,HD,Horsens,Tarup-Pårup,"Andreas G. Mathiasen, Henrik Klærke Jensen","Anders Hansen, Kristoffer Truelsen","2147, 69585","57629, 61097","11-21, 13-21",away,Tarup-Pårup,
2020,1,1,-3,13226,Danmarksserien,Pulje 3,385683,2 19-09-2020,2. HD,2,HD,Horsens,Tarup-Pårup,"Kasper Gjødsbøl, Gustav Dam","Henrik Jørgensen, Andreas Pryds Rolsted","78523, 94166","39009, 55444","21-16, 21-19",home,Horsens,
2020,1,1,-3,13226,Danmarksserien,Pulje 3,385683,2 19-09-2020,3. HD,3,HD,Horsens,Tarup-Pårup,"Jakob Vestergaard Kristoffersen, Christoffer Grandahl Jakobsen","Rasmus Poulsen, Mads Nordland","167507, 94379","36236, 37575","22-20, 26-24",home,Horsens,
2020,1,1,-3,13226,Danmarksserien,Pulje 3,385684,2 19-09-2020,1. MD,1,MD,Viby J 4,Grindsted BK,"Kasper Lorenz Hansen, Michelle P. Anthonisen","Martin Faaborg Jensen, Louise Bolding Lund","77345, 88969","31720, 94396","9-21, 14-21",away,Grindsted BK,
2020,1,1,-3,13226,Danmarksserien,Pulje 3,385684,2 19-09-2020,2. MD,2,MD,Viby J 4,Grindsted BK,"Thomas Skovsgaard, Marie Christtreu","Thomas Jensen, Freja Vinding","92822, 33933","73557, 253564","22-24, 18-21",away,Grindsted BK,
2020,1,1,-3,13226,Danmarksserien,Pulje 3,385684,2 19-09-2020,1. DS,1,DS,Viby J 4,Grindsted BK,Stefanie Nielson,Emma Husted Mikkelsen,76506,81554,"11-21, 23-25",away,Grindsted BK,
2020,1,1,-3,13226,Danmarksserien,Pulje 3,385684,2 19-09-2020,2. DS,2,DS,Viby J 4,Grindsted BK,Laura Laursen,Mia Vinding,197050,253565,"10-21, 21-12, 21-11",home,Viby J 4,
2020,1,1,-3,13226,Danmarksserien,Pulje 3,385684,2 19-09-2020,1. HS,1,HS,Viby J 4,Grindsted BK,Rasmus Andersen,Anders Junker,62052,85187,"11-21, 20-22",away,Grindsted BK,
2020,1,1,-3,13226,Danmarksserien,Pulje 3,385684,2 19-09-2020,2. HS,2,HS,Viby J 4,Grindsted BK,Bartal Poulsen,Tobias Thomsen,163486,92246,"12-21, 13-21",away,Grindsted BK,
2020,1,1,-3,13226,Danmarksserien,Pulje 3,385684,2 19-09-2020,3. HS,3,HS,Viby J 4,Grindsted BK,Nicolai Skou Ernstsen,Rasmus Jensen,78766,231526,"21-16, 20-22, 21-16",home,Viby J 4,
2020,1,1,-3,13226,Danmarksserien,Pulje 3,385684,2 19-09-2020,4. HS,4,HS,Viby J 4,Grindsted BK,Kristian Tang,Jonas Skyum,46923,2504,"16-21, 21-19, 23-21",home,Viby J 4,
2020,1,1,-3,13226,Danmarksserien,Pulje 3,385684,2 19-09-2020,1. DD,1,DD,Viby J 4,Grindsted BK,"Michelle P. Anthonisen, Laura Laursen","Louise Bolding Lund, Mia Vinding","88969, 197050","94396, 253565","21-19, 21-13",home,Viby J 4,
2020,1,1,-3,13226,Danmarksserien,Pulje 3,385684,2 19-09-2020,2. DD,2,DD,Viby J 4,Grindsted BK,"Stefanie Nielson, Marie Christtreu","Emma Husted Mikkelsen, Freja Vinding","76506, 33933","81554, 253564","9-21, 19-21",away,Grindsted BK,
2020,1,1,-3,13226,Danmarksserien,Pulje 3,385684,2 19-09-2020,1. HD,1,HD,Viby J 4,Grindsted BK,"Thomas Skovsgaard, Rasmus Andersen","Thomas Jensen, Tobias Thomsen","92822, 62052","73557, 92246","12-21, 18-21",away,Grindsted BK,
2020,1,1,-3,13226,Danmarksserien,Pulje 3,385684,2 19-09-2020,2. HD,2,HD,Viby J 4,Grindsted BK,"Kristian Tang, Kasper Lorenz Hansen","Anders Junker, Rasmus Jensen","46923, 77345","85187, 231526","10-21, 22-20, 15-21",away,Grindsted BK,
2020,1,1,-3,13226,Danmarksserien,Pulje 3,385684,2 19-09-2020,3. HD,3,HD,Viby J 4,Grindsted BK,"Bartal Poulsen, Nicolai Skou Ernstsen","Jonas Skyum, Martin Faaborg Jensen","163486, 78766","2504, 31720","19-21, 9-21",away,Grindsted BK,
2020,1,1,-3,13226,Danmarksserien,Pulje 3,385685,2 19-09-2020,1. MD,1,MD,Team Fyn 3,Kolding BK 3,"Dan Bredskov, Charlotte Bernhardt","Jesper Korsbæk Jensen, Nete Møllekær","7998, 10907","56499, 115592","16-21, 12-21",away,Kolding BK 3,
2020,1,1,-3,13226,Danmarksserien,Pulje 3,385685,2 19-09-2020,2. MD,2,MD,Team Fyn 3,Kolding BK 3,"Johnny Klint, Trine Lundgaard Storkholm","Arthur Wraae Silberling, Jane Thomsen","8972, 10366","156041, 3853","21-16, 17-21, 18-21",away,Kolding BK 3,
2020,1,1,-3,13226,Danmarksserien,Pulje 3,385685,2 19-09-2020,1. DS,1,DS,Team Fyn 3,Kolding BK 3,Simone Egelykke,Sofie-Tu Le Luong,87404,168103,"7-21, 8-21",away,Kolding BK 3,
2020,1,1,-3,13226,Danmarksserien,Pulje 3,385685,2 19-09-2020,2. DS,2,DS,Team Fyn 3,Kolding BK 3,Sara Mizrachi-Hansen,Maja Segato,284815,3248,"21-8, 19-21, 21-13",home,Team Fyn 3,
2020,1,1,-3,13226,Danmarksserien,Pulje 3,385685,2 19-09-2020,1. HS,1,HS,Team Fyn 3,Kolding BK 3,Per Rasmussen,Jonas Oxlund Segato,21286,1221,"10-21, 11-21",away,Kolding BK 3,
2020,1,1,-3,13226,Danmarksserien,Pulje 3,385685,2 19-09-2020,2. HS,2,HS,Team Fyn 3,Kolding BK 3,Henrik Berth Mikkelsen,Jeppe Helenius,64473,92848,"20-22, 7-21",away,Kolding BK 3,
2020,1,1,-3,13226,Danmarksserien,Pulje 3,385685,2 19-09-2020,3. HS,3,HS,Team Fyn 3,Kolding BK 3,Daniel M. Jørgensen,Justin Luong,53272,199172,"24-26, 17-21",away,Kolding BK 3,
2020,1,1,-3,13226,Danmarksserien,Pulje 3,385685,2 19-09-2020,4. HS,4,HS,Team Fyn 3,Kolding BK 3,Martin Hindse,Nikolaj Søgaard,64207,228178,"9-21, 4-21",away,Kolding BK 3,
2020,1,1,-3,13226,Danmarksserien,Pulje 3,385685,2 19-09-2020,1. DD,1,DD,Team Fyn 3,Kolding BK 3,"Charlotte Bernhardt, Trine Lundgaard Storkholm","Jane Thomsen, Nete Møllekær","10907, 10366","3853, 115592","13-21, 14-21",away,Kolding BK 3,
2020,1,1,-3,13226,Danmarksserien,Pulje 3,385685,2 19-09-2020,2. DD,2,DD,Team Fyn 3,Kolding BK 3,"Simone Egelykke, Sara Mizrachi-Hansen","Maja Segato, Sofie-Tu Le Luong","87404, 284815","3248, 168103","13-21, 5-21",away,Kolding BK 3,
2020,1,1,-3,13226,Danmarksserien,Pulje 3,385685,2 19-09-2020,1. HD,1,HD,Team Fyn 3,Kolding BK 3,"Daniel M. Jørgensen, Henrik Berth Mikkelsen","Jonas Oxlund Segato, Jeppe Helenius","53272, 64473","1221, 92848","24-22, 14-21, 7-21",away,Kolding BK 3,
2020,1,1,-3,13226,Danmarksserien,Pulje 3,385685,2 19-09-2020,2. HD,2,HD,Team Fyn 3,Kolding BK 3,"Per Rasmussen, Martin Hindse","Jesper Korsbæk Jensen, Arthur Wraae Silberling","21286, 64207","56499, 156041","12-21, 10-21",away,Kolding BK 3,
2020,1,1,-3,13226,Danmarksserien,Pulje 3,385685,2 19-09-2020,3. HD,3,HD,Team Fyn 3,Kolding BK 3,"Dan Bredskov, Johnny Klint","Justin Luong, Nikolaj Søgaard","7998, 8972","199172, 228178","18-21, 18-21",away,Kolding BK 3,
2020,1,1,-3,13226,Danmarksserien,Pulje 3,385686,3 03-10-2020,1. MD,1,MD,Tarup-Pårup,Middelfart,"Andreas Pryds Rolsted, Maiken R. Hansen","Adam Rasmussen, Julie Gundertofte","55444, 36886","43083, 88912","21-17, 21-14",home,Tarup-Pårup,
2020,1,1,-3,13226,Danmarksserien,Pulje 3,385686,3 03-10-2020,2. MD,2,MD,Tarup-Pårup,Middelfart,"Anders Hansen, Nitasha Sacha Dahlstrøm","Christian Pryds Rasmussen, Ditte Lund","57629, 251107","17806, 80935","12-21, 18-21",away,Middelfart,
2020,1,1,-3,13226,Danmarksserien,Pulje 3,385686,3 03-10-2020,1. DS,1,DS,Tarup-Pårup,Middelfart,Anne Stenner,Anna S. Mikkelsen,38953,65032,"21-17, 17-21, 21-10",home,Tarup-Pårup,
2020,1,1,-3,13226,Danmarksserien,Pulje 3,385686,3 03-10-2020,2. DS,2,DS,Tarup-Pårup,Middelfart,Anne Lundbech,Jannie Jensen,49706,68865,"21-16, 21-12",home,Tarup-Pårup,
2020,1,1,-3,13226,Danmarksserien,Pulje 3,385686,3 03-10-2020,1. HS,1,HS,Tarup-Pårup,Middelfart,Rasmus Poulsen,Lukas Zevl (EU),36236,153431,"11-21, 9-21",away,Middelfart,
2020,1,1,-3,13226,Danmarksserien,Pulje 3,385686,3 03-10-2020,2. HS,2,HS,Tarup-Pårup,Middelfart,Kristoffer Truelsen,Henrik Vestergård,61097,13015,"21-9, 18-21, 12-21",away,Middelfart,
2020,1,1,-3,13226,Danmarksserien,Pulje 3,385686,3 03-10-2020,3. HS,3,HS,Tarup-Pårup,Middelfart,Kent Baden,Tobias Hoeck,10234,244287,"22-24, 22-20, 16-21",away,Middelfart,
2020,1,1,-3,13226,Danmarksserien,Pulje 3,385686,3 03-10-2020,4. HS,4,HS,Tarup-Pårup,Middelfart,Henrik Jørgensen,Walther Weismann Jensen,39009,94740,"21-17, 21-11",home,Tarup-Pårup,
2020,1,1,-3,13226,Danmarksserien,Pulje 3,385686,3 03-10-2020,1. DD,1,DD,Tarup-Pårup,Middelfart,"Anne Stenner, Nitasha Sacha Dahlstrøm","Julie Gundertofte, Ditte Lund","38953, 251107","88912, 80935","11-21, 17-21",away,Middelfart,
2020,1,1,-3,13226,Danmarksserien,Pulje 3,385686,3 03-10-2020,2. DD,2,DD,Tarup-Pårup,Middelfart,"Anne Lundbech, Maiken R. Hansen","Anna S. Mikkelsen, Jannie Jensen","49706, 36886","65032, 68865","21-13, 21-16",home,Tarup-Pårup,
2020,1,1,-3,13226,Danmarksserien,Pulje 3,385686,3 03-10-2020,1. HD,1,HD,Tarup-Pårup,Middelfart,"Anders Hansen, Kristoffer Truelsen","Lukas Zevl (EU), Henrik Vestergård","57629, 61097","153431, 13015","16-21, 21-16, 21-18",home,Tarup-Pårup,
2020,1,1,-3,13226,Danmarksserien,Pulje 3,385686,3 03-10-2020,2. HD,2,HD,Tarup-Pårup,Middelfart,"Andreas Pryds Rolsted, Henrik Jørgensen","Adam Rasmussen, Christian Pryds Rasmussen","55444, 39009","43083, 17806","21-23, 21-17, 16-21",away,Middelfart,
2020,1,1,-3,13226,Danmarksserien,Pulje 3,385686,3 03-10-2020,3. HD,3,HD,Tarup-Pårup,Middelfart,"Kent Baden, Rasmus Poulsen","Tobias Hoeck, Walther Weismann Jensen","10234, 36236","244287, 94740","21-15, 21-15",home,Tarup-Pårup,
2020,1,1,-3,13226,Danmarksserien,Pulje 3,385687,3 03-10-2020,1. MD,1,MD,Team Fyn 3,Viby J 4,"Michael Tolbøll, Lone Cordt","Thomas Skovsgaard, Kristine Bjørnshauge","36659, 243379","92822, 87824","15-21, 14-21",away,Viby J 4,
2020,1,1,-3,13226,Danmarksserien,Pulje 3,385687,3 03-10-2020,2. MD,2,MD,Team Fyn 3,Viby J 4,"Dan Bredskov, Trine Lundgaard Storkholm","Kasper Lorenz Hansen, Michelle P. Anthonisen","7998, 10366","77345, 88969","12-21, 18-21",away,Viby J 4,
2020,1,1,-3,13226,Danmarksserien,Pulje 3,385687,3 03-10-2020,1. DS,1,DS,Team Fyn 3,Viby J 4,Charlotte Bernhardt,Stefanie Nielson,10907,76506,"8-21, 15-21",away,Viby J 4,
2020,1,1,-3,13226,Danmarksserien,Pulje 3,385687,3 03-10-2020,2. DS,2,DS,Team Fyn 3,Viby J 4,Charlotte Thygesen,Celine Hurup Kristoffersen,13235,79230,"15-21, 10-21",away,Viby J 4,
2020,1,1,-3,13226,Danmarksserien,Pulje 3,385687,3 03-10-2020,1. HS,1,HS,Team Fyn 3,Viby J 4,Henrik Berth Mikkelsen,Bartal Poulsen,64473,163486,"21-19, 9-21, 17-21",away,Viby J 4,
2020,1,1,-3,13226,Danmarksserien,Pulje 3,385687,3 03-10-2020,2. HS,2,HS,Team Fyn 3,Viby J 4,Mathias L. Kristensen,Nicolai Skou Ernstsen,63297,78766,"21-18, 14-21, 13-21",away,Viby J 4,
2020,1,1,-3,13226,Danmarksserien,Pulje 3,385687,3 03-10-2020,3. HS,3,HS,Team Fyn 3,Viby J 4,Daniel M. Jørgensen,Victor Harbo Johnston,53272,84441,"21-18, 21-16",home,Team Fyn 3,
2020,1,1,-3,13226,Danmarksserien,Pulje 3,385687,3 03-10-2020,4. HS,4,HS,Team Fyn 3,Viby J 4,Simon Brandt,Nicolaj Risager Aaby,85169,81930,"17-21, 13-21",away,Viby J 4,
2020,1,1,-3,13226,Danmarksserien,Pulje 3,385687,3 03-10-2020,1. DD,1,DD,Team Fyn 3,Viby J 4,"Charlotte Thygesen, Trine Lundgaard Storkholm","Michelle P. Anthonisen, Kristine Bjørnshauge","13235, 10366","88969, 87824","7-21, 14-21",away,Viby J 4,
2020,1,1,-3,13226,Danmarksserien,Pulje 3,385687,3 03-10-2020,2. DD,2,DD,Team Fyn 3,Viby J 4,"Charlotte Bernhardt, Lone Cordt","Celine Hurup Kristoffersen, Stefanie Nielson","10907, 243379","79230, 76506","20-22, 12-21",away,Viby J 4,
2020,1,1,-3,13226,Danmarksserien,Pulje 3,385687,3 03-10-2020,1. HD,1,HD,Team Fyn 3,Viby J 4,"Mathias L. Kristensen, Michael Tolbøll","Kasper Lorenz Hansen, Thomas Skovsgaard","63297, 36659","77345, 92822","14-21, 15-21",away,Viby J 4,
2020,1,1,-3,13226,Danmarksserien,Pulje 3,385687,3 03-10-2020,2. HD,2,HD,Team Fyn 3,Viby J 4,"Henrik Berth Mikkelsen, Daniel M. Jørgensen","Nicolaj Risager Aaby, Nicolai Skou Ernstsen","64473, 53272","81930, 78766","18-21, 11-21",away,Viby J 4,
2020,1,1,-3,13226,Danmarksserien,Pulje 3,385687,3 03-10-2020,3. HD,3,HD,Team Fyn 3,Viby J 4,"Dan Bredskov, Simon Brandt","Victor Harbo Johnston, Bartal Poulsen","7998, 85169","84441, 163486","22-20, 14-21, 20-22",away,Viby J 4,
2020,1,1,-3,13226,Danmarksserien,Pulje 3,385688,3 03-10-2020,1. MD,1,MD,Kolding BK 3,Grindsted BK,"Jesper Korsbæk Jensen, Helle Friberg","Martin Faaborg Jensen, Freja Vinding","56499, 9217","31720, 253564","21-15, 16-21, 16-21",away,Grindsted BK,
2020,1,1,-3,13226,Danmarksserien,Pulje 3,385688,3 03-10-2020,2. MD,2,MD,Kolding BK 3,Grindsted BK,"Arthur Wraae Silberling, Jane Thomsen","Tom Larsen, Mia Vinding","156041, 3853","9687, 253565","16-21, 21-5, 21-17",home,Kolding BK 3,
2020,1,1,-3,13226,Danmarksserien,Pulje 3,385688,3 03-10-2020,1. DS,1,DS,Kolding BK 3,Grindsted BK,Sofie-Tu Le Luong,Louise Bolding Lund,168103,94396,"22-20, 9-21, 13-21",away,Grindsted BK,
2020,1,1,-3,13226,Danmarksserien,Pulje 3,385688,3 03-10-2020,2. DS,2,DS,Kolding BK 3,Grindsted BK,Michelle Berg,Emma Husted Mikkelsen,282187,81554,"21-23, 21-15, 10-21",away,Grindsted BK,
2020,1,1,-3,13226,Danmarksserien,Pulje 3,385688,3 03-10-2020,1. HS,1,HS,Kolding BK 3,Grindsted BK,Benjamin Klinggaard Andersen,Anders Junker,155872,85187,"17-21, 21-18, 21-18",home,Kolding BK 3,
2020,1,1,-3,13226,Danmarksserien,Pulje 3,385688,3 03-10-2020,2. HS,2,HS,Kolding BK 3,Grindsted BK,Nikolaj Søgaard,Thomas Jensen,228178,73557,"12-21, 21-19, 15-21",away,Grindsted BK,
2020,1,1,-3,13226,Danmarksserien,Pulje 3,385688,3 03-10-2020,3. HS,3,HS,Kolding BK 3,Grindsted BK,Justin Luong,Tobias Thomsen,199172,92246,"7-21, 8-21",away,Grindsted BK,
2020,1,1,-3,13226,Danmarksserien,Pulje 3,385688,3 03-10-2020,4. HS,4,HS,Kolding BK 3,Grindsted BK,Victor Spanggaard,Rasmus Jensen,155955,231526,"12-21, 20-22",away,Grindsted BK,
2020,1,1,-3,13226,Danmarksserien,Pulje 3,385688,3 03-10-2020,1. DD,1,DD,Kolding BK 3,Grindsted BK,"Jane Thomsen, Helle Friberg","Louise Bolding Lund, Mia Vinding","3853, 9217","94396, 253565","21-18, 14-21, 21-19",home,Kolding BK 3,
2020,1,1,-3,13226,Danmarksserien,Pulje 3,385688,3 03-10-2020,2. DD,2,DD,Kolding BK 3,Grindsted BK,"Michelle Berg, Sofie-Tu Le Luong","Emma Husted Mikkelsen, Freja Vinding","282187, 168103","81554, 253564","10-21, 17-21",away,Grindsted BK,
2020,1,1,-3,13226,Danmarksserien,Pulje 3,385688,3 03-10-2020,1. HD,1,HD,Kolding BK 3,Grindsted BK,"Jesper Korsbæk Jensen, Benjamin Klinggaard Andersen","Tobias Thomsen, Thomas Jensen","56499, 155872","92246, 73557","13-21, 18-21",away,Grindsted BK,
2020,1,1,-3,13226,Danmarksserien,Pulje 3,385688,3 03-10-2020,2. HD,2,HD,Kolding BK 3,Grindsted BK,"Arthur Wraae Silberling, Nikolaj Søgaard","Rasmus Jensen, Anders Junker","156041, 228178","231526, 85187","12-21, 21-10, 18-21",away,Grindsted BK,
2020,1,1,-3,13226,Danmarksserien,Pulje 3,385688,3 03-10-2020,3. HD,3,HD,Kolding BK 3,Grindsted BK,"Justin Luong, Victor Spanggaard","Martin Faaborg Jensen, Tom Larsen","199172, 155955","31720, 9687","21-19, 13-21, 17-21",away,Grindsted BK,
2020,1,1,-3,13226,Danmarksserien,Pulje 3,385689,3 03-10-2020,1. MD,1,MD,Horsens,Odense BK77,"Kasper Gjødsbøl, Nethe Bramsen","Rasmus Vester, Simone Romme","78523, 13662","229131, 236441","21-18, 21-12",home,Horsens,
2020,1,1,-3,13226,Danmarksserien,Pulje 3,385689,3 03-10-2020,2. MD,2,MD,Horsens,Odense BK77,"Lasse Tidemann, Freia Hansen","Simon Ferslev, Camilla Toftegaard Nielsen","36084, 242674","78749, 74704","21-18, 17-21, 19-21",away,Odense BK77,
2020,1,1,-3,13226,Danmarksserien,Pulje 3,385689,3 03-10-2020,1. DS,1,DS,Horsens,Odense BK77,Pernille D. Rune,Mette Albæk Kristensen,115168,78660,"21-17, 24-22",home,Horsens,
2020,1,1,-3,13226,Danmarksserien,Pulje 3,385689,3 03-10-2020,2. DS,2,DS,Horsens,Odense BK77,Ann-Katrine Lind,Ida Østerby,33895,82042,"21-15, 21-12",home,Horsens,
2020,1,1,-3,13226,Danmarksserien,Pulje 3,385689,3 03-10-2020,1. HS,1,HS,Horsens,Odense BK77,Henrik Klærke Jensen,Lars Fuglsang,69585,73727,"17-21, 19-21",away,Odense BK77,
2020,1,1,-3,13226,Danmarksserien,Pulje 3,385689,3 03-10-2020,2. HS,2,HS,Horsens,Odense BK77,Gustav Dam,Andreas Bruun,94166,80395,"21-13, 21-8",home,Horsens,
2020,1,1,-3,13226,Danmarksserien,Pulje 3,385689,3 03-10-2020,3. HS,3,HS,Horsens,Odense BK77,Andreas G. Mathiasen,Ulrik Jørgensen,2147,43877,"21-9, 21-10",home,Horsens,
2020,1,1,-3,13226,Danmarksserien,Pulje 3,385689,3 03-10-2020,4. HS,4,HS,Horsens,Odense BK77,Jakob Vestergaard Kristoffersen,Mathias Baudin Kristensen,167507,298362,"21-14, 21-7",home,Horsens,
2020,1,1,-3,13226,Danmarksserien,Pulje 3,385689,3 03-10-2020,1. DD,1,DD,Horsens,Odense BK77,"Nethe Bramsen, Pernille D. Rune","Mette Albæk Kristensen, Camilla Toftegaard Nielsen","13662, 115168","78660, 74704","21-17, 21-11",home,Horsens,
2020,1,1,-3,13226,Danmarksserien,Pulje 3,385689,3 03-10-2020,2. DD,2,DD,Horsens,Odense BK77,"Ann-Katrine Lind, Freia Hansen","Ida Østerby, Simone Romme","33895, 242674","82042, 236441","21-13, 21-16",home,Horsens,
2020,1,1,-3,13226,Danmarksserien,Pulje 3,385689,3 03-10-2020,1. HD,1,HD,Horsens,Odense BK77,"Henrik Klærke Jensen, Andreas G. Mathiasen","Lars Fuglsang, Rasmus Vester","69585, 2147","73727, 229131","21-17, 19-21, 21-9",home,Horsens,
2020,1,1,-3,13226,Danmarksserien,Pulje 3,385689,3 03-10-2020,2. HD,2,HD,Horsens,Odense BK77,"Gustav Dam, Kasper Gjødsbøl","Simon Ferslev, Andreas Bruun","94166, 78523","78749, 80395","21-19, 22-20",home,Horsens,
2020,1,1,-3,13226,Danmarksserien,Pulje 3,385689,3 03-10-2020,3. HD,3,HD,Horsens,Odense BK77,"Lasse Tidemann, Jakob Vestergaard Kristoffersen","Ulrik Jørgensen, Mathias Baudin Kristensen","36084, 167507","43877, 298362","21-14, 21-15",home,Horsens,
2020,1,1,-3,13226,Danmarksserien,Pulje 3,385690,4 24-10-2020,1. MD,1,MD,Viby J 4,Tarup-Pårup,"Kasper Lorenz Hansen, Michelle P. Anthonisen","Andreas Pryds Rolsted, Maiken R. Hansen","77345, 88969","55444, 36886","21-16, 17-21, 10-21",away,Tarup-Pårup,
2020,1,1,-3,13226,Danmarksserien,Pulje 3,385690,4 24-10-2020,2. MD,2,MD,Viby J 4,Tarup-Pårup,"Thomas Skovsgaard, Marie Christtreu","Anders Hansen, Kirstine Hindse","92822, 33933","57629, 74110","8-21, 13-21",away,Tarup-Pårup,
2020,1,1,-3,13226,Danmarksserien,Pulje 3,385690,4 24-10-2020,1. DS,1,DS,Viby J 4,Tarup-Pårup,Stefanie Nielson,Anne Stenner,76506,38953,"21-13, 21-23, 21-16",home,Viby J 4,
2020,1,1,-3,13226,Danmarksserien,Pulje 3,385690,4 24-10-2020,2. DS,2,DS,Viby J 4,Tarup-Pårup,Celine Hurup Kristoffersen,Anne Lundbech,79230,49706,"21-14, 21-12",home,Viby J 4,
2020,1,1,-3,13226,Danmarksserien,Pulje 3,385690,4 24-10-2020,1. HS,1,HS,Viby J 4,Tarup-Pårup,Bartal Poulsen,Rasmus Poulsen,163486,36236,"12-21, 21-12, 21-14",home,Viby J 4,
2020,1,1,-3,13226,Danmarksserien,Pulje 3,385690,4 24-10-2020,2. HS,2,HS,Viby J 4,Tarup-Pårup,Nicolai Skou Ernstsen,Kristoffer Truelsen,78766,61097,"21-12, 21-14",home,Viby J 4,
2020,1,1,-3,13226,Danmarksserien,Pulje 3,385690,4 24-10-2020,3. HS,3,HS,Viby J 4,Tarup-Pårup,Nicolaj Risager Aaby,Kent Baden,81930,10234,"21-15, 21-18",home,Viby J 4,
2020,1,1,-3,13226,Danmarksserien,Pulje 3,385690,4 24-10-2020,4. HS,4,HS,Viby J 4,Tarup-Pårup,Victor Harbo Johnston,Henrik Jørgensen,84441,39009,"18-21, 12-21",away,Tarup-Pårup,
2020,1,1,-3,13226,Danmarksserien,Pulje 3,385690,4 24-10-2020,1. DD,1,DD,Viby J 4,Tarup-Pårup,"Michelle P. Anthonisen, Celine Hurup Kristoffersen","Anne Stenner, Maiken R. Hansen","88969, 79230","38953, 36886","12-21, 15-21",away,Tarup-Pårup,
2020,1,1,-3,13226,Danmarksserien,Pulje 3,385690,4 24-10-2020,2. DD,2,DD,Viby J 4,Tarup-Pårup,"Marie Christtreu, Stefanie Nielson","Kirstine Hindse, Anne Lundbech","33933, 76506","74110, 49706","23-25, 19-21",away,Tarup-Pårup,
2020,1,1,-3,13226,Danmarksserien,Pulje 3,385690,4 24-10-2020,1. HD,1,HD,Viby J 4,Tarup-Pårup,"Nicolaj Risager Aaby, Kasper Lorenz Hansen","Anders Hansen, Kristoffer Truelsen","81930, 77345","57629, 61097","14-21, 14-21",away,Tarup-Pårup,
2020,1,1,-3,13226,Danmarksserien,Pulje 3,385690,4 24-10-2020,2. HD,2,HD,Viby J 4,Tarup-Pårup,"Nicolai Skou Ernstsen, Thomas Skovsgaard","Andreas Pryds Rolsted, Henrik Jørgensen","78766, 92822","55444, 39009","21-18, 13-21, 14-21",away,Tarup-Pårup,
2020,1,1,-3,13226,Danmarksserien,Pulje 3,385690,4 24-10-2020,3. HD,3,HD,Viby J 4,Tarup-Pårup,"Bartal Poulsen, Victor Harbo Johnston","Rasmus Poulsen, Kent Baden","163486, 84441","36236, 10234","14-21, 25-23, 18-21",away,Tarup-Pårup,
2020,1,1,-3,13226,Danmarksserien,Pulje 3,385691,4 24-10-2020,1. MD,1,MD,Grindsted BK,Team Fyn 3,"Martin Faaborg Jensen, Malene Filtenborg Larsen","Michael Tolbøll, Lone Cordt","31720, 12401","36659, 243379","21-10, 21-3",home,Grindsted BK,
2020,1,1,-3,13226,Danmarksserien,Pulje 3,385691,4 24-10-2020,2. MD,2,MD,Grindsted BK,Team Fyn 3,"Tom Larsen, Freja Vinding","Dan Bredskov, Trine Lundgaard Storkholm","9687, 253564","7998, 10366","21-12, 23-25, 21-10",home,Grindsted BK,
2020,1,1,-3,13226,Danmarksserien,Pulje 3,385691,4 24-10-2020,1. DS,1,DS,Grindsted BK,Team Fyn 3,Louise Bolding Lund,Sara Mizrachi-Hansen,94396,284815,"21-12, 21-16",home,Grindsted BK,
2020,1,1,-3,13226,Danmarksserien,Pulje 3,385691,4 24-10-2020,2. DS,2,DS,Grindsted BK,Team Fyn 3,Emma Husted Mikkelsen,Charlotte Bernhardt,81554,10907,"21-18, 21-12",home,Grindsted BK,
2020,1,1,-3,13226,Danmarksserien,Pulje 3,385691,4 24-10-2020,1. HS,1,HS,Grindsted BK,Team Fyn 3,Anders Junker,Henrik Berth Mikkelsen,85187,64473,"21-9, 21-15",home,Grindsted BK,
2020,1,1,-3,13226,Danmarksserien,Pulje 3,385691,4 24-10-2020,2. HS,2,HS,Grindsted BK,Team Fyn 3,Tobias Thomsen,Mathias L. Kristensen,92246,63297,"21-6, 21-15",home,Grindsted BK,
2020,1,1,-3,13226,Danmarksserien,Pulje 3,385691,4 24-10-2020,3. HS,3,HS,Grindsted BK,Team Fyn 3,Thomas Jensen,Simon Brandt,73557,85169,"21-9, 21-12",home,Grindsted BK,
2020,1,1,-3,13226,Danmarksserien,Pulje 3,385691,4 24-10-2020,4. HS,4,HS,Grindsted BK,Team Fyn 3,Rasmus Jensen,Martin Hindse,231526,64207,"21-5, 19-21, 21-11",home,Grindsted BK,
2020,1,1,-3,13226,Danmarksserien,Pulje 3,385691,4 24-10-2020,1. DD,1,DD,Grindsted BK,Team Fyn 3,"Emma Husted Mikkelsen, Malene Filtenborg Larsen","Sara Mizrachi-Hansen, Trine Lundgaard Storkholm","81554, 12401","284815, 10366","21-9, 21-9",home,Grindsted BK,
2020,1,1,-3,13226,Danmarksserien,Pulje 3,385691,4 24-10-2020,2. DD,2,DD,Grindsted BK,Team Fyn 3,"Louise Bolding Lund, Freja Vinding","Charlotte Bernhardt, Lone Cordt","94396, 253564","10907, 243379","21-18, 21-15",home,Grindsted BK,
2020,1,1,-3,13226,Danmarksserien,Pulje 3,385691,4 24-10-2020,1. HD,1,HD,Grindsted BK,Team Fyn 3,"Martin Faaborg Jensen, Tobias Thomsen","Mathias L. Kristensen, Michael Tolbøll","31720, 92246","63297, 36659","21-14, 21-13",home,Grindsted BK,
2020,1,1,-3,13226,Danmarksserien,Pulje 3,385691,4 24-10-2020,2. HD,2,HD,Grindsted BK,Team Fyn 3,"Anders Junker, Rasmus Jensen","Dan Bredskov, Henrik Berth Mikkelsen","85187, 231526","7998, 64473","21-14, 21-12",home,Grindsted BK,
2020,1,1,-3,13226,Danmarksserien,Pulje 3,385691,4 24-10-2020,3. HD,3,HD,Grindsted BK,Team Fyn 3,"Tom Larsen, Thomas Jensen","Simon Brandt, Martin Hindse","9687, 73557","85169, 64207","21-10, 21-8",home,Grindsted BK,
2020,1,1,-3,13226,Danmarksserien,Pulje 3,385692,4 24-10-2020,1. MD,1,MD,Odense BK77,Kolding BK 3,"Rasmus Vester, Henriette Hansen","Arthur Wraae Silberling, Jane Thomsen","229131, 29586","156041, 3853","13-21, 22-20, 21-16",home,Odense BK77,
2020,1,1,-3,13226,Danmarksserien,Pulje 3,385692,4 24-10-2020,2. MD,2,MD,Odense BK77,Kolding BK 3,"Mathias Baudin Kristensen, Simone Romme","Mikkel Klinggaard Andersen, Helle Friberg","298362, 236441","199061, 9217","18-21, 15-21",away,Kolding BK 3,
2020,1,1,-3,13226,Danmarksserien,Pulje 3,385692,4 24-10-2020,1. DS,1,DS,Odense BK77,Kolding BK 3,Mette Albæk Kristensen,Nete Møllekær,78660,115592,"21-13, 21-13",home,Odense BK77,
2020,1,1,-3,13226,Danmarksserien,Pulje 3,385692,4 24-10-2020,2. DS,2,DS,Odense BK77,Kolding BK 3,Ida Østerby,Maja Segato,82042,3248,"18-21, 13-21",away,Kolding BK 3,
2020,1,1,-3,13226,Danmarksserien,Pulje 3,385692,4 24-10-2020,1. HS,1,HS,Odense BK77,Kolding BK 3,Lars Fuglsang,Jeppe Helenius,73727,92848,"21-16, 21-15",home,Odense BK77,
2020,1,1,-3,13226,Danmarksserien,Pulje 3,385692,4 24-10-2020,2. HS,2,HS,Odense BK77,Kolding BK 3,Simon Ferslev,Nikolaj Søgaard,78749,228178,"16-21, 21-11, 13-21",away,Kolding BK 3,
2020,1,1,-3,13226,Danmarksserien,Pulje 3,385692,4 24-10-2020,3. HS,3,HS,Odense BK77,Kolding BK 3,Andreas Bruun,Justin Luong,80395,199172,"20-22, 19-21",away,Kolding BK 3,
2020,1,1,-3,13226,Danmarksserien,Pulje 3,385692,4 24-10-2020,4. HS,4,HS,Odense BK77,Kolding BK 3,Ulrik Jørgensen,Victor Spanggaard,43877,155955,"12-21, 14-21",away,Kolding BK 3,
2020,1,1,-3,13226,Danmarksserien,Pulje 3,385692,4 24-10-2020,1. DD,1,DD,Odense BK77,Kolding BK 3,"Mette Albæk Kristensen, Henriette Hansen","Jane Thomsen, Helle Friberg","78660, 29586","3853, 9217","21-4, 21-3",home,Odense BK77,
2020,1,1,-3,13226,Danmarksserien,Pulje 3,385692,4 24-10-2020,2. DD,2,DD,Odense BK77,Kolding BK 3,"Ida Østerby, Simone Romme","Maja Segato, Nete Møllekær","82042, 236441","3248, 115592","10-21, 21-19, 15-21",away,Kolding BK 3,
2020,1,1,-3,13226,Danmarksserien,Pulje 3,385692,4 24-10-2020,1. HD,1,HD,Odense BK77,Kolding BK 3,"Lars Fuglsang, Mathias Baudin Kristensen","Justin Luong, Jeppe Helenius","73727, 298362","199172, 92848","20-22, 21-15, 19-21",away,Kolding BK 3,
2020,1,1,-3,13226,Danmarksserien,Pulje 3,385692,4 24-10-2020,2. HD,2,HD,Odense BK77,Kolding BK 3,"Simon Ferslev, Andreas Bruun","Nikolaj Søgaard, Arthur Wraae Silberling","78749, 80395","228178, 156041","22-20, 23-21",home,Odense BK77,
2020,1,1,-3,13226,Danmarksserien,Pulje 3,385692,4 24-10-2020,3. HD,3,HD,Odense BK77,Kolding BK 3,"Ulrik Jørgensen, Rasmus Vester","Mikkel Klinggaard Andersen, Victor Spanggaard","43877, 229131","199061, 155955","16-21, 14-21",away,Kolding BK 3,
2020,1,1,-3,13226,Danmarksserien,Pulje 3,385693,4 24-10-2020,1. MD,1,MD,Middelfart,Horsens,"Adam Rasmussen, Julie Gundertofte","Kasper Gjødsbøl, Nethe Bramsen","43083, 88912","78523, 13662","25-23, 21-6",home,Middelfart,
2020,1,1,-3,13226,Danmarksserien,Pulje 3,385693,4 24-10-2020,2. MD,2,MD,Middelfart,Horsens,"Christian Pryds Rasmussen, Ditte Lund","Lasse Tidemann, Freia Hansen","17806, 80935","36084, 242674","21-13, 21-18",home,Middelfart,
2020,1,1,-3,13226,Danmarksserien,Pulje 3,385693,4 24-10-2020,1. DS,1,DS,Middelfart,Horsens,Anna S. Mikkelsen,Pernille D. Rune,65032,115168,"22-20, 14-21, 21-15",home,Middelfart,
2020,1,1,-3,13226,Danmarksserien,Pulje 3,385693,4 24-10-2020,2. DS,2,DS,Middelfart,Horsens,Stine Andersen,Ann-Katrine Lind,234626,33895,"16-21, 11-21",away,Horsens,
2020,1,1,-3,13226,Danmarksserien,Pulje 3,385693,4 24-10-2020,1. HS,1,HS,Middelfart,Horsens,Lukas Zevl (EU),Henrik Klærke Jensen,153431,69585,"21-13, 21-18",home,Middelfart,
2020,1,1,-3,13226,Danmarksserien,Pulje 3,385693,4 24-10-2020,2. HS,2,HS,Middelfart,Horsens,Henrik Vestergård,Gustav Dam,13015,94166,"21-13, 21-15",home,Middelfart,
2020,1,1,-3,13226,Danmarksserien,Pulje 3,385693,4 24-10-2020,3. HS,3,HS,Middelfart,Horsens,Mathias Poulsen,Andreas G. Mathiasen,224824,2147,"19-21, 21-15, 21-12",home,Middelfart,
2020,1,1,-3,13226,Danmarksserien,Pulje 3,385693,4 24-10-2020,4. HS,4,HS,Middelfart,Horsens,Tobias Hoeck,Jakob Vestergaard Kristoffersen,244287,167507,"16-21, 21-18, 19-21",away,Horsens,
2020,1,1,-3,13226,Danmarksserien,Pulje 3,385693,4 24-10-2020,1. DD,1,DD,Middelfart,Horsens,"Ditte Lund, Julie Gundertofte","Nethe Bramsen, Pernille D. Rune","80935, 88912","13662, 115168","13-21, 9-21",away,Horsens,
2020,1,1,-3,13226,Danmarksserien,Pulje 3,385693,4 24-10-2020,2. DD,2,DD,Middelfart,Horsens,"Anna S. Mikkelsen, Stine Andersen","Ann-Katrine Lind, Freia Hansen","65032, 234626","33895, 242674","21-13, 21-15",home,Middelfart,
2020,1,1,-3,13226,Danmarksserien,Pulje 3,385693,4 24-10-2020,1. HD,1,HD,Middelfart,Horsens,"Henrik Vestergård, Lukas Zevl (EU)","Henrik Klærke Jensen, Andreas G. Mathiasen","13015, 153431","69585, 2147","21-16, 21-10",home,Middelfart,
2020,1,1,-3,13226,Danmarksserien,Pulje 3,385693,4 24-10-2020,2. HD,2,HD,Middelfart,Horsens,"Adam Rasmussen, Christian Pryds Rasmussen","Gustav Dam, Kasper Gjødsbøl","43083, 17806","94166, 78523","20-22, 21-15, 21-11",home,Middelfart,
2020,1,1,-3,13226,Danmarksserien,Pulje 3,385693,4 24-10-2020,3. HD,3,HD,Middelfart,Horsens,"Mathias Poulsen, Tobias Hoeck","Lasse Tidemann, Jakob Vestergaard Kristoffersen","224824, 244287","36084, 167507","15-21, 20-22",away,Horsens,
2020,1,1,-3,13227,Danmarksserien,Pulje 4,385706,1 05-09-2020,1. MD,1,MD,Svendborg,Team Fyn 2,"Jeppe Rasmussen, Lene Struwe","Jacob Asmussen, Mia Sejr Nielsen","66935, 8245","172364, 19572","21-17, 21-9",home,Svendborg,
2020,1,1,-3,13227,Danmarksserien,Pulje 4,385706,1 05-09-2020,2. MD,2,MD,Svendborg,Team Fyn 2,"Peter Mouritsen, Hanne Linda Bertelsen","Michael Tolbøll, Lea Elm Jensen","10169, 7234","36659, 41455","21-15, 16-21, 18-21",away,Team Fyn 2,
2020,1,1,-3,13227,Danmarksserien,Pulje 4,385706,1 05-09-2020,1. DS,1,DS,Svendborg,Team Fyn 2,Sofia Aarrebo Petersen,Mette Falk,240213,29672,"16-21, 22-20, 21-11",home,Svendborg,
2020,1,1,-3,13227,Danmarksserien,Pulje 4,385706,1 05-09-2020,2. DS,2,DS,Svendborg,Team Fyn 2,Signe L. Pedersen,Marie Storkholm,199118,94649,"17-21, 13-21",away,Team Fyn 2,
2020,1,1,-3,13227,Danmarksserien,Pulje 4,385706,1 05-09-2020,1. HS,1,HS,Svendborg,Team Fyn 2,Morten Eilby Rasmussen,Karl-Jørgen Møller,11588,19660,"12-21, 21-16, 21-13",home,Svendborg,
2020,1,1,-3,13227,Danmarksserien,Pulje 4,385706,1 05-09-2020,2. HS,2,HS,Svendborg,Team Fyn 2,Martin Hessner Nielsen,Per Rasmussen,16868,21286,"21-13, 21-12",home,Svendborg,
2020,1,1,-3,13227,Danmarksserien,Pulje 4,385706,1 05-09-2020,3. HS,3,HS,Svendborg,Team Fyn 2,Jonas Nielsen,Victor Schurmann Johannsen,264054,227665,"16-21, 21-14, 16-21",away,Team Fyn 2,
2020,1,1,-3,13227,Danmarksserien,Pulje 4,385706,1 05-09-2020,4. HS,4,HS,Svendborg,Team Fyn 2,Kenneth Rasmussen,Magnus Søgaard Pedersen,12165,2646,"21-15, 21-13",home,Svendborg,
2020,1,1,-3,13227,Danmarksserien,Pulje 4,385706,1 05-09-2020,1. DD,1,DD,Svendborg,Team Fyn 2,"Hanne Linda Bertelsen, Signe L. Pedersen","Mia Sejr Nielsen, Lea Elm Jensen","7234, 199118","19572, 41455","18-21, 12-21",away,Team Fyn 2,
2020,1,1,-3,13227,Danmarksserien,Pulje 4,385706,1 05-09-2020,2. DD,2,DD,Svendborg,Team Fyn 2,"Lene Struwe, Sofia Aarrebo Petersen","Mette Falk, Marie Storkholm","8245, 240213","29672, 94649","21-13, 21-18",home,Svendborg,
2020,1,1,-3,13227,Danmarksserien,Pulje 4,385706,1 05-09-2020,1. HD,1,HD,Svendborg,Team Fyn 2,"Morten Eilby Rasmussen, Kenneth Rasmussen","Karl-Jørgen Møller, Jacob Asmussen","11588, 12165","19660, 172364","21-15, 17-21, 21-12",home,Svendborg,
2020,1,1,-3,13227,Danmarksserien,Pulje 4,385706,1 05-09-2020,2. HD,2,HD,Svendborg,Team Fyn 2,"Martin Hessner Nielsen, Jeppe Rasmussen","Victor Schurmann Johannsen, Michael Tolbøll","16868, 66935","227665, 36659","21-9, 21-17",home,Svendborg,
2020,1,1,-3,13227,Danmarksserien,Pulje 4,385706,1 05-09-2020,3. HD,3,HD,Svendborg,Team Fyn 2,"Peter Mouritsen, Jonas Nielsen","Per Rasmussen, Magnus Søgaard Pedersen","10169, 264054","21286, 2646","16-21, 21-15, 21-19",home,Svendborg,
2020,1,1,-3,13227,Danmarksserien,Pulje 4,385707,1 05-09-2020,1. MD,1,MD,Dalum Hjallese BK 2,Vejle,"Jacob Q. Petersen, Nanna Vinther Poulsen","Anders Steenkjær, Pia Emborg","37427, 72895","8840, 7762","21-16, 21-6",home,Dalum Hjallese BK 2,
2020,1,1,-3,13227,Danmarksserien,Pulje 4,385707,1 05-09-2020,2. MD,2,MD,Dalum Hjallese BK 2,Vejle,"Frederik Nordkvist, Louise Tverskov","Uffe Nymark Jensen, Grace Koch","66188, 61828","9902, 281070","21-9, 21-11",home,Dalum Hjallese BK 2,
2020,1,1,-3,13227,Danmarksserien,Pulje 4,385707,1 05-09-2020,1. DS,1,DS,Dalum Hjallese BK 2,Vejle,Nanna Weibel,Marie Louise Søgaard Svarrer,170861,12263,"21-16, 13-21, 21-16",home,Dalum Hjallese BK 2,
2020,1,1,-3,13227,Danmarksserien,Pulje 4,385707,1 05-09-2020,2. DS,2,DS,Dalum Hjallese BK 2,Vejle,Amalie Busk,Ida Klausholm Jørgensen,1102,254107,"18-21, 18-21",away,Vejle,
2020,1,1,-3,13227,Danmarksserien,Pulje 4,385707,1 05-09-2020,1. HS,1,HS,Dalum Hjallese BK 2,Vejle,Jesper Olesen,Søren Nørsten,37187,12460,"15-21, 19-21",away,Vejle,
2020,1,1,-3,13227,Danmarksserien,Pulje 4,385707,1 05-09-2020,2. HS,2,HS,Dalum Hjallese BK 2,Vejle,Kenneth Schmidt,Michael Lund Andersen,55632,32117,"21-15, 21-17",home,Dalum Hjallese BK 2,
2020,1,1,-3,13227,Danmarksserien,Pulje 4,385707,1 05-09-2020,3. HS,3,HS,Dalum Hjallese BK 2,Vejle,Nicolai Severin Juhl,Martin Poulsen,87522,13170,"21-13, 21-16",home,Dalum Hjallese BK 2,
2020,1,1,-3,13227,Danmarksserien,Pulje 4,385707,1 05-09-2020,4. HS,4,HS,Dalum Hjallese BK 2,Vejle,Mikkel Høpner,Mads E. Johansen,66732,209771,"16-21, 21-10, 21-18",home,Dalum Hjallese BK 2,
2020,1,1,-3,13227,Danmarksserien,Pulje 4,385707,1 05-09-2020,1. DD,1,DD,Dalum Hjallese BK 2,Vejle,"Nanna Vinther Poulsen, Louise Tverskov","Marie Louise Søgaard Svarrer, Pia Emborg","72895, 61828","12263, 7762","21-14, 21-14",home,Dalum Hjallese BK 2,
2020,1,1,-3,13227,Danmarksserien,Pulje 4,385707,1 05-09-2020,2. DD,2,DD,Dalum Hjallese BK 2,Vejle,"Amalie Busk, Nanna Weibel","Ida Klausholm Jørgensen, Grace Koch","1102, 170861","254107, 281070","21-16, 21-13",home,Dalum Hjallese BK 2,
2020,1,1,-3,13227,Danmarksserien,Pulje 4,385707,1 05-09-2020,1. HD,1,HD,Dalum Hjallese BK 2,Vejle,"Jacob Q. Petersen, Jesper Olesen","Søren Nørsten, Martin Poulsen","37427, 37187","12460, 13170","21-12, 21-18",home,Dalum Hjallese BK 2,
2020,1,1,-3,13227,Danmarksserien,Pulje 4,385707,1 05-09-2020,2. HD,2,HD,Dalum Hjallese BK 2,Vejle,"Kenneth Schmidt, Frederik Nordkvist","Michael Lund Andersen, Anders Steenkjær","55632, 66188","32117, 8840","21-17, 21-9",home,Dalum Hjallese BK 2,
2020,1,1,-3,13227,Danmarksserien,Pulje 4,385707,1 05-09-2020,3. HD,3,HD,Dalum Hjallese BK 2,Vejle,"Nicolai Severin Juhl, Mikkel Høpner","Uffe Nymark Jensen, Mads E. Johansen","87522, 66732","9902, 209771","16-21, 19-21",away,Vejle,
2020,1,1,-3,13227,Danmarksserien,Pulje 4,385708,1 05-09-2020,1. MD,1,MD,Skovbakken 2,Silkeborg BK,"Stephan Hjelmdal Nielsen, Mathilde Lund","Esben Kæmpegaard, Helle Bøgeholt Kæmpegaard","13753, 78975","10897, 11865","18-21, 14-21",away,Silkeborg BK,
2020,1,1,-3,13227,Danmarksserien,Pulje 4,385708,1 05-09-2020,2. MD,2,MD,Skovbakken 2,Silkeborg BK,"Philip Madsen, Stine Søgaard","Mathias Vestergaard Mikkelsen, Ida Gaarde Simonsen","83508, 69314","87920, 92474","21-17, 21-17",home,Skovbakken 2,
2020,1,1,-3,13227,Danmarksserien,Pulje 4,385708,1 05-09-2020,1. DS,1,DS,Skovbakken 2,Silkeborg BK,Louise Holst,Rebekka Højriis,56933,406,"21-14, 21-14",home,Skovbakken 2,
2020,1,1,-3,13227,Danmarksserien,Pulje 4,385708,1 05-09-2020,2. DS,2,DS,Skovbakken 2,Silkeborg BK,Karina Beck,Mathilde Deleuran,63279,253892,"21-17, 21-17",home,Skovbakken 2,
2020,1,1,-3,13227,Danmarksserien,Pulje 4,385708,1 05-09-2020,1. HS,1,HS,Skovbakken 2,Silkeborg BK,Morten Riber Nielsen,Jacob Damgaard,37587,14653,"12-21, 12-21",away,Silkeborg BK,
2020,1,1,-3,13227,Danmarksserien,Pulje 4,385708,1 05-09-2020,2. HS,2,HS,Skovbakken 2,Silkeborg BK,Anders Vestergaard,Kasper Gade Andersen,35700,88634,"21-16, 21-17",home,Skovbakken 2,
2020,1,1,-3,13227,Danmarksserien,Pulje 4,385708,1 05-09-2020,3. HS,3,HS,Skovbakken 2,Silkeborg BK,Casper Brix Bruun,Peter Møller Hansen,36854,199316,"26-24, 21-10",home,Skovbakken 2,
2020,1,1,-3,13227,Danmarksserien,Pulje 4,385708,1 05-09-2020,4. HS,4,HS,Skovbakken 2,Silkeborg BK,Victor Tang Merit,Morten Aarup,67191,9736,"21-15, 14-21, 21-11",home,Skovbakken 2,
2020,1,1,-3,13227,Danmarksserien,Pulje 4,385708,1 05-09-2020,1. DD,1,DD,Skovbakken 2,Silkeborg BK,"Karina Beck, Stine Søgaard","Ida Gaarde Simonsen, Rebekka Højriis","63279, 69314","92474, 406","21-8, 21-12",home,Skovbakken 2,
2020,1,1,-3,13227,Danmarksserien,Pulje 4,385708,1 05-09-2020,2. DD,2,DD,Skovbakken 2,Silkeborg BK,"Mathilde Lund, Louise Holst","Helle Bøgeholt Kæmpegaard, Mathilde Deleuran","78975, 56933","11865, 253892","24-26, 21-23",away,Silkeborg BK,
2020,1,1,-3,13227,Danmarksserien,Pulje 4,385708,1 05-09-2020,1. HD,1,HD,Skovbakken 2,Silkeborg BK,"Stephan Hjelmdal Nielsen, Philip Madsen","Esben Kæmpegaard, Kasper Gade Andersen","13753, 83508","10897, 88634","21-18, 14-21, 21-16",home,Skovbakken 2,
2020,1,1,-3,13227,Danmarksserien,Pulje 4,385708,1 05-09-2020,2. HD,2,HD,Skovbakken 2,Silkeborg BK,"Casper Brix Bruun, Victor Tang Merit","Jacob Damgaard, Mathias Vestergaard Mikkelsen","36854, 67191","14653, 87920","20-22, 15-21",away,Silkeborg BK,
2020,1,1,-3,13227,Danmarksserien,Pulje 4,385708,1 05-09-2020,3. HD,3,HD,Skovbakken 2,Silkeborg BK,"Morten Riber Nielsen, Anders Vestergaard","Peter Møller Hansen, Morten Aarup","37587, 35700","199316, 9736","21-19, 21-17",home,Skovbakken 2,
2020,1,1,-3,13227,Danmarksserien,Pulje 4,385709,1 05-09-2020,1. MD,1,MD,Odense OBK 4,Bolbro,"Mathias Rytter Reus, Julie Boe","Frederik Højrup, Tine Pedersen","132348, 10376","78707, 75801","21-14, 16-21, 18-21",away,Bolbro,
2020,1,1,-3,13227,Danmarksserien,Pulje 4,385709,1 05-09-2020,2. MD,2,MD,Odense OBK 4,Bolbro,"Frederik Rud Nielsen, Sofie Sieck Overbeck","Andreas Hertz, Katrine Nybøle Schjerning","237224, 227092","47626, 178296","14-21, 12-21",away,Bolbro,
2020,1,1,-3,13227,Danmarksserien,Pulje 4,385709,1 05-09-2020,1. DS,1,DS,Odense OBK 4,Bolbro,Sindia Pilgaard,Johanne Axelsen,159066,69156,,away,Bolbro,B
2020,1,1,-3,13227,Danmarksserien,Pulje 4,385709,1 05-09-2020,2. DS,2,DS,Odense OBK 4,Bolbro,Lene Kristensen,Ann-Sofie Nybøle Schjerning,250903,157491,,away,Bolbro,B
2020,1,1,-3,13227,Danmarksserien,Pulje 4,385709,1 05-09-2020,1. HS,1,HS,Odense OBK 4,Bolbro,Nikolaj Aasmose,Jakob Cartey,234057,12163,"9-21, 21-16, 26-24",home,Odense OBK 4,
2020,1,1,-3,13227,Danmarksserien,Pulje 4,385709,1 05-09-2020,2. HS,2,HS,Odense OBK 4,Bolbro,André Bek,Thomas Spanggaard Hahn-Petersen,132353,92805,"18-21, 21-15, 10-21",away,Bolbro,
2020,1,1,-3,13227,Danmarksserien,Pulje 4,385709,1 05-09-2020,3. HS,3,HS,Odense OBK 4,Bolbro,Sune Juul Ørskov,Kasper Edal,199572,24536,"21-12, 23-21",home,Odense OBK 4,
2020,1,1,-3,13227,Danmarksserien,Pulje 4,385709,1 05-09-2020,4. HS,4,HS,Odense OBK 4,Bolbro,Tobias Kej,Lars Tranegaard Andersen,159471,9624,"12-21, 21-10, 11-21",away,Bolbro,
2020,1,1,-3,13227,Danmarksserien,Pulje 4,385709,1 05-09-2020,1. DD,1,DD,Odense OBK 4,Bolbro,"Julie Boe, Sindia Pilgaard","Johanne Axelsen, Tine Pedersen","10376, 159066","69156, 75801",,away,Bolbro,B
2020,1,1,-3,13227,Danmarksserien,Pulje 4,385709,1 05-09-2020,2. DD,2,DD,Odense OBK 4,Bolbro,"Lene Kristensen, Sofie Sieck Overbeck","Ann-Sofie Nybøle Schjerning, Katrine Nybøle Schjerning","250903, 227092","157491, 178296",,away,Bolbro,B
2020,1,1,-3,13227,Danmarksserien,Pulje 4,385709,1 05-09-2020,1. HD,1,HD,Odense OBK 4,Bolbro,"Tobias Kej, Mathias Rytter Reus","Jakob Cartey, Thomas Spanggaard Hahn-Petersen","159471, 132348","12163, 92805","15-21, 20-22",away,Bolbro,
2020,1,1,-3,13227,Danmarksserien,Pulje 4,385709,1 05-09-2020,2. HD,2,HD,Odense OBK 4,Bolbro,"Frederik Rud Nielsen, Sune Juul Ørskov","Frederik Højrup, Andreas Hertz","237224, 199572","78707, 47626","21-17, 15-21, 22-20",home,Odense OBK 4,
2020,1,1,-3,13227,Danmarksserien,Pulje 4,385709,1 05-09-2020,3. HD,3,HD,Odense OBK 4,Bolbro,"André Bek, Nikolaj Aasmose","Kasper Edal, Lars Tranegaard Andersen","132353, 234057","24536, 9624","21-15, 21-16",home,Odense OBK 4,
2020,1,1,-3,13227,Danmarksserien,Pulje 4,385710,2 19-09-2020,1. MD,1,MD,Silkeborg BK,Svendborg,"Esben Kæmpegaard, Helle Bøgeholt Kæmpegaard","Jeppe Rasmussen, Lene Struwe","10897, 11865","66935, 8245","22-20, 16-21, 18-21",away,Svendborg,
2020,1,1,-3,13227,Danmarksserien,Pulje 4,385710,2 19-09-2020,2. MD,2,MD,Silkeborg BK,Svendborg,"Mathias Vestergaard Mikkelsen, Ida Gaarde Simonsen","Peter Mouritsen, Hanne Linda Bertelsen","87920, 92474","10169, 7234","17-21, 21-17, 21-23",away,Svendborg,
2020,1,1,-3,13227,Danmarksserien,Pulje 4,385710,2 19-09-2020,1. DS,1,DS,Silkeborg BK,Svendborg,Rebekka Højriis,Sofia Aarrebo Petersen,406,240213,"21-19, 21-15",home,Silkeborg BK,
2020,1,1,-3,13227,Danmarksserien,Pulje 4,385710,2 19-09-2020,2. DS,2,DS,Silkeborg BK,Svendborg,Mathilde Deleuran,Henriette Vang Grønning,253892,10478,"21-14, 21-12",home,Silkeborg BK,
2020,1,1,-3,13227,Danmarksserien,Pulje 4,385710,2 19-09-2020,1. HS,1,HS,Silkeborg BK,Svendborg,Jacob Damgaard,Martin Hessner Nielsen,14653,16868,"22-20, 16-21, 21-11",home,Silkeborg BK,
2020,1,1,-3,13227,Danmarksserien,Pulje 4,385710,2 19-09-2020,2. HS,2,HS,Silkeborg BK,Svendborg,Rasmus Vestergaard Mikkelsen,Morten Eilby Rasmussen,2407,11588,"22-24, 8-21",away,Svendborg,
2020,1,1,-3,13227,Danmarksserien,Pulje 4,385710,2 19-09-2020,3. HS,3,HS,Silkeborg BK,Svendborg,Kasper Gade Andersen,Kenneth Rasmussen,88634,12165,"21-11, 21-17",home,Silkeborg BK,
2020,1,1,-3,13227,Danmarksserien,Pulje 4,385710,2 19-09-2020,4. HS,4,HS,Silkeborg BK,Svendborg,Morten Aarup,Jonas Nielsen,9736,264054,"21-17, 18-21, 14-21",away,Svendborg,
2020,1,1,-3,13227,Danmarksserien,Pulje 4,385710,2 19-09-2020,1. DD,1,DD,Silkeborg BK,Svendborg,"Ida Gaarde Simonsen, Rebekka Højriis","Hanne Linda Bertelsen, Sofia Aarrebo Petersen","92474, 406","7234, 240213","21-12, 15-21, 21-13",home,Silkeborg BK,
2020,1,1,-3,13227,Danmarksserien,Pulje 4,385710,2 19-09-2020,2. DD,2,DD,Silkeborg BK,Svendborg,"Helle Bøgeholt Kæmpegaard, Mathilde Deleuran","Henriette Vang Grønning, Lene Struwe","11865, 253892","10478, 8245","21-14, 21-19",home,Silkeborg BK,
2020,1,1,-3,13227,Danmarksserien,Pulje 4,385710,2 19-09-2020,1. HD,1,HD,Silkeborg BK,Svendborg,"Esben Kæmpegaard, Rasmus Vestergaard Mikkelsen","Kenneth Rasmussen, Morten Eilby Rasmussen","10897, 2407","12165, 11588","21-14, 22-24, 18-21",away,Svendborg,
2020,1,1,-3,13227,Danmarksserien,Pulje 4,385710,2 19-09-2020,2. HD,2,HD,Silkeborg BK,Svendborg,"Jacob Damgaard, Mathias Vestergaard Mikkelsen","Jeppe Rasmussen, Martin Hessner Nielsen","14653, 87920","66935, 16868","21-15, 22-24, 21-10",home,Silkeborg BK,
2020,1,1,-3,13227,Danmarksserien,Pulje 4,385710,2 19-09-2020,3. HD,3,HD,Silkeborg BK,Svendborg,"Morten Aarup, Kasper Gade Andersen","Peter Mouritsen, Jonas Nielsen","9736, 88634","10169, 264054","21-17, 21-18",home,Silkeborg BK,
2020,1,1,-3,13227,Danmarksserien,Pulje 4,385711,2 19-09-2020,1. MD,1,MD,Bolbro,Dalum Hjallese BK 2,"Frederik Højrup, Sara Liedecke","Jacob Q. Petersen, Nanna Vinther Poulsen","78707, 43996","37427, 72895","14-21, 16-21",away,Dalum Hjallese BK 2,
2020,1,1,-3,13227,Danmarksserien,Pulje 4,385711,2 19-09-2020,2. MD,2,MD,Bolbro,Dalum Hjallese BK 2,"Andreas Hertz, Katrine Nybøle Schjerning","Brian Strøier, Louise Tverskov","47626, 178296","15743, 61828","21-18, 17-21, 20-22",away,Dalum Hjallese BK 2,
2020,1,1,-3,13227,Danmarksserien,Pulje 4,385711,2 19-09-2020,1. DS,1,DS,Bolbro,Dalum Hjallese BK 2,Johanne Axelsen,Nanna Weibel,69156,170861,"18-21, 17-21",away,Dalum Hjallese BK 2,
2020,1,1,-3,13227,Danmarksserien,Pulje 4,385711,2 19-09-2020,2. DS,2,DS,Bolbro,Dalum Hjallese BK 2,Tine Pedersen,Amalie Busk,75801,1102,"18-21, 16-21",away,Dalum Hjallese BK 2,
2020,1,1,-3,13227,Danmarksserien,Pulje 4,385711,2 19-09-2020,1. HS,1,HS,Bolbro,Dalum Hjallese BK 2,Jakob Cartey,Martin Kær Eriksen,12163,36887,"21-13, 21-18",home,Bolbro,
2020,1,1,-3,13227,Danmarksserien,Pulje 4,385711,2 19-09-2020,2. HS,2,HS,Bolbro,Dalum Hjallese BK 2,Thomas Spanggaard Hahn-Petersen,Gustav Bonde Hansen,92805,115696,"21-15, 21-11",home,Bolbro,
2020,1,1,-3,13227,Danmarksserien,Pulje 4,385711,2 19-09-2020,3. HS,3,HS,Bolbro,Dalum Hjallese BK 2,Kasper Edal,Jesper Olesen,24536,37187,"21-16, 21-11",home,Bolbro,
2020,1,1,-3,13227,Danmarksserien,Pulje 4,385711,2 19-09-2020,4. HS,4,HS,Bolbro,Dalum Hjallese BK 2,Lars Tranegaard Andersen,Nikolaj Lemmeke Madsen,9624,87845,"18-21, 23-21, 20-22",away,Dalum Hjallese BK 2,
2020,1,1,-3,13227,Danmarksserien,Pulje 4,385711,2 19-09-2020,1. DD,1,DD,Bolbro,Dalum Hjallese BK 2,"Johanne Axelsen, Tine Pedersen","Nanna Vinther Poulsen, Louise Tverskov","69156, 75801","72895, 61828","21-19, 21-15",home,Bolbro,
2020,1,1,-3,13227,Danmarksserien,Pulje 4,385711,2 19-09-2020,2. DD,2,DD,Bolbro,Dalum Hjallese BK 2,"Katrine Nybøle Schjerning, Sara Liedecke","Amalie Busk, Nanna Weibel","178296, 43996","1102, 170861","14-21, 15-21",away,Dalum Hjallese BK 2,
2020,1,1,-3,13227,Danmarksserien,Pulje 4,385711,2 19-09-2020,1. HD,1,HD,Bolbro,Dalum Hjallese BK 2,"Thomas Spanggaard Hahn-Petersen, Jakob Cartey","Jacob Q. Petersen, Jesper Olesen","92805, 12163","37427, 37187","22-24, 21-10, 30-29",home,Bolbro,
2020,1,1,-3,13227,Danmarksserien,Pulje 4,385711,2 19-09-2020,2. HD,2,HD,Bolbro,Dalum Hjallese BK 2,"Frederik Højrup, Andreas Hertz","Martin Kær Eriksen, Nikolaj Lemmeke Madsen","78707, 47626","36887, 87845","20-22, 19-21",away,Dalum Hjallese BK 2,
2020,1,1,-3,13227,Danmarksserien,Pulje 4,385711,2 19-09-2020,3. HD,3,HD,Bolbro,Dalum Hjallese BK 2,"Lars Tranegaard Andersen, Kasper Edal","Gustav Bonde Hansen, Brian Strøier","9624, 24536","115696, 15743","11-21, 10-21",away,Dalum Hjallese BK 2,
2020,1,1,-3,13227,Danmarksserien,Pulje 4,385712,2 19-09-2020,1. MD,1,MD,Team Fyn 2,Skovbakken 2,"Jacob Asmussen, Mia Sejr Nielsen","Glenn Ammitsbøll, Maibritt Meldgaard","172364, 19572","73664, 86160","25-23, 10-21, 11-21",away,Skovbakken 2,
2020,1,1,-3,13227,Danmarksserien,Pulje 4,385712,2 19-09-2020,2. MD,2,MD,Team Fyn 2,Skovbakken 2,"Magnus Søgaard Pedersen, Maria Andersen","Philip Madsen, Mathilde Lund","2646, 41053","83508, 78975","14-21, 19-21",away,Skovbakken 2,
2020,1,1,-3,13227,Danmarksserien,Pulje 4,385712,2 19-09-2020,1. DS,1,DS,Team Fyn 2,Skovbakken 2,Mette Falk,Karina Beck,29672,63279,"14-21, 20-22",away,Skovbakken 2,
2020,1,1,-3,13227,Danmarksserien,Pulje 4,385712,2 19-09-2020,2. DS,2,DS,Team Fyn 2,Skovbakken 2,Marie Storkholm,Stinne B. Enevoldsen,94649,64722,"13-21, 13-21",away,Skovbakken 2,
2020,1,1,-3,13227,Danmarksserien,Pulje 4,385712,2 19-09-2020,1. HS,1,HS,Team Fyn 2,Skovbakken 2,Georgios Charalampidis (EU),Morten Riber Nielsen,14386,37587,"12-21, 12-21",away,Skovbakken 2,
2020,1,1,-3,13227,Danmarksserien,Pulje 4,385712,2 19-09-2020,2. HS,2,HS,Team Fyn 2,Skovbakken 2,Victor Schurmann Johannsen,Alexander Illum,227665,47474,"11-21, 14-21",away,Skovbakken 2,
2020,1,1,-3,13227,Danmarksserien,Pulje 4,385712,2 19-09-2020,3. HS,3,HS,Team Fyn 2,Skovbakken 2,Michael Stentz-Olesen,Anders Vestergaard,14278,35700,"9-21, 18-21",away,Skovbakken 2,
2020,1,1,-3,13227,Danmarksserien,Pulje 4,385712,2 19-09-2020,4. HS,4,HS,Team Fyn 2,Skovbakken 2,Michael Tolbøll,Casper Brix Bruun,36659,36854,"21-23, 13-21",away,Skovbakken 2,
2020,1,1,-3,13227,Danmarksserien,Pulje 4,385712,2 19-09-2020,1. DD,1,DD,Team Fyn 2,Skovbakken 2,"Maria Andersen, Mia Sejr Nielsen","Stinne B. Enevoldsen, Karina Beck","41053, 19572","64722, 63279","18-21, 16-21",away,Skovbakken 2,
2020,1,1,-3,13227,Danmarksserien,Pulje 4,385712,2 19-09-2020,2. DD,2,DD,Team Fyn 2,Skovbakken 2,"Mette Falk, Marie Storkholm","Mathilde Lund, Maibritt Meldgaard","29672, 94649","78975, 86160","24-22, 19-21, 11-21",away,Skovbakken 2,
2020,1,1,-3,13227,Danmarksserien,Pulje 4,385712,2 19-09-2020,1. HD,1,HD,Team Fyn 2,Skovbakken 2,"Victor Schurmann Johannsen, Michael Tolbøll","Glenn Ammitsbøll, Philip Madsen","227665, 36659","73664, 83508","12-21, 11-21",away,Skovbakken 2,
2020,1,1,-3,13227,Danmarksserien,Pulje 4,385712,2 19-09-2020,2. HD,2,HD,Team Fyn 2,Skovbakken 2,"Jacob Asmussen, Georgios Charalampidis (EU)","Alexander Illum, Casper Brix Bruun","172364, 14386","47474, 36854","9-21, 18-21",away,Skovbakken 2,
2020,1,1,-3,13227,Danmarksserien,Pulje 4,385712,2 19-09-2020,3. HD,3,HD,Team Fyn 2,Skovbakken 2,"Magnus Søgaard Pedersen, Michael Stentz-Olesen","Morten Riber Nielsen, Anders Vestergaard","2646, 14278","37587, 35700","19-21, 17-21",away,Skovbakken 2,
2020,1,1,-3,13227,Danmarksserien,Pulje 4,385713,2 19-09-2020,1. MD,1,MD,Vejle,Odense OBK 4,"Anders Steenkjær, Pia Emborg","Søren Ljungbeck Frodegaard, Julie Boe","8840, 7762","74853, 10376","10-21, 14-21",away,Odense OBK 4,
2020,1,1,-3,13227,Danmarksserien,Pulje 4,385713,2 19-09-2020,2. MD,2,MD,Vejle,Odense OBK 4,"Uffe Nymark Jensen, Grace Koch","Mathias Rytter Reus, Laura Ringsted Andersen","9902, 281070","132348, 2564","11-21, 12-21",away,Odense OBK 4,
2020,1,1,-3,13227,Danmarksserien,Pulje 4,385713,2 19-09-2020,1. DS,1,DS,Vejle,Odense OBK 4,Ida Klausholm Jørgensen,Sarah Thorsager,254107,821,"15-21, 25-23, 20-22",away,Odense OBK 4,
2020,1,1,-3,13227,Danmarksserien,Pulje 4,385713,2 19-09-2020,2. DS,2,DS,Vejle,Odense OBK 4,Ida Telling,Anna Sofie Schwartz Hansen,240800,234951,"7-21, 12-21",away,Odense OBK 4,
2020,1,1,-3,13227,Danmarksserien,Pulje 4,385713,2 19-09-2020,1. HS,1,HS,Vejle,Odense OBK 4,Søren Nørsten,Frederik Gürtler,12460,242,"12-21, 23-21, 10-21",away,Odense OBK 4,
2020,1,1,-3,13227,Danmarksserien,Pulje 4,385713,2 19-09-2020,2. HS,2,HS,Vejle,Odense OBK 4,Michael Lund Andersen,Frederik Rud Nielsen,32117,237224,"20-22, 24-22, 21-8",home,Vejle,
2020,1,1,-3,13227,Danmarksserien,Pulje 4,385713,2 19-09-2020,3. HS,3,HS,Vejle,Odense OBK 4,Martin Poulsen,André Bek,13170,132353,"13-21, 6-21",away,Odense OBK 4,
2020,1,1,-3,13227,Danmarksserien,Pulje 4,385713,2 19-09-2020,4. HS,4,HS,Vejle,Odense OBK 4,Andreas Brøgger Pedersen,Lucas Overgaard,214763,227687,"18-21, 23-21, 17-21",away,Odense OBK 4,
2020,1,1,-3,13227,Danmarksserien,Pulje 4,385713,2 19-09-2020,1. DD,1,DD,Vejle,Odense OBK 4,"Pia Emborg, Grace Koch","Julie Boe, Sarah Thorsager","7762, 281070","10376, 821","6-21, 18-21",away,Odense OBK 4,
2020,1,1,-3,13227,Danmarksserien,Pulje 4,385713,2 19-09-2020,2. DD,2,DD,Vejle,Odense OBK 4,"Ida Telling, Ida Klausholm Jørgensen","Laura Ringsted Andersen, Anna Sofie Schwartz Hansen","240800, 254107","2564, 234951","17-21, 18-21",away,Odense OBK 4,
2020,1,1,-3,13227,Danmarksserien,Pulje 4,385713,2 19-09-2020,1. HD,1,HD,Vejle,Odense OBK 4,"Søren Nørsten, Martin Poulsen","Søren Ljungbeck Frodegaard, Mathias Rytter Reus","12460, 13170","74853, 132348","21-16, 22-20",home,Vejle,
2020,1,1,-3,13227,Danmarksserien,Pulje 4,385713,2 19-09-2020,2. HD,2,HD,Vejle,Odense OBK 4,"Michael Lund Andersen, Anders Steenkjær","Frederik Rud Nielsen, Frederik Gürtler","32117, 8840","237224, 242","22-20, 18-21, 21-14",home,Vejle,
2020,1,1,-3,13227,Danmarksserien,Pulje 4,385713,2 19-09-2020,3. HD,3,HD,Vejle,Odense OBK 4,"Uffe Nymark Jensen, Andreas Brøgger Pedersen","André Bek, Lucas Overgaard","9902, 214763","132353, 227687","15-21, 13-21",away,Odense OBK 4,
2020,1,1,-3,13227,Danmarksserien,Pulje 4,385714,3 03-10-2020,1. MD,1,MD,Dalum Hjallese BK 2,Svendborg,"Jacob Q. Petersen, Nanna Vinther Poulsen","Jeppe Rasmussen, Lene Struwe","37427, 72895","66935, 8245","21-23, 19-21",away,Svendborg,
2020,1,1,-3,13227,Danmarksserien,Pulje 4,385714,3 03-10-2020,2. MD,2,MD,Dalum Hjallese BK 2,Svendborg,"Frederik Nordkvist, Louise Tverskov","Peter Mouritsen, Hanne Linda Bertelsen","66188, 61828","10169, 7234","14-21, 23-21, 21-18",home,Dalum Hjallese BK 2,
2020,1,1,-3,13227,Danmarksserien,Pulje 4,385714,3 03-10-2020,1. DS,1,DS,Dalum Hjallese BK 2,Svendborg,Nanna Weibel,Sofia Aarrebo Petersen,170861,240213,"22-24, 23-25",away,Svendborg,
2020,1,1,-3,13227,Danmarksserien,Pulje 4,385714,3 03-10-2020,2. DS,2,DS,Dalum Hjallese BK 2,Svendborg,Amalie Uggerly,Henriette Vang Grønning,75019,10478,"14-21, 19-21",away,Svendborg,
2020,1,1,-3,13227,Danmarksserien,Pulje 4,385714,3 03-10-2020,1. HS,1,HS,Dalum Hjallese BK 2,Svendborg,Martin Kær Eriksen,Morten Eilby Rasmussen,36887,11588,"19-21, 20-22",away,Svendborg,
2020,1,1,-3,13227,Danmarksserien,Pulje 4,385714,3 03-10-2020,2. HS,2,HS,Dalum Hjallese BK 2,Svendborg,Nikolaj Lemmeke Madsen,Martin Hessner Nielsen,87845,16868,"9-21, 16-21",away,Svendborg,
2020,1,1,-3,13227,Danmarksserien,Pulje 4,385714,3 03-10-2020,3. HS,3,HS,Dalum Hjallese BK 2,Svendborg,Kenneth Schmidt,Jonas Nielsen,55632,264054,"21-11, 21-12",home,Dalum Hjallese BK 2,
2020,1,1,-3,13227,Danmarksserien,Pulje 4,385714,3 03-10-2020,4. HS,4,HS,Dalum Hjallese BK 2,Svendborg,Jesper Olesen,Kenneth Rasmussen,37187,12165,"17-21, 14-21",away,Svendborg,
2020,1,1,-3,13227,Danmarksserien,Pulje 4,385714,3 03-10-2020,1. DD,1,DD,Dalum Hjallese BK 2,Svendborg,"Nanna Vinther Poulsen, Louise Tverskov","Sofia Aarrebo Petersen, Henriette Vang Grønning","72895, 61828","240213, 10478","21-17, 21-18",home,Dalum Hjallese BK 2,
2020,1,1,-3,13227,Danmarksserien,Pulje 4,385714,3 03-10-2020,2. DD,2,DD,Dalum Hjallese BK 2,Svendborg,"Nanna Weibel, Amalie Uggerly","Hanne Linda Bertelsen, Lene Struwe","170861, 75019","7234, 8245","18-21, 21-14, 21-16",home,Dalum Hjallese BK 2,
2020,1,1,-3,13227,Danmarksserien,Pulje 4,385714,3 03-10-2020,1. HD,1,HD,Dalum Hjallese BK 2,Svendborg,"Jacob Q. Petersen, Jesper Olesen","Kenneth Rasmussen, Morten Eilby Rasmussen","37427, 37187","12165, 11588","21-18, 21-23, 21-23",away,Svendborg,
2020,1,1,-3,13227,Danmarksserien,Pulje 4,385714,3 03-10-2020,2. HD,2,HD,Dalum Hjallese BK 2,Svendborg,"Frederik Nordkvist, Kenneth Schmidt","Jeppe Rasmussen, Martin Hessner Nielsen","66188, 55632","66935, 16868","11-21, 21-18, 16-21",away,Svendborg,
2020,1,1,-3,13227,Danmarksserien,Pulje 4,385714,3 03-10-2020,3. HD,3,HD,Dalum Hjallese BK 2,Svendborg,"Martin Kær Eriksen, Nikolaj Lemmeke Madsen","Peter Mouritsen, Jonas Nielsen","36887, 87845","10169, 264054","21-16, 21-17",home,Dalum Hjallese BK 2,
2020,1,1,-3,13227,Danmarksserien,Pulje 4,385715,3 03-10-2020,1. MD,1,MD,Vejle,Team Fyn 2,"Anders Steenkjær, Pia Emborg","Casper Corfixen Nielsen, Maria Andersen","8840, 7762","72327, 41053","21-18, 14-21, 9-21",away,Team Fyn 2,
2020,1,1,-3,13227,Danmarksserien,Pulje 4,385715,3 03-10-2020,2. MD,2,MD,Vejle,Team Fyn 2,"Morten Ammentorp Hansen, Grace Koch","Jacob Asmussen, Mia Sejr Nielsen","157930, 281070","172364, 19572","12-21, 16-21",away,Team Fyn 2,
2020,1,1,-3,13227,Danmarksserien,Pulje 4,385715,3 03-10-2020,1. DS,1,DS,Vejle,Team Fyn 2,Marie Louise Søgaard Svarrer,Marie Storkholm,12263,94649,"14-21, 14-21",away,Team Fyn 2,
2020,1,1,-3,13227,Danmarksserien,Pulje 4,385715,3 03-10-2020,2. DS,2,DS,Vejle,Team Fyn 2,Ida Klausholm Jørgensen,Sara Mizrachi-Hansen,254107,284815,"21-12, 21-15",home,Vejle,
2020,1,1,-3,13227,Danmarksserien,Pulje 4,385715,3 03-10-2020,1. HS,1,HS,Vejle,Team Fyn 2,Søren Nørsten,Tobias Kromann,12460,72056,"14-21, 19-21",away,Team Fyn 2,
2020,1,1,-3,13227,Danmarksserien,Pulje 4,385715,3 03-10-2020,2. HS,2,HS,Vejle,Team Fyn 2,Lars Top Møller,Per Rasmussen,13101,21286,"7-21, 13-21",away,Team Fyn 2,
2020,1,1,-3,13227,Danmarksserien,Pulje 4,385715,3 03-10-2020,3. HS,3,HS,Vejle,Team Fyn 2,Martin Poulsen,Michael Stentz-Olesen,13170,14278,"11-21, 14-21",away,Team Fyn 2,
2020,1,1,-3,13227,Danmarksserien,Pulje 4,385715,3 03-10-2020,4. HS,4,HS,Vejle,Team Fyn 2,Mads E. Johansen,Magnus Søgaard Pedersen,209771,2646,"10-21, 15-21",away,Team Fyn 2,
2020,1,1,-3,13227,Danmarksserien,Pulje 4,385715,3 03-10-2020,1. DD,1,DD,Vejle,Team Fyn 2,"Pia Emborg, Marie Louise Søgaard Svarrer","Mia Sejr Nielsen, Maria Andersen","7762, 12263","19572, 41053","17-21, 12-21",away,Team Fyn 2,
2020,1,1,-3,13227,Danmarksserien,Pulje 4,385715,3 03-10-2020,2. DD,2,DD,Vejle,Team Fyn 2,"Ida Klausholm Jørgensen, Grace Koch","Marie Storkholm, Sara Mizrachi-Hansen","254107, 281070","94649, 284815","14-21, 21-19, 14-21",away,Team Fyn 2,
2020,1,1,-3,13227,Danmarksserien,Pulje 4,385715,3 03-10-2020,1. HD,1,HD,Vejle,Team Fyn 2,"Søren Nørsten, Martin Poulsen","Casper Corfixen Nielsen, Tobias Kromann","12460, 13170","72327, 72056","21-19, 13-21, 21-18",home,Vejle,
2020,1,1,-3,13227,Danmarksserien,Pulje 4,385715,3 03-10-2020,2. HD,2,HD,Vejle,Team Fyn 2,"Morten Ammentorp Hansen, Lars Top Møller","Jacob Asmussen, Per Rasmussen","157930, 13101","172364, 21286","21-17, 21-18",home,Vejle,
2020,1,1,-3,13227,Danmarksserien,Pulje 4,385715,3 03-10-2020,3. HD,3,HD,Vejle,Team Fyn 2,"Anders Steenkjær, Mads E. Johansen","Michael Stentz-Olesen, Magnus Søgaard Pedersen","8840, 209771","14278, 2646","17-21, 22-20, 19-21",away,Team Fyn 2,
2020,1,1,-3,13227,Danmarksserien,Pulje 4,385716,3 03-10-2020,1. MD,1,MD,Odense OBK 4,Skovbakken 2,"Nicolai L. Johansen, Sindia Pilgaard","Glenn Ammitsbøll, Maibritt Meldgaard","72303, 159066","73664, 86160","21-17, 21-17",home,Odense OBK 4,
2020,1,1,-3,13227,Danmarksserien,Pulje 4,385716,3 03-10-2020,2. MD,2,MD,Odense OBK 4,Skovbakken 2,"Tobias Kej, Julie Boe","Philip Madsen, Mathilde Lund","159471, 10376","83508, 78975","20-22, 20-22",away,Skovbakken 2,
2020,1,1,-3,13227,Danmarksserien,Pulje 4,385716,3 03-10-2020,1. DS,1,DS,Odense OBK 4,Skovbakken 2,Sarah Thorsager,Karina Beck,821,63279,"21-19, 17-21, 20-22",away,Skovbakken 2,
2020,1,1,-3,13227,Danmarksserien,Pulje 4,385716,3 03-10-2020,2. DS,2,DS,Odense OBK 4,Skovbakken 2,Anna Sofie Schwartz Hansen,Stine Søgaard,234951,69314,"21-23, 21-19, 19-21",away,Skovbakken 2,
2020,1,1,-3,13227,Danmarksserien,Pulje 4,385716,3 03-10-2020,1. HS,1,HS,Odense OBK 4,Skovbakken 2,Frederik Gürtler,Morten Riber Nielsen,242,37587,"15-21, 18-21",away,Skovbakken 2,
2020,1,1,-3,13227,Danmarksserien,Pulje 4,385716,3 03-10-2020,2. HS,2,HS,Odense OBK 4,Skovbakken 2,Frederik Rud Nielsen,Anders Vestergaard,237224,35700,"18-21, 21-18, 21-13",home,Odense OBK 4,
2020,1,1,-3,13227,Danmarksserien,Pulje 4,385716,3 03-10-2020,3. HS,3,HS,Odense OBK 4,Skovbakken 2,Sune Juul Ørskov,Victor Tang Merit,199572,67191,"24-26, 19-21",away,Skovbakken 2,
2020,1,1,-3,13227,Danmarksserien,Pulje 4,385716,3 03-10-2020,4. HS,4,HS,Odense OBK 4,Skovbakken 2,Lucas Overgaard,Casper Brix Bruun,227687,36854,"16-21, 16-21",away,Skovbakken 2,
2020,1,1,-3,13227,Danmarksserien,Pulje 4,385716,3 03-10-2020,1. DD,1,DD,Odense OBK 4,Skovbakken 2,"Sarah Thorsager, Sindia Pilgaard","Karina Beck, Stine Søgaard","821, 159066","63279, 69314","18-21, 21-11, 18-21",away,Skovbakken 2,
2020,1,1,-3,13227,Danmarksserien,Pulje 4,385716,3 03-10-2020,2. DD,2,DD,Odense OBK 4,Skovbakken 2,"Anna Sofie Schwartz Hansen, Julie Boe","Mathilde Lund, Maibritt Meldgaard","234951, 10376","78975, 86160","18-21, 19-21",away,Skovbakken 2,
2020,1,1,-3,13227,Danmarksserien,Pulje 4,385716,3 03-10-2020,1. HD,1,HD,Odense OBK 4,Skovbakken 2,"Nicolai L. Johansen, Tobias Kej","Glenn Ammitsbøll, Philip Madsen","72303, 159471","73664, 83508","21-19, 13-21, 12-21",away,Skovbakken 2,
2020,1,1,-3,13227,Danmarksserien,Pulje 4,385716,3 03-10-2020,2. HD,2,HD,Odense OBK 4,Skovbakken 2,"Frederik Rud Nielsen, Frederik Gürtler","Victor Tang Merit, Casper Brix Bruun","237224, 242","67191, 36854","13-21, 18-21",away,Skovbakken 2,
2020,1,1,-3,13227,Danmarksserien,Pulje 4,385716,3 03-10-2020,3. HD,3,HD,Odense OBK 4,Skovbakken 2,"Lucas Overgaard, Sune Juul Ørskov","Morten Riber Nielsen, Anders Vestergaard","227687, 199572","37587, 35700","21-17, 12-21, 16-21",away,Skovbakken 2,
2020,1,1,-3,13227,Danmarksserien,Pulje 4,385717,3 03-10-2020,1. MD,1,MD,Bolbro,Silkeborg BK,"Frederik Højrup, Tine Pedersen","Esben Kæmpegaard, Helle Bøgeholt Kæmpegaard","78707, 75801","10897, 11865","16-21, 12-21",away,Silkeborg BK,
2020,1,1,-3,13227,Danmarksserien,Pulje 4,385717,3 03-10-2020,2. MD,2,MD,Bolbro,Silkeborg BK,"Andreas Hertz, Sara Liedecke","Mathias Vestergaard Mikkelsen, Ida Gaarde Simonsen","47626, 43996","87920, 92474","11-21, 11-21",away,Silkeborg BK,
2020,1,1,-3,13227,Danmarksserien,Pulje 4,385717,3 03-10-2020,1. DS,1,DS,Bolbro,Silkeborg BK,Johanne Axelsen,Rebekka Højriis,69156,406,"21-13, 21-17",home,Bolbro,
2020,1,1,-3,13227,Danmarksserien,Pulje 4,385717,3 03-10-2020,2. DS,2,DS,Bolbro,Silkeborg BK,Katrine Nybøle Schjerning,Mathilde Deleuran,178296,253892,"16-21, 6-21",away,Silkeborg BK,
2020,1,1,-3,13227,Danmarksserien,Pulje 4,385717,3 03-10-2020,1. HS,1,HS,Bolbro,Silkeborg BK,Jakob Cartey,Jacob Damgaard,12163,14653,"14-21, 17-21",away,Silkeborg BK,
2020,1,1,-3,13227,Danmarksserien,Pulje 4,385717,3 03-10-2020,2. HS,2,HS,Bolbro,Silkeborg BK,Thomas Spanggaard Hahn-Petersen,Rasmus Vestergaard Mikkelsen,92805,2407,"21-14, 21-16",home,Bolbro,
2020,1,1,-3,13227,Danmarksserien,Pulje 4,385717,3 03-10-2020,3. HS,3,HS,Bolbro,Silkeborg BK,Kasper Edal,Ronni Christensen,24536,10164,"16-21, 14-21",away,Silkeborg BK,
2020,1,1,-3,13227,Danmarksserien,Pulje 4,385717,3 03-10-2020,4. HS,4,HS,Bolbro,Silkeborg BK,Lars Tranegaard Andersen,Kasper Gade Andersen,9624,88634,"21-12, 15-21, 11-21",away,Silkeborg BK,
2020,1,1,-3,13227,Danmarksserien,Pulje 4,385717,3 03-10-2020,1. DD,1,DD,Bolbro,Silkeborg BK,"Johanne Axelsen, Tine Pedersen","Ida Gaarde Simonsen, Rebekka Højriis","69156, 75801","92474, 406","21-16, 18-21, 23-21",home,Bolbro,
2020,1,1,-3,13227,Danmarksserien,Pulje 4,385717,3 03-10-2020,2. DD,2,DD,Bolbro,Silkeborg BK,"Sara Liedecke, Katrine Nybøle Schjerning","Helle Bøgeholt Kæmpegaard, Mathilde Deleuran","43996, 178296","11865, 253892","6-21, 11-21",away,Silkeborg BK,
2020,1,1,-3,13227,Danmarksserien,Pulje 4,385717,3 03-10-2020,1. HD,1,HD,Bolbro,Silkeborg BK,"Jakob Cartey, Thomas Spanggaard Hahn-Petersen","Esben Kæmpegaard, Rasmus Vestergaard Mikkelsen","12163, 92805","10897, 2407","23-21, 21-13",home,Bolbro,
2020,1,1,-3,13227,Danmarksserien,Pulje 4,385717,3 03-10-2020,2. HD,2,HD,Bolbro,Silkeborg BK,"Frederik Højrup, Kasper Edal","Mathias Vestergaard Mikkelsen, Jacob Damgaard","78707, 24536","87920, 14653","13-21, 15-21",away,Silkeborg BK,
2020,1,1,-3,13227,Danmarksserien,Pulje 4,385717,3 03-10-2020,3. HD,3,HD,Bolbro,Silkeborg BK,"Lars Tranegaard Andersen, Andreas Hertz","Ronni Christensen, Kasper Gade Andersen","9624, 47626","10164, 88634","21-13, 18-21, 12-21",away,Silkeborg BK,
2020,1,1,-3,13227,Danmarksserien,Pulje 4,385718,4 24-10-2020,1. MD,1,MD,Team Fyn 2,Dalum Hjallese BK 2,"Casper Corfixen Nielsen, Mia Sejr Nielsen","Daniel Holm Pedersen, Louise Tverskov","72327, 19572","61500, 61828","21-18, 17-21, 21-18",home,Team Fyn 2,
2020,1,1,-3,13227,Danmarksserien,Pulje 4,385718,4 24-10-2020,2. MD,2,MD,Team Fyn 2,Dalum Hjallese BK 2,"Jacob Asmussen, Berit Hansen","Aske Schrøder Petersen, Amalie Uggerly","172364, 10429","79951, 75019","18-21, 15-21",away,Dalum Hjallese BK 2,
2020,1,1,-3,13227,Danmarksserien,Pulje 4,385718,4 24-10-2020,1. DS,1,DS,Team Fyn 2,Dalum Hjallese BK 2,Mette Falk,Nanna Weibel,29672,170861,"11-21, 21-13, 21-14",home,Team Fyn 2,
2020,1,1,-3,13227,Danmarksserien,Pulje 4,385718,4 24-10-2020,2. DS,2,DS,Team Fyn 2,Dalum Hjallese BK 2,Marie Storkholm,Amalie Busk,94649,1102,"17-21, 25-23, 16-21",away,Dalum Hjallese BK 2,
2020,1,1,-3,13227,Danmarksserien,Pulje 4,385718,4 24-10-2020,1. HS,1,HS,Team Fyn 2,Dalum Hjallese BK 2,Victor Schurmann Johannsen,Nikolaj Lemmeke Madsen,227665,87845,"18-21, 21-11, 22-20",home,Team Fyn 2,
2020,1,1,-3,13227,Danmarksserien,Pulje 4,385718,4 24-10-2020,2. HS,2,HS,Team Fyn 2,Dalum Hjallese BK 2,Per Rasmussen,Gustav Bonde Hansen,21286,115696,"21-17, 21-23, 22-24",away,Dalum Hjallese BK 2,
2020,1,1,-3,13227,Danmarksserien,Pulje 4,385718,4 24-10-2020,3. HS,3,HS,Team Fyn 2,Dalum Hjallese BK 2,Michael Stentz-Olesen,Nikolaj Rasmussen,14278,87432,"21-17, 16-21, 22-24",away,Dalum Hjallese BK 2,
2020,1,1,-3,13227,Danmarksserien,Pulje 4,385718,4 24-10-2020,4. HS,4,HS,Team Fyn 2,Dalum Hjallese BK 2,Magnus Søgaard Pedersen,Frederik Nordkvist,2646,66188,"18-21, 21-15, 21-17",home,Team Fyn 2,
2020,1,1,-3,13227,Danmarksserien,Pulje 4,385718,4 24-10-2020,1. DD,1,DD,Team Fyn 2,Dalum Hjallese BK 2,"Mia Sejr Nielsen, Berit Hansen","Louise Tverskov, Amalie Uggerly","19572, 10429","61828, 75019","21-12, 21-14",home,Team Fyn 2,
2020,1,1,-3,13227,Danmarksserien,Pulje 4,385718,4 24-10-2020,2. DD,2,DD,Team Fyn 2,Dalum Hjallese BK 2,"Mette Falk, Marie Storkholm","Nanna Weibel, Amalie Busk","29672, 94649","170861, 1102","19-21, 21-15, 21-16",home,Team Fyn 2,
2020,1,1,-3,13227,Danmarksserien,Pulje 4,385718,4 24-10-2020,1. HD,1,HD,Team Fyn 2,Dalum Hjallese BK 2,"Jacob Asmussen, Michael Stentz-Olesen","Aske Schrøder Petersen, Daniel Holm Pedersen","172364, 14278","79951, 61500","19-21, 15-21",away,Dalum Hjallese BK 2,
2020,1,1,-3,13227,Danmarksserien,Pulje 4,385718,4 24-10-2020,2. HD,2,HD,Team Fyn 2,Dalum Hjallese BK 2,"Casper Corfixen Nielsen, Magnus Søgaard Pedersen","Frederik Nordkvist, Nikolaj Lemmeke Madsen","72327, 2646","66188, 87845","21-18, 18-21, 21-8",home,Team Fyn 2,
2020,1,1,-3,13227,Danmarksserien,Pulje 4,385718,4 24-10-2020,3. HD,3,HD,Team Fyn 2,Dalum Hjallese BK 2,"Per Rasmussen, Victor Schurmann Johannsen","Gustav Bonde Hansen, Nikolaj Rasmussen","21286, 227665","115696, 87432","23-21, 14-21, 23-25",away,Dalum Hjallese BK 2,
2020,1,1,-3,13227,Danmarksserien,Pulje 4,385719,4 24-10-2020,1. MD,1,MD,Skovbakken 2,Vejle,"Glenn Ammitsbøll, Maria Leth","Uffe Nymark Jensen, Pia Emborg","73664, 13883","9902, 7762","21-8, 21-6",home,Skovbakken 2,
2020,1,1,-3,13227,Danmarksserien,Pulje 4,385719,4 24-10-2020,2. MD,2,MD,Skovbakken 2,Vejle,"Philip Madsen, Mathilde Lund","Philip Dyrmose Madsen, Emma-Sofie Østergaard Salomonsson","83508, 78975","83976, 156351","21-5, 21-12",home,Skovbakken 2,
2020,1,1,-3,13227,Danmarksserien,Pulje 4,385719,4 24-10-2020,1. DS,1,DS,Skovbakken 2,Vejle,Louise Holst,Marie Louise Søgaard Svarrer,56933,12263,"21-13, 21-13",home,Skovbakken 2,
2020,1,1,-3,13227,Danmarksserien,Pulje 4,385719,4 24-10-2020,2. DS,2,DS,Skovbakken 2,Vejle,Karina Beck,Ida Klausholm Jørgensen,63279,254107,"21-13, 21-19",home,Skovbakken 2,
2020,1,1,-3,13227,Danmarksserien,Pulje 4,385719,4 24-10-2020,1. HS,1,HS,Skovbakken 2,Vejle,Morten Riber Nielsen,Søren Nørsten,37587,12460,"21-11, 21-11",home,Skovbakken 2,
2020,1,1,-3,13227,Danmarksserien,Pulje 4,385719,4 24-10-2020,2. HS,2,HS,Skovbakken 2,Vejle,Anders Vestergaard,Lars Top Møller,35700,13101,"21-7, 21-11",home,Skovbakken 2,
2020,1,1,-3,13227,Danmarksserien,Pulje 4,385719,4 24-10-2020,3. HS,3,HS,Skovbakken 2,Vejle,Victor Tang Merit,Emil Cochet Mathiesen,67191,236839,"21-12, 21-10",home,Skovbakken 2,
2020,1,1,-3,13227,Danmarksserien,Pulje 4,385719,4 24-10-2020,4. HS,4,HS,Skovbakken 2,Vejle,Casper Brix Bruun,Mads E. Johansen,36854,209771,"21-18, 21-13",home,Skovbakken 2,
2020,1,1,-3,13227,Danmarksserien,Pulje 4,385719,4 24-10-2020,1. DD,1,DD,Skovbakken 2,Vejle,"Maria Leth, Louise Holst","Marie Louise Søgaard Svarrer, Pia Emborg","13883, 56933","12263, 7762",,home,Skovbakken 2,S
2020,1,1,-3,13227,Danmarksserien,Pulje 4,385719,4 24-10-2020,2. DD,2,DD,Skovbakken 2,Vejle,"Karina Beck, Mathilde Lund","Ida Klausholm Jørgensen, Emma-Sofie Østergaard Salomonsson","63279, 78975","254107, 156351","21-7, 21-12",home,Skovbakken 2,
2020,1,1,-3,13227,Danmarksserien,Pulje 4,385719,4 24-10-2020,1. HD,1,HD,Skovbakken 2,Vejle,"Philip Madsen, Glenn Ammitsbøll","Søren Nørsten, Uffe Nymark Jensen","83508, 73664","12460, 9902","21-17, 21-12",home,Skovbakken 2,
2020,1,1,-3,13227,Danmarksserien,Pulje 4,385719,4 24-10-2020,2. HD,2,HD,Skovbakken 2,Vejle,"Victor Tang Merit, Casper Brix Bruun","Lars Top Møller, Philip Dyrmose Madsen","67191, 36854","13101, 83976","21-7, 21-4",home,Skovbakken 2,
2020,1,1,-3,13227,Danmarksserien,Pulje 4,385719,4 24-10-2020,3. HD,3,HD,Skovbakken 2,Vejle,"Anders Vestergaard, Morten Riber Nielsen","Mads E. Johansen, Emil Cochet Mathiesen","35700, 37587","209771, 236839","21-6, 21-13",home,Skovbakken 2,
2020,1,1,-3,13227,Danmarksserien,Pulje 4,385720,4 24-10-2020,1. MD,1,MD,Silkeborg BK,Odense OBK 4,"Esben Kæmpegaard, Helle Bøgeholt Kæmpegaard","Tobias Kej, Sindia Pilgaard","10897, 11865","159471, 159066","21-15, 21-10",home,Silkeborg BK,
2020,1,1,-3,13227,Danmarksserien,Pulje 4,385720,4 24-10-2020,2. MD,2,MD,Silkeborg BK,Odense OBK 4,"Mathias Vestergaard Mikkelsen, Ida Gaarde Simonsen","Mathias Rytter Reus, Frederikke Strandmark","87920, 92474","132348, 86266","17-21, 21-16, 21-18",home,Silkeborg BK,
2020,1,1,-3,13227,Danmarksserien,Pulje 4,385720,4 24-10-2020,1. DS,1,DS,Silkeborg BK,Odense OBK 4,Rebekka Højriis,Sarah Thorsager,406,821,"23-21, 21-16",home,Silkeborg BK,
2020,1,1,-3,13227,Danmarksserien,Pulje 4,385720,4 24-10-2020,2. DS,2,DS,Silkeborg BK,Odense OBK 4,Mathilde Deleuran,Lene Kristensen,253892,250903,"21-19, 21-12",home,Silkeborg BK,
2020,1,1,-3,13227,Danmarksserien,Pulje 4,385720,4 24-10-2020,1. HS,1,HS,Silkeborg BK,Odense OBK 4,Jacob Damgaard,Nikolaj Aasmose,14653,234057,"21-15, 21-17",home,Silkeborg BK,
2020,1,1,-3,13227,Danmarksserien,Pulje 4,385720,4 24-10-2020,2. HS,2,HS,Silkeborg BK,Odense OBK 4,Rasmus Vestergaard Mikkelsen,Frederik Rud Nielsen,2407,237224,"21-12, 15-21, 22-20",home,Silkeborg BK,
2020,1,1,-3,13227,Danmarksserien,Pulje 4,385720,4 24-10-2020,3. HS,3,HS,Silkeborg BK,Odense OBK 4,Kasper Gade Andersen,André Bek,88634,132353,"21-19, 12-21, 25-23",home,Silkeborg BK,
2020,1,1,-3,13227,Danmarksserien,Pulje 4,385720,4 24-10-2020,4. HS,4,HS,Silkeborg BK,Odense OBK 4,Morten Aarup,Lucas Overgaard,9736,227687,"21-11, 21-19",home,Silkeborg BK,
2020,1,1,-3,13227,Danmarksserien,Pulje 4,385720,4 24-10-2020,1. DD,1,DD,Silkeborg BK,Odense OBK 4,"Ida Gaarde Simonsen, Rebekka Højriis","Sindia Pilgaard, Frederikke Strandmark","92474, 406","159066, 86266","21-12, 16-21, 15-21",away,Odense OBK 4,
2020,1,1,-3,13227,Danmarksserien,Pulje 4,385720,4 24-10-2020,2. DD,2,DD,Silkeborg BK,Odense OBK 4,"Helle Bøgeholt Kæmpegaard, Mathilde Deleuran","Sarah Thorsager, Lene Kristensen","11865, 253892","821, 250903","22-20, 17-21, 21-16",home,Silkeborg BK,
2020,1,1,-3,13227,Danmarksserien,Pulje 4,385720,4 24-10-2020,1. HD,1,HD,Silkeborg BK,Odense OBK 4,"Esben Kæmpegaard, Rasmus Vestergaard Mikkelsen","Tobias Kej, Mathias Rytter Reus","10897, 2407","159471, 132348","15-21, 21-9, 15-21",away,Odense OBK 4,
2020,1,1,-3,13227,Danmarksserien,Pulje 4,385720,4 24-10-2020,2. HD,2,HD,Silkeborg BK,Odense OBK 4,"Jacob Damgaard, Mathias Vestergaard Mikkelsen","Frederik Rud Nielsen, Lucas Overgaard","14653, 87920","237224, 227687","21-17, 21-12",home,Silkeborg BK,
2020,1,1,-3,13227,Danmarksserien,Pulje 4,385720,4 24-10-2020,3. HD,3,HD,Silkeborg BK,Odense OBK 4,"Kasper Gade Andersen, Morten Aarup","Nikolaj Aasmose, André Bek","88634, 9736","234057, 132353","21-15, 21-18",home,Silkeborg BK,
2020,1,1,-3,13227,Danmarksserien,Pulje 4,385721,4 24-10-2020,1. MD,1,MD,Svendborg,Bolbro,"Jeppe Rasmussen, Lene Struwe","Jakob Cartey, Sara Liedecke","66935, 8245","12163, 43996","21-17, 21-11",home,Svendborg,
2020,1,1,-3,13227,Danmarksserien,Pulje 4,385721,4 24-10-2020,2. MD,2,MD,Svendborg,Bolbro,"Peter Mouritsen, Hanne Linda Bertelsen","Frederik Højrup, Tine Pedersen","10169, 7234","78707, 75801","21-13, 21-7",home,Svendborg,
2020,1,1,-3,13227,Danmarksserien,Pulje 4,385721,4 24-10-2020,1. DS,1,DS,Svendborg,Bolbro,Sofia Aarrebo Petersen,Johanne Axelsen,240213,69156,"21-16, 10-21, 11-21",away,Bolbro,
2020,1,1,-3,13227,Danmarksserien,Pulje 4,385721,4 24-10-2020,2. DS,2,DS,Svendborg,Bolbro,Henriette Vang Grønning,Katrine Nybøle Schjerning,10478,178296,"21-15, 21-10",home,Svendborg,
2020,1,1,-3,13227,Danmarksserien,Pulje 4,385721,4 24-10-2020,1. HS,1,HS,Svendborg,Bolbro,Martin Hessner Nielsen,Kasper Edal,16868,24536,"21-6, 21-12",home,Svendborg,
2020,1,1,-3,13227,Danmarksserien,Pulje 4,385721,4 24-10-2020,2. HS,2,HS,Svendborg,Bolbro,Morten Eilby Rasmussen,Thomas Spanggaard Hahn-Petersen,11588,92805,"21-6, 21-11",home,Svendborg,
2020,1,1,-3,13227,Danmarksserien,Pulje 4,385721,4 24-10-2020,3. HS,3,HS,Svendborg,Bolbro,Jonas Nielsen,Andreas Hertz,264054,47626,"21-10, 17-21, 21-17",home,Svendborg,
2020,1,1,-3,13227,Danmarksserien,Pulje 4,385721,4 24-10-2020,4. HS,4,HS,Svendborg,Bolbro,Kenneth Rasmussen,Lars Tranegaard Andersen,12165,9624,"21-9, 21-23, 21-15",home,Svendborg,
2020,1,1,-3,13227,Danmarksserien,Pulje 4,385721,4 24-10-2020,1. DD,1,DD,Svendborg,Bolbro,"Sofia Aarrebo Petersen, Henriette Vang Grønning","Johanne Axelsen, Tine Pedersen","240213, 10478","69156, 75801","21-19, 21-12",home,Svendborg,
2020,1,1,-3,13227,Danmarksserien,Pulje 4,385721,4 24-10-2020,2. DD,2,DD,Svendborg,Bolbro,"Hanne Linda Bertelsen, Lene Struwe","Sara Liedecke, Katrine Nybøle Schjerning","7234, 8245","43996, 178296","21-14, 21-6",home,Svendborg,
2020,1,1,-3,13227,Danmarksserien,Pulje 4,385721,4 24-10-2020,1. HD,1,HD,Svendborg,Bolbro,"Morten Eilby Rasmussen, Kenneth Rasmussen","Thomas Spanggaard Hahn-Petersen, Jakob Cartey","11588, 12165","92805, 12163","16-21, 18-21",away,Bolbro,
2020,1,1,-3,13227,Danmarksserien,Pulje 4,385721,4 24-10-2020,2. HD,2,HD,Svendborg,Bolbro,"Martin Hessner Nielsen, Jeppe Rasmussen","Kasper Edal, Lars Tranegaard Andersen","16868, 66935","24536, 9624","21-10, 21-9",home,Svendborg,
2020,1,1,-3,13227,Danmarksserien,Pulje 4,385721,4 24-10-2020,3. HD,3,HD,Svendborg,Bolbro,"Peter Mouritsen, Jonas Nielsen","Frederik Højrup, Andreas Hertz","10169, 264054","78707, 47626","22-20, 21-19",home,Svendborg,
2020,1,1,-3,13228,Danmarksserien,Pulje 5,385762,1 05-09-2020,1. MD,1,MD,Dragør 2,Hvidovre HB2000,"Christopher Meinertsen, Anna Joost Jensen","Anders Knudsen, Line Benzin","12829, 199497","10294, 16889","7-21, 12-21",away,Hvidovre HB2000,
2020,1,1,-3,13228,Danmarksserien,Pulje 5,385762,1 05-09-2020,2. MD,2,MD,Dragør 2,Hvidovre HB2000,"Morten Clevin, Simone Lykke Suhr","Lasse Boje Jørgensen, Ulrikke Meinertsen","9103, 23748","115151, 66296","21-14, 13-21, 11-21",away,Hvidovre HB2000,
2020,1,1,-3,13228,Danmarksserien,Pulje 5,385762,1 05-09-2020,1. DS,1,DS,Dragør 2,Hvidovre HB2000,Amalie Meilstrup Jørgensen,Maria Søgaard,93247,51810,"10-21, 21-16, 21-23",away,Hvidovre HB2000,
2020,1,1,-3,13228,Danmarksserien,Pulje 5,385762,1 05-09-2020,2. DS,2,DS,Dragør 2,Hvidovre HB2000,Cecilie Hansen,Tina Sterup Abrahamsson,262323,11122,"12-21, 21-19, 12-21",away,Hvidovre HB2000,
2020,1,1,-3,13228,Danmarksserien,Pulje 5,385762,1 05-09-2020,1. HS,1,HS,Dragør 2,Hvidovre HB2000,Martin Elleby Berg,Morten Olsen,70416,20120,"12-21, 21-8, 17-21",away,Hvidovre HB2000,
2020,1,1,-3,13228,Danmarksserien,Pulje 5,385762,1 05-09-2020,2. HS,2,HS,Dragør 2,Hvidovre HB2000,Emil Joost Jensen,Mikkel Grøn Olsen,236332,49550,"15-21, 12-21",away,Hvidovre HB2000,
2020,1,1,-3,13228,Danmarksserien,Pulje 5,385762,1 05-09-2020,3. HS,3,HS,Dragør 2,Hvidovre HB2000,Rasmus Henckel Leth,Frank Johannsen,165332,11268,"13-21, 14-21",away,Hvidovre HB2000,
2020,1,1,-3,13228,Danmarksserien,Pulje 5,385762,1 05-09-2020,4. HS,4,HS,Dragør 2,Hvidovre HB2000,Vilas Janniche Thomsen,Nicolas Xippas Kistrup,251648,198493,"11-21, 13-21",away,Hvidovre HB2000,
2020,1,1,-3,13228,Danmarksserien,Pulje 5,385762,1 05-09-2020,1. DD,1,DD,Dragør 2,Hvidovre HB2000,"Amalie Meilstrup Jørgensen, Anna Joost Jensen","Maria Søgaard, Ulrikke Meinertsen","93247, 199497","51810, 66296","22-20, 12-21, 22-20",home,Dragør 2,
2020,1,1,-3,13228,Danmarksserien,Pulje 5,385762,1 05-09-2020,2. DD,2,DD,Dragør 2,Hvidovre HB2000,"Cecilie Hansen, Simone Lykke Suhr","Line Benzin, Tina Sterup Abrahamsson","262323, 23748","16889, 11122","17-21, 21-18, 12-21",away,Hvidovre HB2000,
2020,1,1,-3,13228,Danmarksserien,Pulje 5,385762,1 05-09-2020,1. HD,1,HD,Dragør 2,Hvidovre HB2000,"Christopher Meinertsen, Martin Elleby Berg","Anders Knudsen, Frank Johannsen","12829, 70416","10294, 11268","16-21, 17-21",away,Hvidovre HB2000,
2020,1,1,-3,13228,Danmarksserien,Pulje 5,385762,1 05-09-2020,2. HD,2,HD,Dragør 2,Hvidovre HB2000,"Emil Joost Jensen, Morten Clevin","Morten Olsen, Mikkel Grøn Olsen","236332, 9103","20120, 49550","11-21, 13-21",away,Hvidovre HB2000,
2020,1,1,-3,13228,Danmarksserien,Pulje 5,385762,1 05-09-2020,3. HD,3,HD,Dragør 2,Hvidovre HB2000,"Rasmus Henckel Leth, Vilas Janniche Thomsen","Nicolas Xippas Kistrup, Lasse Boje Jørgensen","165332, 251648","198493, 115151","12-21, 11-21",away,Hvidovre HB2000,
2020,1,1,-3,13228,Danmarksserien,Pulje 5,385763,1 05-09-2020,1. MD,1,MD,Nivå-Kokkedal,Team GSG,"Nicolai Jonas Maltesen, Camilla Toft","Jon Barth Hansen, Mille Mikkelsen","9805, 62438","19937, 2428","21-23, 21-19, 21-23",away,Team GSG,
2020,1,1,-3,13228,Danmarksserien,Pulje 5,385763,1 05-09-2020,2. MD,2,MD,Nivå-Kokkedal,Team GSG,"Andreas O. Olsen, Lotte Peronard","Lucas Grahn, Maja Simming Jørgensen","85146, 9304","68795, 14225","18-21, 21-10, 21-19",home,Nivå-Kokkedal,
2020,1,1,-3,13228,Danmarksserien,Pulje 5,385763,1 05-09-2020,1. DS,1,DS,Nivå-Kokkedal,Team GSG,Julie Juhl Antonsen,Vanessa Rasmussen,71465,237381,"21-18, 21-17",home,Nivå-Kokkedal,
2020,1,1,-3,13228,Danmarksserien,Pulje 5,385763,1 05-09-2020,2. DS,2,DS,Nivå-Kokkedal,Team GSG,Louise Blomberg,Sofie Marquar Larsen,66237,92426,"21-18, 21-15",home,Nivå-Kokkedal,
2020,1,1,-3,13228,Danmarksserien,Pulje 5,385763,1 05-09-2020,1. HS,1,HS,Nivå-Kokkedal,Team GSG,Rasmus Overgaard Olsen,Stefan Nielsen,382,14473,"19-21, 17-21",away,Team GSG,
2020,1,1,-3,13228,Danmarksserien,Pulje 5,385763,1 05-09-2020,2. HS,2,HS,Nivå-Kokkedal,Team GSG,Jonathan Søgaard Larsen,Magnus Sand,30903,86532,"21-23, 16-21",away,Team GSG,
2020,1,1,-3,13228,Danmarksserien,Pulje 5,385763,1 05-09-2020,3. HS,3,HS,Nivå-Kokkedal,Team GSG,Lasse Søgaard,Jesper Pølkemann Mikkelsen,84478,87279,"17-21, 19-21",away,Team GSG,
2020,1,1,-3,13228,Danmarksserien,Pulje 5,385763,1 05-09-2020,4. HS,4,HS,Nivå-Kokkedal,Team GSG,Frederik Butler,Tobias Nielsen,93102,48348,"17-21, 21-15, 19-21",away,Team GSG,
2020,1,1,-3,13228,Danmarksserien,Pulje 5,385763,1 05-09-2020,1. DD,1,DD,Nivå-Kokkedal,Team GSG,"Julie Juhl Antonsen, Camilla Toft","Maja Simming Jørgensen, Mille Mikkelsen","71465, 62438","14225, 2428","21-13, 21-8",home,Nivå-Kokkedal,
2020,1,1,-3,13228,Danmarksserien,Pulje 5,385763,1 05-09-2020,2. DD,2,DD,Nivå-Kokkedal,Team GSG,"Louise Blomberg, Lotte Peronard","Sofie Marquar Larsen, Vanessa Rasmussen","66237, 9304","92426, 237381","13-21, 21-15, 12-21",away,Team GSG,
2020,1,1,-3,13228,Danmarksserien,Pulje 5,385763,1 05-09-2020,1. HD,1,HD,Nivå-Kokkedal,Team GSG,"Jonathan Søgaard Larsen, Nicolai Jonas Maltesen","Jon Barth Hansen, Stefan Nielsen","30903, 9805","19937, 14473","16-21, 22-20, 16-21",away,Team GSG,
2020,1,1,-3,13228,Danmarksserien,Pulje 5,385763,1 05-09-2020,2. HD,2,HD,Nivå-Kokkedal,Team GSG,"Rasmus Overgaard Olsen, Frederik Butler","Jesper Pølkemann Mikkelsen, Magnus Sand","382, 93102","87279, 86532","15-21, 21-8, 21-18",home,Nivå-Kokkedal,
2020,1,1,-3,13228,Danmarksserien,Pulje 5,385763,1 05-09-2020,3. HD,3,HD,Nivå-Kokkedal,Team GSG,"Lasse Søgaard, Andreas O. Olsen","Lucas Grahn, Tobias Nielsen","84478, 85146","68795, 48348","21-18, 21-18",home,Nivå-Kokkedal,
2020,1,1,-3,13228,Danmarksserien,Pulje 5,385764,1 05-09-2020,1. MD,1,MD,Humlebæk,Lyngby 3,"Henrik Schroller Broerson, Lene Palling","Marcus F. Petersen, Alma Pedersen","13323, 13110","85282, 2669","21-19, 10-21, 21-15",home,Humlebæk,
2020,1,1,-3,13228,Danmarksserien,Pulje 5,385764,1 05-09-2020,2. MD,2,MD,Humlebæk,Lyngby 3,"Peter Christophersen, Trine Niemeier","Mathias Bønlykke Faarborg, Vilma Svensson Pedersen","11968, 14088","3315, 158929","21-13, 21-15",home,Humlebæk,
2020,1,1,-3,13228,Danmarksserien,Pulje 5,385764,1 05-09-2020,1. DS,1,DS,Humlebæk,Lyngby 3,Tine Enghave Højlyng,Anna Engelhardt Søeborg,13317,2275,"11-21, 22-20, 21-14",home,Humlebæk,
2020,1,1,-3,13228,Danmarksserien,Pulje 5,385764,1 05-09-2020,2. DS,2,DS,Humlebæk,Lyngby 3,Christina Lund,Kathrine Hagen Rasmussen,11450,60097,"15-21, 21-13, 12-21",away,Lyngby 3,
2020,1,1,-3,13228,Danmarksserien,Pulje 5,385764,1 05-09-2020,1. HS,1,HS,Humlebæk,Lyngby 3,Mads Højlyng,Lucas Dittmer,13482,166822,"21-11, 21-12",home,Humlebæk,
2020,1,1,-3,13228,Danmarksserien,Pulje 5,385764,1 05-09-2020,2. HS,2,HS,Humlebæk,Lyngby 3,Kristian Skov,Peter Torp,12535,92464,"21-15, 21-11",home,Humlebæk,
2020,1,1,-3,13228,Danmarksserien,Pulje 5,385764,1 05-09-2020,3. HS,3,HS,Humlebæk,Lyngby 3,Claus Nielsen,Andreas Jakob Lindkvist,13931,239943,"20-22, 17-21",away,Lyngby 3,
2020,1,1,-3,13228,Danmarksserien,Pulje 5,385764,1 05-09-2020,4. HS,4,HS,Humlebæk,Lyngby 3,Rasmus Lund,Martin D. Olsen,12692,64181,"13-21, 21-16, 21-19",home,Humlebæk,
2020,1,1,-3,13228,Danmarksserien,Pulje 5,385764,1 05-09-2020,1. DD,1,DD,Humlebæk,Lyngby 3,"Trine Niemeier, Tine Enghave Højlyng","Alma Pedersen, Anna Engelhardt Søeborg","14088, 13317","2669, 2275","21-17, 21-15",home,Humlebæk,
2020,1,1,-3,13228,Danmarksserien,Pulje 5,385764,1 05-09-2020,2. DD,2,DD,Humlebæk,Lyngby 3,"Lene Palling, Christina Lund","Kathrine Hagen Rasmussen, Vilma Svensson Pedersen","13110, 11450","60097, 158929","18-21, 21-18, 14-21",away,Lyngby 3,
2020,1,1,-3,13228,Danmarksserien,Pulje 5,385764,1 05-09-2020,1. HD,1,HD,Humlebæk,Lyngby 3,"Peter Christophersen, Kristian Skov","Peter Torp, Marcus F. Petersen","11968, 12535","92464, 85282","21-17, 21-15",home,Humlebæk,
2020,1,1,-3,13228,Danmarksserien,Pulje 5,385764,1 05-09-2020,2. HD,2,HD,Humlebæk,Lyngby 3,"Henrik Schroller Broerson, Mads Højlyng","Andreas Jakob Lindkvist, Martin D. Olsen","13323, 13482","239943, 64181","21-14, 21-17",home,Humlebæk,
2020,1,1,-3,13228,Danmarksserien,Pulje 5,385764,1 05-09-2020,3. HD,3,HD,Humlebæk,Lyngby 3,"Claus Nielsen, Rasmus Lund","Lucas Dittmer, Mathias Bønlykke Faarborg","13931, 12692","166822, 3315","21-19, 21-18",home,Humlebæk,
2020,1,1,-3,13228,Danmarksserien,Pulje 5,385765,1 05-09-2020,1. MD,1,MD,Vanløse,Gladsaxe Søborg,"Morten Damsgaard Johansen, Lea Heyn Guldager","Kenneth Hasselby, Rikke Krawcyk","21925, 10890","11171, 12061","21-15, 21-13",home,Vanløse,
2020,1,1,-3,13228,Danmarksserien,Pulje 5,385765,1 05-09-2020,2. MD,2,MD,Vanløse,Gladsaxe Søborg,"Peter Vestergaard, Stine Nørgaard Poulsen","Peter Buur Steffensen, Sine Vestergaard","9154, 11988","328407, 95182","19-21, 13-21",away,Gladsaxe Søborg,
2020,1,1,-3,13228,Danmarksserien,Pulje 5,385765,1 05-09-2020,1. DS,1,DS,Vanløse,Gladsaxe Søborg,Trille Tanghøj,Tina Skov Mikkelsen,225031,13582,"21-11, 21-11",home,Vanløse,
2020,1,1,-3,13228,Danmarksserien,Pulje 5,385765,1 05-09-2020,2. DS,2,DS,Vanløse,Gladsaxe Søborg,Cecilie Lundsgaard Svendsen,Kremena Nikolova (EU),168319,236390,"21-16, 20-22, 21-18",home,Vanløse,
2020,1,1,-3,13228,Danmarksserien,Pulje 5,385765,1 05-09-2020,1. HS,1,HS,Vanløse,Gladsaxe Søborg,Morten Dam,Jonas Trusell-Jensen,22205,92509,"21-17, 21-14",home,Vanløse,
2020,1,1,-3,13228,Danmarksserien,Pulje 5,385765,1 05-09-2020,2. HS,2,HS,Vanløse,Gladsaxe Søborg,Mads Flarup,Jonathan W. Hansen,50794,93216,"15-21, 21-14, 14-21",away,Gladsaxe Søborg,
2020,1,1,-3,13228,Danmarksserien,Pulje 5,385765,1 05-09-2020,3. HS,3,HS,Vanløse,Gladsaxe Søborg,Ken Jensen,Jakob Buus Nyeng,280204,211704,"11-21, 10-21",away,Gladsaxe Søborg,
2020,1,1,-3,13228,Danmarksserien,Pulje 5,385765,1 05-09-2020,4. HS,4,HS,Vanløse,Gladsaxe Søborg,Frederik Nobel,Rasmus Holmslykke Andersen,60519,45550,"21-19, 21-13",home,Vanløse,
2020,1,1,-3,13228,Danmarksserien,Pulje 5,385765,1 05-09-2020,1. DD,1,DD,Vanløse,Gladsaxe Søborg,"Lea Heyn Guldager, Stine Nørgaard Poulsen","Sine Vestergaard, Rikke Krawcyk","10890, 11988","95182, 12061","21-9, 21-16",home,Vanløse,
2020,1,1,-3,13228,Danmarksserien,Pulje 5,385765,1 05-09-2020,2. DD,2,DD,Vanløse,Gladsaxe Søborg,"Trille Tanghøj, Cecilie Lundsgaard Svendsen","Tina Skov Mikkelsen, Kremena Nikolova (EU)","225031, 168319","13582, 236390","21-12, 21-17",home,Vanløse,
2020,1,1,-3,13228,Danmarksserien,Pulje 5,385765,1 05-09-2020,1. HD,1,HD,Vanløse,Gladsaxe Søborg,"Morten Damsgaard Johansen, Mads Flarup","Peter Buur Steffensen, Jakob Buus Nyeng","21925, 50794","328407, 211704","12-21, 12-21",away,Gladsaxe Søborg,
2020,1,1,-3,13228,Danmarksserien,Pulje 5,385765,1 05-09-2020,2. HD,2,HD,Vanløse,Gladsaxe Søborg,"Peter Vestergaard, Morten Dam","Kenneth Hasselby, Rasmus Holmslykke Andersen","9154, 22205","11171, 45550","21-9, 21-18",home,Vanløse,
2020,1,1,-3,13228,Danmarksserien,Pulje 5,385765,1 05-09-2020,3. HD,3,HD,Vanløse,Gladsaxe Søborg,"Frederik Nobel, Ken Jensen","Jonathan W. Hansen, Jonas Trusell-Jensen","60519, 280204","93216, 92509","11-21, 21-17, 16-21",away,Gladsaxe Søborg,
2020,1,1,-3,13228,Danmarksserien,Pulje 5,385766,2 19-09-2020,1. MD,1,MD,Lyngby 3,Dragør 2,"Marcus F. Petersen, Michelle Skov Jensen","Christopher Meinertsen, Hanne Eickhardt","85282, 82531","12829, 13701","21-6, 21-8",home,Lyngby 3,
2020,1,1,-3,13228,Danmarksserien,Pulje 5,385766,2 19-09-2020,2. MD,2,MD,Lyngby 3,Dragør 2,"Mathias Bønlykke Faarborg, Vilma Svensson Pedersen","Mikael Nilsson, Anna Joost Jensen","3315, 158929","199461, 199497","21-12, 21-15",home,Lyngby 3,
2020,1,1,-3,13228,Danmarksserien,Pulje 5,385766,2 19-09-2020,1. DS,1,DS,Lyngby 3,Dragør 2,Anna Engelhardt Søeborg,Amalie Meilstrup Jørgensen,2275,93247,"21-13, 21-13",home,Lyngby 3,
2020,1,1,-3,13228,Danmarksserien,Pulje 5,385766,2 19-09-2020,2. DS,2,DS,Lyngby 3,Dragør 2,Kathrine Hagen Rasmussen,Simone Lykke Suhr,60097,23748,"21-13, 21-13",home,Lyngby 3,
2020,1,1,-3,13228,Danmarksserien,Pulje 5,385766,2 19-09-2020,1. HS,1,HS,Lyngby 3,Dragør 2,Frederik Holmgaard,Martin Elleby Berg,2968,70416,"19-21, 21-19, 22-20",home,Lyngby 3,
2020,1,1,-3,13228,Danmarksserien,Pulje 5,385766,2 19-09-2020,2. HS,2,HS,Lyngby 3,Dragør 2,Lucas Dittmer,Andreas Sørensen,166822,69858,"21-16, 18-21, 21-11",home,Lyngby 3,
2020,1,1,-3,13228,Danmarksserien,Pulje 5,385766,2 19-09-2020,3. HS,3,HS,Lyngby 3,Dragør 2,Peter Torp,Morten Clevin,92464,9103,"21-5, 21-16",home,Lyngby 3,
2020,1,1,-3,13228,Danmarksserien,Pulje 5,385766,2 19-09-2020,4. HS,4,HS,Lyngby 3,Dragør 2,Martin D. Olsen,Emil Joost Jensen,64181,236332,"21-10, 21-19",home,Lyngby 3,
2020,1,1,-3,13228,Danmarksserien,Pulje 5,385766,2 19-09-2020,1. DD,1,DD,Lyngby 3,Dragør 2,"Anna Engelhardt Søeborg, Michelle Skov Jensen","Hanne Eickhardt, Amalie Meilstrup Jørgensen","2275, 82531","13701, 93247","21-10, 21-9",home,Lyngby 3,
2020,1,1,-3,13228,Danmarksserien,Pulje 5,385766,2 19-09-2020,2. DD,2,DD,Lyngby 3,Dragør 2,"Kathrine Hagen Rasmussen, Vilma Svensson Pedersen","Anna Joost Jensen, Simone Lykke Suhr","60097, 158929","199497, 23748","16-21, 21-13, 21-15",home,Lyngby 3,
2020,1,1,-3,13228,Danmarksserien,Pulje 5,385766,2 19-09-2020,1. HD,1,HD,Lyngby 3,Dragør 2,"Marcus F. Petersen, Peter Torp","Martin Elleby Berg, Andreas Sørensen","85282, 92464","70416, 69858","21-23, 18-21",away,Dragør 2,
2020,1,1,-3,13228,Danmarksserien,Pulje 5,385766,2 19-09-2020,2. HD,2,HD,Lyngby 3,Dragør 2,"Frederik Holmgaard, Mathias Bønlykke Faarborg","Mikael Nilsson, Christopher Meinertsen","2968, 3315","199461, 12829","21-14, 21-14",home,Lyngby 3,
2020,1,1,-3,13228,Danmarksserien,Pulje 5,385766,2 19-09-2020,3. HD,3,HD,Lyngby 3,Dragør 2,"Lucas Dittmer, Martin D. Olsen","Morten Clevin, Emil Joost Jensen","166822, 64181","9103, 236332","21-7, 21-13",home,Lyngby 3,
2020,1,1,-3,13228,Danmarksserien,Pulje 5,385767,2 19-09-2020,1. MD,1,MD,Gladsaxe Søborg,Nivå-Kokkedal,"Kenneth Hasselby, Tina Kærgaard Wissing","Andreas O. Olsen, Louise Blomberg","11171, 15105","85146, 66237","21-14, 21-18",home,Gladsaxe Søborg,
2020,1,1,-3,13228,Danmarksserien,Pulje 5,385767,2 19-09-2020,2. MD,2,MD,Gladsaxe Søborg,Nivå-Kokkedal,"Peter Buur Steffensen, Sine Vestergaard","Nicolai Jonas Maltesen, Camilla Toft","328407, 95182","9805, 62438","10-21, 19-21",away,Nivå-Kokkedal,
2020,1,1,-3,13228,Danmarksserien,Pulje 5,385767,2 19-09-2020,1. DS,1,DS,Gladsaxe Søborg,Nivå-Kokkedal,Tina Skov Mikkelsen,Julie Juhl Antonsen,13582,71465,"20-22, 19-21",away,Nivå-Kokkedal,
2020,1,1,-3,13228,Danmarksserien,Pulje 5,385767,2 19-09-2020,2. DS,2,DS,Gladsaxe Søborg,Nivå-Kokkedal,Kremena Nikolova (EU),Hannah Byager Kahalani,236390,93885,"22-20, 12-21, 19-21",away,Nivå-Kokkedal,
2020,1,1,-3,13228,Danmarksserien,Pulje 5,385767,2 19-09-2020,1. HS,1,HS,Gladsaxe Søborg,Nivå-Kokkedal,Jonas Trusell-Jensen,Rasmus Overgaard Olsen,92509,382,"17-21, 21-18, 12-21",away,Nivå-Kokkedal,
2020,1,1,-3,13228,Danmarksserien,Pulje 5,385767,2 19-09-2020,2. HS,2,HS,Gladsaxe Søborg,Nivå-Kokkedal,Jonathan W. Hansen,Jonathan Søgaard Larsen,93216,30903,"17-21, 19-21",away,Nivå-Kokkedal,
2020,1,1,-3,13228,Danmarksserien,Pulje 5,385767,2 19-09-2020,3. HS,3,HS,Gladsaxe Søborg,Nivå-Kokkedal,Jakob Buus Nyeng,Lasse Søgaard,211704,84478,"21-10, 21-16",home,Gladsaxe Søborg,
2020,1,1,-3,13228,Danmarksserien,Pulje 5,385767,2 19-09-2020,4. HS,4,HS,Gladsaxe Søborg,Nivå-Kokkedal,Rasmus Holmslykke Andersen,Frederik Butler,45550,93102,"18-21, 24-26",away,Nivå-Kokkedal,
2020,1,1,-3,13228,Danmarksserien,Pulje 5,385767,2 19-09-2020,1. DD,1,DD,Gladsaxe Søborg,Nivå-Kokkedal,"Sine Vestergaard, Tina Kærgaard Wissing","Camilla Toft, Julie Juhl Antonsen","95182, 15105","62438, 71465","14-21, 20-22",away,Nivå-Kokkedal,
2020,1,1,-3,13228,Danmarksserien,Pulje 5,385767,2 19-09-2020,2. DD,2,DD,Gladsaxe Søborg,Nivå-Kokkedal,"Tina Skov Mikkelsen, Kremena Nikolova (EU)","Hannah Byager Kahalani, Louise Blomberg","13582, 236390","93885, 66237","19-21, 16-21",away,Nivå-Kokkedal,
2020,1,1,-3,13228,Danmarksserien,Pulje 5,385767,2 19-09-2020,1. HD,1,HD,Gladsaxe Søborg,Nivå-Kokkedal,"Peter Buur Steffensen, Jakob Buus Nyeng","Nicolai Jonas Maltesen, Jonathan Søgaard Larsen","328407, 211704","9805, 30903","21-11, 21-11",home,Gladsaxe Søborg,
2020,1,1,-3,13228,Danmarksserien,Pulje 5,385767,2 19-09-2020,2. HD,2,HD,Gladsaxe Søborg,Nivå-Kokkedal,"Kenneth Hasselby, Rasmus Holmslykke Andersen","Frederik Butler, Rasmus Overgaard Olsen","11171, 45550","93102, 382","15-21, 20-22",away,Nivå-Kokkedal,
2020,1,1,-3,13228,Danmarksserien,Pulje 5,385767,2 19-09-2020,3. HD,3,HD,Gladsaxe Søborg,Nivå-Kokkedal,"Jonas Trusell-Jensen, Jonathan W. Hansen","Andreas O. Olsen, Lasse Søgaard","92509, 93216","85146, 84478","16-21, 21-15, 21-17",home,Gladsaxe Søborg,
2020,1,1,-3,13228,Danmarksserien,Pulje 5,385768,2 19-09-2020,1. MD,1,MD,Hvidovre HB2000,Humlebæk,"Lasse Benzin, Line Benzin","Henrik Schroller Broerson, Lene Palling","60551, 16889","13323, 13110","21-16, 17-21, 21-12",home,Hvidovre HB2000,
2020,1,1,-3,13228,Danmarksserien,Pulje 5,385768,2 19-09-2020,2. MD,2,MD,Hvidovre HB2000,Humlebæk,"Lasse Boje Jørgensen, Ulrikke Meinertsen","Peter Christophersen, Trine Niemeier","115151, 66296","11968, 14088","13-21, 14-21",away,Humlebæk,
2020,1,1,-3,13228,Danmarksserien,Pulje 5,385768,2 19-09-2020,1. DS,1,DS,Hvidovre HB2000,Humlebæk,Karina Jørgensen,Tine Enghave Højlyng,25307,13317,"17-21, 21-16, 21-13",home,Hvidovre HB2000,
2020,1,1,-3,13228,Danmarksserien,Pulje 5,385768,2 19-09-2020,2. DS,2,DS,Hvidovre HB2000,Humlebæk,Maria Søgaard,Christina Lund,51810,11450,"26-24, 16-21, 16-21",away,Humlebæk,
2020,1,1,-3,13228,Danmarksserien,Pulje 5,385768,2 19-09-2020,1. HS,1,HS,Hvidovre HB2000,Humlebæk,Morten Olsen,Mads Højlyng,20120,13482,"13-21, 18-21",away,Humlebæk,
2020,1,1,-3,13228,Danmarksserien,Pulje 5,385768,2 19-09-2020,2. HS,2,HS,Hvidovre HB2000,Humlebæk,Mikkel Grøn Olsen,Kristian Skov,49550,12535,"21-16, 23-21",home,Hvidovre HB2000,
2020,1,1,-3,13228,Danmarksserien,Pulje 5,385768,2 19-09-2020,3. HS,3,HS,Hvidovre HB2000,Humlebæk,Frank Johannsen,Claus Nielsen,11268,13931,"13-21, 21-18, 17-21",away,Humlebæk,
2020,1,1,-3,13228,Danmarksserien,Pulje 5,385768,2 19-09-2020,4. HS,4,HS,Hvidovre HB2000,Humlebæk,Nicolas Xippas Kistrup,Rasmus Lund,198493,12692,"22-20, 16-21, 20-22",away,Humlebæk,
2020,1,1,-3,13228,Danmarksserien,Pulje 5,385768,2 19-09-2020,1. DD,1,DD,Hvidovre HB2000,Humlebæk,"Karina Jørgensen, Line Benzin","Trine Niemeier, Tine Enghave Højlyng","25307, 16889","14088, 13317","13-21, 15-21",away,Humlebæk,
2020,1,1,-3,13228,Danmarksserien,Pulje 5,385768,2 19-09-2020,2. DD,2,DD,Hvidovre HB2000,Humlebæk,"Maria Søgaard, Ulrikke Meinertsen","Lene Palling, Christina Lund","51810, 66296","13110, 11450","11-21, 14-21",away,Humlebæk,
2020,1,1,-3,13228,Danmarksserien,Pulje 5,385768,2 19-09-2020,1. HD,1,HD,Hvidovre HB2000,Humlebæk,"Morten Olsen, Frank Johannsen","Peter Christophersen, Kristian Skov","20120, 11268","11968, 12535","20-22, 21-13, 16-21",away,Humlebæk,
2020,1,1,-3,13228,Danmarksserien,Pulje 5,385768,2 19-09-2020,2. HD,2,HD,Hvidovre HB2000,Humlebæk,"Mikkel Grøn Olsen, Lasse Benzin","Henrik Schroller Broerson, Mads Højlyng","49550, 60551","13323, 13482","8-21, 21-23",away,Humlebæk,
2020,1,1,-3,13228,Danmarksserien,Pulje 5,385768,2 19-09-2020,3. HD,3,HD,Hvidovre HB2000,Humlebæk,"Nicolas Xippas Kistrup, Lasse Boje Jørgensen","Claus Nielsen, Rasmus Lund","198493, 115151","13931, 12692","6-21, 17-21",away,Humlebæk,
2020,1,1,-3,13228,Danmarksserien,Pulje 5,385769,2 19-09-2020,1. MD,1,MD,Team GSG,Vanløse,"Jon Barth Hansen, Maja Simming Jørgensen","Morten Damsgaard Johansen, Lea Heyn Guldager","19937, 14225","21925, 10890","20-22, 21-19, 21-12",home,Team GSG,
2020,1,1,-3,13228,Danmarksserien,Pulje 5,385769,2 19-09-2020,2. MD,2,MD,Team GSG,Vanløse,"Uffe Mikkelsen, Mille Mikkelsen","Peter Vestergaard, Stine Nørgaard Poulsen","9402, 2428","9154, 11988","17-21, 18-21",away,Vanløse,
2020,1,1,-3,13228,Danmarksserien,Pulje 5,385769,2 19-09-2020,1. DS,1,DS,Team GSG,Vanløse,Vanessa Rasmussen,Trille Tanghøj,237381,225031,"8-21, 10-21",away,Vanløse,
2020,1,1,-3,13228,Danmarksserien,Pulje 5,385769,2 19-09-2020,2. DS,2,DS,Team GSG,Vanløse,Lærke Windinge,Cecilie Lundsgaard Svendsen,260383,168319,"14-21, 10-21",away,Vanløse,
2020,1,1,-3,13228,Danmarksserien,Pulje 5,385769,2 19-09-2020,1. HS,1,HS,Team GSG,Vanløse,Stefan Nielsen,Morten Dam,14473,22205,"21-11, 21-14",home,Team GSG,
2020,1,1,-3,13228,Danmarksserien,Pulje 5,385769,2 19-09-2020,2. HS,2,HS,Team GSG,Vanløse,Magnus Sand,Mads Flarup,86532,50794,"21-10, 18-21, 22-20",home,Team GSG,
2020,1,1,-3,13228,Danmarksserien,Pulje 5,385769,2 19-09-2020,3. HS,3,HS,Team GSG,Vanløse,Jesper Pølkemann Mikkelsen,Ken Jensen,87279,280204,"19-21, 21-15, 16-21",away,Vanløse,
2020,1,1,-3,13228,Danmarksserien,Pulje 5,385769,2 19-09-2020,4. HS,4,HS,Team GSG,Vanløse,Tobias Nielsen,Frederik Nobel,48348,60519,"19-21, 21-19, 16-21",away,Vanløse,
2020,1,1,-3,13228,Danmarksserien,Pulje 5,385769,2 19-09-2020,1. DD,1,DD,Team GSG,Vanløse,"Maja Simming Jørgensen, Mille Mikkelsen","Lea Heyn Guldager, Stine Nørgaard Poulsen","14225, 2428","10890, 11988","21-19, 15-21, 21-17",home,Team GSG,
2020,1,1,-3,13228,Danmarksserien,Pulje 5,385769,2 19-09-2020,2. DD,2,DD,Team GSG,Vanløse,"Vanessa Rasmussen, Lærke Windinge","Trille Tanghøj, Cecilie Lundsgaard Svendsen","237381, 260383","225031, 168319","21-17, 18-21, 18-21",away,Vanløse,
2020,1,1,-3,13228,Danmarksserien,Pulje 5,385769,2 19-09-2020,1. HD,1,HD,Team GSG,Vanløse,"Jesper Pølkemann Mikkelsen, Stefan Nielsen","Morten Damsgaard Johansen, Mads Flarup","87279, 14473","21925, 50794","21-9, 21-12",home,Team GSG,
2020,1,1,-3,13228,Danmarksserien,Pulje 5,385769,2 19-09-2020,2. HD,2,HD,Team GSG,Vanløse,"Tobias Nielsen, Jon Barth Hansen","Morten Dam, Peter Vestergaard","48348, 19937","22205, 9154","21-16, 21-19",home,Team GSG,
2020,1,1,-3,13228,Danmarksserien,Pulje 5,385769,2 19-09-2020,3. HD,3,HD,Team GSG,Vanløse,"Uffe Mikkelsen, Magnus Sand","Ken Jensen, Frederik Nobel","9402, 86532","280204, 60519","21-13, 21-16",home,Team GSG,
2020,1,1,-3,13228,Danmarksserien,Pulje 5,385770,3 03-10-2020,1. MD,1,MD,Nivå-Kokkedal,Dragør 2,"Nicolai Jonas Maltesen, Camilla Toft","Mikael Nilsson, Hanne Eickhardt","9805, 62438","199461, 13701","21-19, 21-18",home,Nivå-Kokkedal,
2020,1,1,-3,13228,Danmarksserien,Pulje 5,385770,3 03-10-2020,2. MD,2,MD,Nivå-Kokkedal,Dragør 2,"Jacob Møller, Stine Brehmer","Morten Pilgaard, Anna Joost Jensen","63202, 76688","92340, 199497","19-21, 21-14, 19-21",away,Dragør 2,
2020,1,1,-3,13228,Danmarksserien,Pulje 5,385770,3 03-10-2020,1. DS,1,DS,Nivå-Kokkedal,Dragør 2,Julie Juhl Antonsen,Amalie Meilstrup Jørgensen,71465,93247,"16-21, 17-21",away,Dragør 2,
2020,1,1,-3,13228,Danmarksserien,Pulje 5,385770,3 03-10-2020,2. DS,2,DS,Nivå-Kokkedal,Dragør 2,Josefine Friis,Simone Lykke Suhr,93884,23748,"21-18, 17-21, 7-21",away,Dragør 2,
2020,1,1,-3,13228,Danmarksserien,Pulje 5,385770,3 03-10-2020,1. HS,1,HS,Nivå-Kokkedal,Dragør 2,Rasmus Overgaard Olsen,Andreas Sørensen,382,69858,"21-13, 15-21, 21-7",home,Nivå-Kokkedal,
2020,1,1,-3,13228,Danmarksserien,Pulje 5,385770,3 03-10-2020,2. HS,2,HS,Nivå-Kokkedal,Dragør 2,Andreas O. Olsen,Morten Clevin,85146,9103,"21-13, 21-18",home,Nivå-Kokkedal,
2020,1,1,-3,13228,Danmarksserien,Pulje 5,385770,3 03-10-2020,3. HS,3,HS,Nivå-Kokkedal,Dragør 2,Jonathan Søgaard Larsen,Christopher Meinertsen,30903,12829,"21-4, 21-5",home,Nivå-Kokkedal,
2020,1,1,-3,13228,Danmarksserien,Pulje 5,385770,3 03-10-2020,4. HS,4,HS,Nivå-Kokkedal,Dragør 2,Lasse Søgaard,Vilas Janniche Thomsen,84478,251648,"21-8, 18-21, 21-12",home,Nivå-Kokkedal,
2020,1,1,-3,13228,Danmarksserien,Pulje 5,385770,3 03-10-2020,1. DD,1,DD,Nivå-Kokkedal,Dragør 2,"Camilla Toft, Julie Juhl Antonsen","Amalie Meilstrup Jørgensen, Hanne Eickhardt","62438, 71465","93247, 13701","21-16, 21-8",home,Nivå-Kokkedal,
2020,1,1,-3,13228,Danmarksserien,Pulje 5,385770,3 03-10-2020,2. DD,2,DD,Nivå-Kokkedal,Dragør 2,"Stine Brehmer, Josefine Friis","Anna Joost Jensen, Simone Lykke Suhr","76688, 93884","199497, 23748","19-21, 19-21",away,Dragør 2,
2020,1,1,-3,13228,Danmarksserien,Pulje 5,385770,3 03-10-2020,1. HD,1,HD,Nivå-Kokkedal,Dragør 2,"Andreas O. Olsen, Rasmus Overgaard Olsen","Andreas Sørensen, Christopher Meinertsen","85146, 382","69858, 12829","21-7, 21-7",home,Nivå-Kokkedal,
2020,1,1,-3,13228,Danmarksserien,Pulje 5,385770,3 03-10-2020,2. HD,2,HD,Nivå-Kokkedal,Dragør 2,"Jonathan Søgaard Larsen, Jacob Møller","Mikael Nilsson, Morten Clevin","30903, 63202","199461, 9103","22-20, 22-20",home,Nivå-Kokkedal,
2020,1,1,-3,13228,Danmarksserien,Pulje 5,385770,3 03-10-2020,3. HD,3,HD,Nivå-Kokkedal,Dragør 2,"Lasse Søgaard, Nicolai Jonas Maltesen","Morten Pilgaard, Vilas Janniche Thomsen","84478, 9805","92340, 251648","21-18, 20-22, 21-16",home,Nivå-Kokkedal,
2020,1,1,-3,13228,Danmarksserien,Pulje 5,385771,3 03-10-2020,1. MD,1,MD,Team GSG,Hvidovre HB2000,"Jon Barth Hansen, Maja Simming Jørgensen","Lasse Benzin, Line Benzin","19937, 14225","60551, 16889","12-21, 21-10, 21-16",home,Team GSG,
2020,1,1,-3,13228,Danmarksserien,Pulje 5,385771,3 03-10-2020,2. MD,2,MD,Team GSG,Hvidovre HB2000,"Lucas Grahn, Mille Mikkelsen","Lasse Boje Jørgensen, Ulrikke Meinertsen","68795, 2428","115151, 66296","21-12, 16-21, 16-21",away,Hvidovre HB2000,
2020,1,1,-3,13228,Danmarksserien,Pulje 5,385771,3 03-10-2020,1. DS,1,DS,Team GSG,Hvidovre HB2000,Vanessa Rasmussen,Karina Jørgensen,237381,25307,"12-21, 13-21",away,Hvidovre HB2000,
2020,1,1,-3,13228,Danmarksserien,Pulje 5,385771,3 03-10-2020,2. DS,2,DS,Team GSG,Hvidovre HB2000,Sofie Marquar Larsen,Maria Søgaard,92426,51810,"14-21, 9-21",away,Hvidovre HB2000,
2020,1,1,-3,13228,Danmarksserien,Pulje 5,385771,3 03-10-2020,1. HS,1,HS,Team GSG,Hvidovre HB2000,Stefan Nielsen,Morten Olsen,14473,20120,"21-13, 21-19",home,Team GSG,
2020,1,1,-3,13228,Danmarksserien,Pulje 5,385771,3 03-10-2020,2. HS,2,HS,Team GSG,Hvidovre HB2000,Magnus Sand,Mikkel Grøn Olsen,86532,49550,"21-11, 21-11",home,Team GSG,
2020,1,1,-3,13228,Danmarksserien,Pulje 5,385771,3 03-10-2020,3. HS,3,HS,Team GSG,Hvidovre HB2000,Jesper Pølkemann Mikkelsen,Frank Johannsen,87279,11268,"19-21, 21-19, 21-16",home,Team GSG,
2020,1,1,-3,13228,Danmarksserien,Pulje 5,385771,3 03-10-2020,4. HS,4,HS,Team GSG,Hvidovre HB2000,Tobias Nielsen,Danni Larsen,48348,21121,"21-16, 19-21, 25-27",away,Hvidovre HB2000,
2020,1,1,-3,13228,Danmarksserien,Pulje 5,385771,3 03-10-2020,1. DD,1,DD,Team GSG,Hvidovre HB2000,"Mille Mikkelsen, Vanessa Rasmussen","Karina Jørgensen, Line Benzin","2428, 237381","25307, 16889","18-21, 14-21",away,Hvidovre HB2000,
2020,1,1,-3,13228,Danmarksserien,Pulje 5,385771,3 03-10-2020,2. DD,2,DD,Team GSG,Hvidovre HB2000,"Maja Simming Jørgensen, Sofie Marquar Larsen","Maria Søgaard, Ulrikke Meinertsen","14225, 92426","51810, 66296","21-18, 21-7",home,Team GSG,
2020,1,1,-3,13228,Danmarksserien,Pulje 5,385771,3 03-10-2020,1. HD,1,HD,Team GSG,Hvidovre HB2000,"Jesper Pølkemann Mikkelsen, Stefan Nielsen","Frank Johannsen, Danni Larsen","87279, 14473","11268, 21121","17-21, 21-14, 21-16",home,Team GSG,
2020,1,1,-3,13228,Danmarksserien,Pulje 5,385771,3 03-10-2020,2. HD,2,HD,Team GSG,Hvidovre HB2000,"Tobias Nielsen, Jon Barth Hansen","Mikkel Grøn Olsen, Morten Olsen","48348, 19937","49550, 20120","21-13, 19-21, 21-14",home,Team GSG,
2020,1,1,-3,13228,Danmarksserien,Pulje 5,385771,3 03-10-2020,3. HD,3,HD,Team GSG,Hvidovre HB2000,"Lucas Grahn, Magnus Sand","Lasse Benzin, Lasse Boje Jørgensen","68795, 86532","60551, 115151","21-14, 14-21, 12-21",away,Hvidovre HB2000,
2020,1,1,-3,13228,Danmarksserien,Pulje 5,385772,3 03-10-2020,1. MD,1,MD,Vanløse,Humlebæk,"Morten Damsgaard Johansen, Lea Heyn Guldager","Peter Christophersen, Trine Niemeier","21925, 10890","11968, 14088","16-21, 16-21",away,Humlebæk,
2020,1,1,-3,13228,Danmarksserien,Pulje 5,385772,3 03-10-2020,2. MD,2,MD,Vanløse,Humlebæk,"Peter Vestergaard, Stine Nørgaard Poulsen","Claus Nielsen, Lene Palling","9154, 11988","13931, 13110","13-21, 23-21, 21-19",home,Vanløse,
2020,1,1,-3,13228,Danmarksserien,Pulje 5,385772,3 03-10-2020,1. DS,1,DS,Vanløse,Humlebæk,Trille Tanghøj,Tine Enghave Højlyng,225031,13317,"21-16, 20-22, 21-19",home,Vanløse,
2020,1,1,-3,13228,Danmarksserien,Pulje 5,385772,3 03-10-2020,2. DS,2,DS,Vanløse,Humlebæk,Cecilie Lundsgaard Svendsen,Christina Lund,168319,11450,"13-21, 14-21",away,Humlebæk,
2020,1,1,-3,13228,Danmarksserien,Pulje 5,385772,3 03-10-2020,1. HS,1,HS,Vanløse,Humlebæk,Johan P. Philipsen,Mads Højlyng,86710,13482,"14-21, 21-14, 19-21",away,Humlebæk,
2020,1,1,-3,13228,Danmarksserien,Pulje 5,385772,3 03-10-2020,2. HS,2,HS,Vanløse,Humlebæk,Morten Dam,Kristian Skov,22205,12535,"14-21, 11-21",away,Humlebæk,
2020,1,1,-3,13228,Danmarksserien,Pulje 5,385772,3 03-10-2020,3. HS,3,HS,Vanløse,Humlebæk,Ken Jensen,Henrik Schroller Broerson,280204,13323,"17-21, 21-14, 11-21",away,Humlebæk,
2020,1,1,-3,13228,Danmarksserien,Pulje 5,385772,3 03-10-2020,4. HS,4,HS,Vanløse,Humlebæk,Frederik Nobel,Rasmus Lund,60519,12692,"21-15, 16-21, 22-20",home,Vanløse,
2020,1,1,-3,13228,Danmarksserien,Pulje 5,385772,3 03-10-2020,1. DD,1,DD,Vanløse,Humlebæk,"Lea Heyn Guldager, Stine Nørgaard Poulsen","Trine Niemeier, Tine Enghave Højlyng","10890, 11988","14088, 13317","21-23, 15-21",away,Humlebæk,
2020,1,1,-3,13228,Danmarksserien,Pulje 5,385772,3 03-10-2020,2. DD,2,DD,Vanløse,Humlebæk,"Trille Tanghøj, Cecilie Lundsgaard Svendsen","Lene Palling, Christina Lund","225031, 168319","13110, 11450","14-21, 17-21",away,Humlebæk,
2020,1,1,-3,13228,Danmarksserien,Pulje 5,385772,3 03-10-2020,1. HD,1,HD,Vanløse,Humlebæk,"Morten Dam, Johan P. Philipsen","Peter Christophersen, Kristian Skov","22205, 86710","11968, 12535","21-18, 13-21, 10-21",away,Humlebæk,
2020,1,1,-3,13228,Danmarksserien,Pulje 5,385772,3 03-10-2020,2. HD,2,HD,Vanløse,Humlebæk,"Ken Jensen, Morten Damsgaard Johansen","Mads Højlyng, Henrik Schroller Broerson","280204, 21925","13482, 13323","10-21, 12-21",away,Humlebæk,
2020,1,1,-3,13228,Danmarksserien,Pulje 5,385772,3 03-10-2020,3. HD,3,HD,Vanløse,Humlebæk,"Peter Vestergaard, Frederik Nobel","Claus Nielsen, Rasmus Lund","9154, 60519","13931, 12692",,home,Vanløse,V
2020,1,1,-3,13228,Danmarksserien,Pulje 5,385773,3 03-10-2020,1. MD,1,MD,Gladsaxe Søborg,Lyngby 3,"Kenneth Hasselby, Tina Kærgaard Wissing","Mathias Bønlykke Faarborg, Vilma Svensson Pedersen","11171, 15105","3315, 158929","21-15, 21-17",home,Gladsaxe Søborg,
2020,1,1,-3,13228,Danmarksserien,Pulje 5,385773,3 03-10-2020,2. MD,2,MD,Gladsaxe Søborg,Lyngby 3,"Peter Buur Steffensen, Sine Vestergaard","Marcus F. Petersen, Mathilde Evie Storgaard","328407, 95182","85282, 164682","21-11, 21-11",home,Gladsaxe Søborg,
2020,1,1,-3,13228,Danmarksserien,Pulje 5,385773,3 03-10-2020,1. DS,1,DS,Gladsaxe Søborg,Lyngby 3,Tina Skov Mikkelsen,Michelle Nielsen,13582,10973,"7-21, 14-21",away,Lyngby 3,
2020,1,1,-3,13228,Danmarksserien,Pulje 5,385773,3 03-10-2020,2. DS,2,DS,Gladsaxe Søborg,Lyngby 3,Kremena Nikolova (EU),Josephine Amalie Arendt,236390,256246,"21-16, 21-19",home,Gladsaxe Søborg,
2020,1,1,-3,13228,Danmarksserien,Pulje 5,385773,3 03-10-2020,1. HS,1,HS,Gladsaxe Søborg,Lyngby 3,Jonas Trusell-Jensen,Frederik Holmgaard,92509,2968,"21-18, 18-21, 21-14",home,Gladsaxe Søborg,
2020,1,1,-3,13228,Danmarksserien,Pulje 5,385773,3 03-10-2020,2. HS,2,HS,Gladsaxe Søborg,Lyngby 3,Jakob Buus Nyeng,Lucas Dittmer,211704,166822,"21-10, 18-21, 21-12",home,Gladsaxe Søborg,
2020,1,1,-3,13228,Danmarksserien,Pulje 5,385773,3 03-10-2020,3. HS,3,HS,Gladsaxe Søborg,Lyngby 3,Jonathan W. Hansen,Peter Torp,93216,92464,"21-18, 21-11",home,Gladsaxe Søborg,
2020,1,1,-3,13228,Danmarksserien,Pulje 5,385773,3 03-10-2020,4. HS,4,HS,Gladsaxe Søborg,Lyngby 3,Jannik Due,Martin D. Olsen,79425,64181,"24-22, 21-23, 22-24",away,Lyngby 3,
2020,1,1,-3,13228,Danmarksserien,Pulje 5,385773,3 03-10-2020,1. DD,1,DD,Gladsaxe Søborg,Lyngby 3,"Tina Kærgaard Wissing, Sine Vestergaard","Vilma Svensson Pedersen, Michelle Nielsen","15105, 95182","158929, 10973",0-0,away,Lyngby 3,L
2020,1,1,-3,13228,Danmarksserien,Pulje 5,385773,3 03-10-2020,2. DD,2,DD,Gladsaxe Søborg,Lyngby 3,"Tina Skov Mikkelsen, Kremena Nikolova (EU)","Josephine Amalie Arendt, Mathilde Evie Storgaard","13582, 236390","256246, 164682","6-21, 21-10, 24-26",away,Lyngby 3,
2020,1,1,-3,13228,Danmarksserien,Pulje 5,385773,3 03-10-2020,1. HD,1,HD,Gladsaxe Søborg,Lyngby 3,"Peter Buur Steffensen, Jakob Buus Nyeng","Frederik Holmgaard, Peter Torp","328407, 211704","2968, 92464","21-15, 22-20",home,Gladsaxe Søborg,
2020,1,1,-3,13228,Danmarksserien,Pulje 5,385773,3 03-10-2020,2. HD,2,HD,Gladsaxe Søborg,Lyngby 3,"Kenneth Hasselby, Jannik Due","Mathias Bønlykke Faarborg, Marcus F. Petersen","11171, 79425","3315, 85282","24-22, 17-21, 21-14",home,Gladsaxe Søborg,
2020,1,1,-3,13228,Danmarksserien,Pulje 5,385773,3 03-10-2020,3. HD,3,HD,Gladsaxe Søborg,Lyngby 3,"Jonas Trusell-Jensen, Jonathan W. Hansen","Martin D. Olsen, Lucas Dittmer","92509, 93216","64181, 166822","12-21, 20-22",away,Lyngby 3,
2020,1,1,-3,13228,Danmarksserien,Pulje 5,385774,4 24-10-2020,1. MD,1,MD,Hvidovre HB2000,Nivå-Kokkedal,"Lasse Benzin, Line Benzin","Nicolai Jonas Maltesen, Camilla Toft","60551, 16889","9805, 62438","19-21, 21-15, 21-19",home,Hvidovre HB2000,
2020,1,1,-3,13228,Danmarksserien,Pulje 5,385774,4 24-10-2020,2. MD,2,MD,Hvidovre HB2000,Nivå-Kokkedal,"Lasse Boje Jørgensen, Ulrikke Meinertsen","Frederik Butler, Hannah Byager Kahalani","115151, 66296","93102, 93885","21-16, 21-17",home,Hvidovre HB2000,
2020,1,1,-3,13228,Danmarksserien,Pulje 5,385774,4 24-10-2020,1. DS,1,DS,Hvidovre HB2000,Nivå-Kokkedal,Karina Jørgensen,Julie Juhl Antonsen,25307,71465,"21-8, 21-14",home,Hvidovre HB2000,
2020,1,1,-3,13228,Danmarksserien,Pulje 5,385774,4 24-10-2020,2. DS,2,DS,Hvidovre HB2000,Nivå-Kokkedal,Maria Søgaard,Josefine Friis,51810,93884,"21-14, 12-21, 18-21",away,Nivå-Kokkedal,
2020,1,1,-3,13228,Danmarksserien,Pulje 5,385774,4 24-10-2020,1. HS,1,HS,Hvidovre HB2000,Nivå-Kokkedal,Morten Olsen,Rasmus Overgaard Olsen,20120,382,"15-21, 16-21",away,Nivå-Kokkedal,
2020,1,1,-3,13228,Danmarksserien,Pulje 5,385774,4 24-10-2020,2. HS,2,HS,Hvidovre HB2000,Nivå-Kokkedal,Mikkel Grøn Olsen,Andreas O. Olsen,49550,85146,"21-15, 20-22, 11-21",away,Nivå-Kokkedal,
2020,1,1,-3,13228,Danmarksserien,Pulje 5,385774,4 24-10-2020,3. HS,3,HS,Hvidovre HB2000,Nivå-Kokkedal,Frank Johannsen,Jonathan Søgaard Larsen,11268,30903,"14-21, 20-22",away,Nivå-Kokkedal,
2020,1,1,-3,13228,Danmarksserien,Pulje 5,385774,4 24-10-2020,4. HS,4,HS,Hvidovre HB2000,Nivå-Kokkedal,Danni Larsen,Lasse Søgaard,21121,84478,"21-16, 21-19",home,Hvidovre HB2000,
2020,1,1,-3,13228,Danmarksserien,Pulje 5,385774,4 24-10-2020,1. DD,1,DD,Hvidovre HB2000,Nivå-Kokkedal,"Karina Jørgensen, Line Benzin","Camilla Toft, Julie Juhl Antonsen","25307, 16889","62438, 71465","21-18, 21-15",home,Hvidovre HB2000,
2020,1,1,-3,13228,Danmarksserien,Pulje 5,385774,4 24-10-2020,2. DD,2,DD,Hvidovre HB2000,Nivå-Kokkedal,"Maria Søgaard, Ulrikke Meinertsen","Hannah Byager Kahalani, Josefine Friis","51810, 66296","93885, 93884","21-10, 19-21, 21-7",home,Hvidovre HB2000,
2020,1,1,-3,13228,Danmarksserien,Pulje 5,385774,4 24-10-2020,1. HD,1,HD,Hvidovre HB2000,Nivå-Kokkedal,"Frank Johannsen, Danni Larsen","Andreas O. Olsen, Rasmus Overgaard Olsen","11268, 21121","85146, 382","7-21, 12-21",away,Nivå-Kokkedal,
2020,1,1,-3,13228,Danmarksserien,Pulje 5,385774,4 24-10-2020,2. HD,2,HD,Hvidovre HB2000,Nivå-Kokkedal,"Morten Olsen, Mikkel Grøn Olsen","Nicolai Jonas Maltesen, Jonathan Søgaard Larsen","20120, 49550","9805, 30903","21-12, 21-13",home,Hvidovre HB2000,
2020,1,1,-3,13228,Danmarksserien,Pulje 5,385774,4 24-10-2020,3. HD,3,HD,Hvidovre HB2000,Nivå-Kokkedal,"Lasse Benzin, Lasse Boje Jørgensen","Frederik Butler, Lasse Søgaard","60551, 115151","93102, 84478","21-11, 21-17",home,Hvidovre HB2000,
2020,1,1,-3,13228,Danmarksserien,Pulje 5,385775,4 24-10-2020,1. MD,1,MD,Humlebæk,Team GSG,"Peter Christophersen, Trine Niemeier","Jon Barth Hansen, Maja Simming Jørgensen","11968, 14088","19937, 14225","21-14, 21-18",home,Humlebæk,
2020,1,1,-3,13228,Danmarksserien,Pulje 5,385775,4 24-10-2020,2. MD,2,MD,Humlebæk,Team GSG,"Rasmus Lund, Lene Palling","Tobias Nielsen, Vanessa Rasmussen","12692, 13110","48348, 237381","21-15, 21-13",home,Humlebæk,
2020,1,1,-3,13228,Danmarksserien,Pulje 5,385775,4 24-10-2020,1. DS,1,DS,Humlebæk,Team GSG,Tine Enghave Højlyng,Mille Mikkelsen,13317,2428,"21-7, 21-5",home,Humlebæk,
2020,1,1,-3,13228,Danmarksserien,Pulje 5,385775,4 24-10-2020,2. DS,2,DS,Humlebæk,Team GSG,Christina Lund,Lærke Windinge,11450,260383,"21-8, 21-10",home,Humlebæk,
2020,1,1,-3,13228,Danmarksserien,Pulje 5,385775,4 24-10-2020,1. HS,1,HS,Humlebæk,Team GSG,Mads Højlyng,Stefan Nielsen,13482,14473,"21-18, 21-18",home,Humlebæk,
2020,1,1,-3,13228,Danmarksserien,Pulje 5,385775,4 24-10-2020,2. HS,2,HS,Humlebæk,Team GSG,Kristian Skov,Magnus Sand,12535,86532,"21-11, 23-21",home,Humlebæk,
2020,1,1,-3,13228,Danmarksserien,Pulje 5,385775,4 24-10-2020,3. HS,3,HS,Humlebæk,Team GSG,Henrik Schroller Broerson,Jesper Pølkemann Mikkelsen,13323,87279,"21-7, 21-13",home,Humlebæk,
2020,1,1,-3,13228,Danmarksserien,Pulje 5,385775,4 24-10-2020,4. HS,4,HS,Humlebæk,Team GSG,Ole Posselt,Lucas Grahn,73996,68795,"12-21, 21-15, 21-18",home,Humlebæk,
2020,1,1,-3,13228,Danmarksserien,Pulje 5,385775,4 24-10-2020,1. DD,1,DD,Humlebæk,Team GSG,"Trine Niemeier, Tine Enghave Højlyng","Maja Simming Jørgensen, Mille Mikkelsen","14088, 13317","14225, 2428","21-10, 21-14",home,Humlebæk,
2020,1,1,-3,13228,Danmarksserien,Pulje 5,385775,4 24-10-2020,2. DD,2,DD,Humlebæk,Team GSG,"Lene Palling, Christina Lund","Lærke Windinge, Vanessa Rasmussen","13110, 11450","260383, 237381","21-14, 21-19",home,Humlebæk,
2020,1,1,-3,13228,Danmarksserien,Pulje 5,385775,4 24-10-2020,1. HD,1,HD,Humlebæk,Team GSG,"Peter Christophersen, Kristian Skov","Stefan Nielsen, Jesper Pølkemann Mikkelsen","11968, 12535","14473, 87279","21-13, 21-11",home,Humlebæk,
2020,1,1,-3,13228,Danmarksserien,Pulje 5,385775,4 24-10-2020,2. HD,2,HD,Humlebæk,Team GSG,"Mads Højlyng, Henrik Schroller Broerson","Jon Barth Hansen, Tobias Nielsen","13482, 13323","19937, 48348","21-8, 21-14",home,Humlebæk,
2020,1,1,-3,13228,Danmarksserien,Pulje 5,385775,4 24-10-2020,3. HD,3,HD,Humlebæk,Team GSG,"Rasmus Lund, Ole Posselt","Magnus Sand, Lucas Grahn","12692, 73996","86532, 68795","21-23, 21-12, 21-15",home,Humlebæk,
2020,1,1,-3,13228,Danmarksserien,Pulje 5,385776,4 24-10-2020,1. MD,1,MD,Lyngby 3,Vanløse,"Mathias Bønlykke Faarborg, Vilma Svensson Pedersen","Rene Boye Faber, Stine Nørgaard Poulsen","3315, 158929","23602, 11988","17-21, 21-17, 16-21",away,Vanløse,
2020,1,1,-3,13228,Danmarksserien,Pulje 5,385776,4 24-10-2020,2. MD,2,MD,Lyngby 3,Vanløse,"Marcus F. Petersen, Mathilde Evie Storgaard","Morten Damsgaard Johansen, Lea Heyn Guldager","85282, 164682","21925, 10890","21-13, 12-21, 21-7",home,Lyngby 3,
2020,1,1,-3,13228,Danmarksserien,Pulje 5,385776,4 24-10-2020,1. DS,1,DS,Lyngby 3,Vanløse,Maja Tot Harboe,Trille Tanghøj,256247,225031,"18-21, 17-21",away,Vanløse,
2020,1,1,-3,13228,Danmarksserien,Pulje 5,385776,4 24-10-2020,2. DS,2,DS,Lyngby 3,Vanløse,Andrea Hougaard,Cecilie Lundsgaard Svendsen,14601,168319,"21-13, 10-21, 21-14",home,Lyngby 3,
2020,1,1,-3,13228,Danmarksserien,Pulje 5,385776,4 24-10-2020,1. HS,1,HS,Lyngby 3,Vanløse,Lucas Dittmer,Johan P. Philipsen,166822,86710,"22-20, 17-21, 18-21",away,Vanløse,
2020,1,1,-3,13228,Danmarksserien,Pulje 5,385776,4 24-10-2020,2. HS,2,HS,Lyngby 3,Vanløse,Peter Torp,Morten Dam,92464,22205,"8-21, 21-10, 8-21",away,Vanløse,
2020,1,1,-3,13228,Danmarksserien,Pulje 5,385776,4 24-10-2020,3. HS,3,HS,Lyngby 3,Vanløse,Marius Ullerslev Simonsen,Frederik Nobel,266228,60519,"21-16, 11-21, 19-21",away,Vanløse,
2020,1,1,-3,13228,Danmarksserien,Pulje 5,385776,4 24-10-2020,4. HS,4,HS,Lyngby 3,Vanløse,William Hvid Nielsen,Ken Jensen,215442,280204,"29-27, 18-21, 13-21",away,Vanløse,
2020,1,1,-3,13228,Danmarksserien,Pulje 5,385776,4 24-10-2020,1. DD,1,DD,Lyngby 3,Vanløse,"Vilma Svensson Pedersen, Maja Tot Harboe","Cecilie Lundsgaard Svendsen, Trille Tanghøj","158929, 256247","168319, 225031","21-19, 21-23, 21-15",home,Lyngby 3,
2020,1,1,-3,13228,Danmarksserien,Pulje 5,385776,4 24-10-2020,2. DD,2,DD,Lyngby 3,Vanløse,"Mathilde Evie Storgaard, Andrea Hougaard","Stine Nørgaard Poulsen, Lea Heyn Guldager","164682, 14601","11988, 10890","14-21, 21-19, 16-21",away,Vanløse,
2020,1,1,-3,13228,Danmarksserien,Pulje 5,385776,4 24-10-2020,1. HD,1,HD,Lyngby 3,Vanløse,"Mathias Bønlykke Faarborg, Marcus F. Petersen","Johan P. Philipsen, Rene Boye Faber","3315, 85282","86710, 23602","21-23, 20-22",away,Vanløse,
2020,1,1,-3,13228,Danmarksserien,Pulje 5,385776,4 24-10-2020,2. HD,2,HD,Lyngby 3,Vanløse,"Marius Ullerslev Simonsen, Peter Torp","Morten Damsgaard Johansen, Morten Dam","266228, 92464","21925, 22205","17-21, 17-21",away,Vanløse,
2020,1,1,-3,13228,Danmarksserien,Pulje 5,385776,4 24-10-2020,3. HD,3,HD,Lyngby 3,Vanløse,"Lucas Dittmer, William Hvid Nielsen","Frederik Nobel, Ken Jensen","166822, 215442","60519, 280204","21-19, 21-15",home,Lyngby 3,
2020,1,1,-3,13228,Danmarksserien,Pulje 5,385777,4 24-10-2020,1. MD,1,MD,Dragør 2,Gladsaxe Søborg,"Mikael Nilsson, Vibeke Bjergen","Kenneth Hasselby, Tina Kærgaard Wissing","199461, 11742","11171, 15105","17-21, 13-21",away,Gladsaxe Søborg,
2020,1,1,-3,13228,Danmarksserien,Pulje 5,385777,4 24-10-2020,2. MD,2,MD,Dragør 2,Gladsaxe Søborg,"Morten Pilgaard, Anna Joost Jensen","Peter Buur Steffensen, Sine Vestergaard","92340, 199497","328407, 95182","18-21, 13-21",away,Gladsaxe Søborg,
2020,1,1,-3,13228,Danmarksserien,Pulje 5,385777,4 24-10-2020,1. DS,1,DS,Dragør 2,Gladsaxe Søborg,Amalie Meilstrup Jørgensen,Tina Skov Mikkelsen,93247,13582,"21-13, 21-9",home,Dragør 2,
2020,1,1,-3,13228,Danmarksserien,Pulje 5,385777,4 24-10-2020,2. DS,2,DS,Dragør 2,Gladsaxe Søborg,Simone Lykke Suhr,Kremena Nikolova (EU),23748,236390,"22-20, 25-23",home,Dragør 2,
2020,1,1,-3,13228,Danmarksserien,Pulje 5,385777,4 24-10-2020,1. HS,1,HS,Dragør 2,Gladsaxe Søborg,Anders H. Mosegaard,Jakob Buus Nyeng,55547,211704,"14-21, 14-21",away,Gladsaxe Søborg,
2020,1,1,-3,13228,Danmarksserien,Pulje 5,385777,4 24-10-2020,2. HS,2,HS,Dragør 2,Gladsaxe Søborg,Andreas Sørensen,Morten Aarøe,69858,13216,"19-21, 15-21",away,Gladsaxe Søborg,
2020,1,1,-3,13228,Danmarksserien,Pulje 5,385777,4 24-10-2020,3. HS,3,HS,Dragør 2,Gladsaxe Søborg,Morten Clevin,Jonas Trusell-Jensen,9103,92509,"13-21, 14-21",away,Gladsaxe Søborg,
2020,1,1,-3,13228,Danmarksserien,Pulje 5,385777,4 24-10-2020,4. HS,4,HS,Dragør 2,Gladsaxe Søborg,Emil Joost Jensen,Jannik Due,236332,79425,"7-21, 15-21",away,Gladsaxe Søborg,
2020,1,1,-3,13228,Danmarksserien,Pulje 5,385777,4 24-10-2020,1. DD,1,DD,Dragør 2,Gladsaxe Søborg,"Amalie Meilstrup Jørgensen, Vibeke Bjergen","Sine Vestergaard, Tina Kærgaard Wissing","93247, 11742","95182, 15105","10-21, 21-19, 17-21",away,Gladsaxe Søborg,
2020,1,1,-3,13228,Danmarksserien,Pulje 5,385777,4 24-10-2020,2. DD,2,DD,Dragør 2,Gladsaxe Søborg,"Anna Joost Jensen, Simone Lykke Suhr","Tina Skov Mikkelsen, Kremena Nikolova (EU)","199497, 23748","13582, 236390","21-9, 21-13",home,Dragør 2,
2020,1,1,-3,13228,Danmarksserien,Pulje 5,385777,4 24-10-2020,1. HD,1,HD,Dragør 2,Gladsaxe Søborg,"Anders H. Mosegaard, Andreas Sørensen","Jakob Buus Nyeng, Peter Buur Steffensen","55547, 69858","211704, 328407","13-21, 14-21",away,Gladsaxe Søborg,
2020,1,1,-3,13228,Danmarksserien,Pulje 5,385777,4 24-10-2020,2. HD,2,HD,Dragør 2,Gladsaxe Søborg,"Mikael Nilsson, Morten Pilgaard","Kenneth Hasselby, Jannik Due","199461, 92340","11171, 79425","21-18, 17-21, 21-16",home,Dragør 2,
2020,1,1,-3,13228,Danmarksserien,Pulje 5,385777,4 24-10-2020,3. HD,3,HD,Dragør 2,Gladsaxe Søborg,"Morten Clevin, Emil Joost Jensen","Jonas Trusell-Jensen, Morten Aarøe","9103, 236332","92509, 13216","13-21, 13-21",away,Gladsaxe Søborg,
2020,1,1,-3,13229,Danmarksserien,Pulje 6,385790,1 05-09-2020,1. MD,1,MD,Herlufsholm,FKIF Frederiksberg,"Tim Schunk, Christina Skov","Anders Køhler, Camilla Juhler Kristiansen","24892, 8731","11110, 65643","21-18, 21-15",home,Herlufsholm,
2020,1,1,-3,13229,Danmarksserien,Pulje 6,385790,1 05-09-2020,2. MD,2,MD,Herlufsholm,FKIF Frederiksberg,"Michael Bredskov, Natasja Haastrup Hartmeyer","Anders Busk, Amalie Jeppesen","7545, 45365","24132, 52124","21-17, 21-16",home,Herlufsholm,
2020,1,1,-3,13229,Danmarksserien,Pulje 6,385790,1 05-09-2020,1. DS,1,DS,Herlufsholm,FKIF Frederiksberg,Gunn Ammitzbøll,Charlotte Haurdahl,10496,37294,"16-21, 19-21",away,FKIF Frederiksberg,
2020,1,1,-3,13229,Danmarksserien,Pulje 6,385790,1 05-09-2020,2. DS,2,DS,Herlufsholm,FKIF Frederiksberg,Elisabeth Hartmeyer,Kristina Flodin,87393,39513,"21-13, 21-5",home,Herlufsholm,
2020,1,1,-3,13229,Danmarksserien,Pulje 6,385790,1 05-09-2020,1. HS,1,HS,Herlufsholm,FKIF Frederiksberg,Rasmus Saxtoft,Mads Busk,2801,62034,"17-21, 7-21",away,FKIF Frederiksberg,
2020,1,1,-3,13229,Danmarksserien,Pulje 6,385790,1 05-09-2020,2. HS,2,HS,Herlufsholm,FKIF Frederiksberg,Kim Hansen,Frederik Buch,232068,92379,"21-18, 22-20",home,Herlufsholm,
2020,1,1,-3,13229,Danmarksserien,Pulje 6,385790,1 05-09-2020,3. HS,3,HS,Herlufsholm,FKIF Frederiksberg,Kristian Ditlev Hartmeyer,Henrik Madsen,43415,6976,"21-18, 22-20",home,Herlufsholm,
2020,1,1,-3,13229,Danmarksserien,Pulje 6,385790,1 05-09-2020,4. HS,4,HS,Herlufsholm,FKIF Frederiksberg,Emil Hansen,Lau Lundgård Hansen,157848,206415,"18-21, 22-20, 21-14",home,Herlufsholm,
2020,1,1,-3,13229,Danmarksserien,Pulje 6,385790,1 05-09-2020,1. DD,1,DD,Herlufsholm,FKIF Frederiksberg,"Christina Skov, Gunn Ammitzbøll","Camilla Juhler Kristiansen, Charlotte Haurdahl","8731, 10496","65643, 37294","22-20, 21-14",home,Herlufsholm,
2020,1,1,-3,13229,Danmarksserien,Pulje 6,385790,1 05-09-2020,2. DD,2,DD,Herlufsholm,FKIF Frederiksberg,"Elisabeth Hartmeyer, Natasja Haastrup Hartmeyer","Amalie Jeppesen, Kristina Flodin","87393, 45365","52124, 39513","21-13, 21-13",home,Herlufsholm,
2020,1,1,-3,13229,Danmarksserien,Pulje 6,385790,1 05-09-2020,1. HD,1,HD,Herlufsholm,FKIF Frederiksberg,"Kristian Ditlev Hartmeyer, Tim Schunk","Mads Busk, Frederik Buch","43415, 24892","62034, 92379","15-21, 11-21",away,FKIF Frederiksberg,
2020,1,1,-3,13229,Danmarksserien,Pulje 6,385790,1 05-09-2020,2. HD,2,HD,Herlufsholm,FKIF Frederiksberg,"Michael Bredskov, Emil Hansen","Anders Køhler, Anders Busk","7545, 157848","11110, 24132","9-21, 11-21",away,FKIF Frederiksberg,
2020,1,1,-3,13229,Danmarksserien,Pulje 6,385790,1 05-09-2020,3. HD,3,HD,Herlufsholm,FKIF Frederiksberg,"Rasmus Saxtoft, Kim Hansen","Henrik Madsen, Lau Lundgård Hansen","2801, 232068","6976, 206415","21-17, 21-17",home,Herlufsholm,
2020,1,1,-3,13229,Danmarksserien,Pulje 6,385791,1 05-09-2020,1. MD,1,MD,Hvidovre 3,Hillerød 2,"Søren Clausen, Camilla Madsen","Jakob Kyndesen, Norah Jeppesen","13379, 22394","13330, 93281","19-21, 21-19, 21-9",home,Hvidovre 3,
2020,1,1,-3,13229,Danmarksserien,Pulje 6,385791,1 05-09-2020,2. MD,2,MD,Hvidovre 3,Hillerød 2,"Sebastian Keller Rolsted, Josefine Eggert Jackson","Morten Hessner Labeau, Sofie Rehn","84940, 212287","32580, 91540","17-21, 17-21",away,Hillerød 2,
2020,1,1,-3,13229,Danmarksserien,Pulje 6,385791,1 05-09-2020,1. DS,1,DS,Hvidovre 3,Hillerød 2,Sara Lindskov Jacobsen,Stine Messerschmidt,233606,85042,"21-15, 15-21, 15-21",away,Hillerød 2,
2020,1,1,-3,13229,Danmarksserien,Pulje 6,385791,1 05-09-2020,2. DS,2,DS,Hvidovre 3,Hillerød 2,Mathilde Anny Serup Larsen,Malou Yde-Andersen,91657,197473,"8-21, 7-21",away,Hillerød 2,
2020,1,1,-3,13229,Danmarksserien,Pulje 6,385791,1 05-09-2020,1. HS,1,HS,Hvidovre 3,Hillerød 2,Tobias Rhein Larsen,Tobias Dahl Folkmann,167474,237916,"21-15, 21-16",home,Hvidovre 3,
2020,1,1,-3,13229,Danmarksserien,Pulje 6,385791,1 05-09-2020,2. HS,2,HS,Hvidovre 3,Hillerød 2,Morten Matthiessen,Jacob Karmann Larsen,49605,241976,"21-16, 21-13",home,Hvidovre 3,
2020,1,1,-3,13229,Danmarksserien,Pulje 6,385791,1 05-09-2020,3. HS,3,HS,Hvidovre 3,Hillerød 2,Frederik Paulsen,Daniel Lehmann Lessél,93722,78080,"15-21, 16-21",away,Hillerød 2,
2020,1,1,-3,13229,Danmarksserien,Pulje 6,385791,1 05-09-2020,4. HS,4,HS,Hvidovre 3,Hillerød 2,Frederik Soelberg,Magnus Ingi Helgason (EU),233889,12629,"9-21, 19-21",away,Hillerød 2,
2020,1,1,-3,13229,Danmarksserien,Pulje 6,385791,1 05-09-2020,1. DD,1,DD,Hvidovre 3,Hillerød 2,"Camilla Madsen, Josefine Eggert Jackson","Stine Messerschmidt, Sofie Rehn","22394, 212287","85042, 91540","13-21, 17-21",away,Hillerød 2,
2020,1,1,-3,13229,Danmarksserien,Pulje 6,385791,1 05-09-2020,2. DD,2,DD,Hvidovre 3,Hillerød 2,"Sara Lindskov Jacobsen, Mathilde Anny Serup Larsen","Norah Jeppesen, Malou Yde-Andersen","233606, 91657","93281, 197473","15-21, 19-21",away,Hillerød 2,
2020,1,1,-3,13229,Danmarksserien,Pulje 6,385791,1 05-09-2020,1. HD,1,HD,Hvidovre 3,Hillerød 2,"Søren Clausen, Tobias Rhein Larsen","Tobias Dahl Folkmann, Jakob Kyndesen","13379, 167474","237916, 13330","21-19, 23-21",home,Hvidovre 3,
2020,1,1,-3,13229,Danmarksserien,Pulje 6,385791,1 05-09-2020,2. HD,2,HD,Hvidovre 3,Hillerød 2,"Morten Matthiessen, Frederik Soelberg","Daniel Lehmann Lessél, Morten Hessner Labeau","49605, 233889","78080, 32580","16-21, 15-21",away,Hillerød 2,
2020,1,1,-3,13229,Danmarksserien,Pulje 6,385791,1 05-09-2020,3. HD,3,HD,Hvidovre 3,Hillerød 2,"Frederik Paulsen, Sebastian Keller Rolsted","Magnus Ingi Helgason (EU), Jacob Karmann Larsen","93722, 84940","12629, 241976","9-21, 15-21",away,Hillerød 2,
2020,1,1,-3,13229,Danmarksserien,Pulje 6,385792,1 05-09-2020,1. MD,1,MD,Nordbyens Badmintonklub,Karlslunde 2,"Otto Ingemann, Pernille Vibe Hansen","Karsten Aagaard, Annie Pinderup Kristensen","88575, 233609","11770, 175393","14-21, 21-23",away,Karlslunde 2,
2020,1,1,-3,13229,Danmarksserien,Pulje 6,385792,1 05-09-2020,2. MD,2,MD,Nordbyens Badmintonklub,Karlslunde 2,"Casper Kristensen, Alma Dalsgaard","Janek Roos, Petra Ulriksen","37135, 2598","10411, 77871","11-21, 7-21",away,Karlslunde 2,
2020,1,1,-3,13229,Danmarksserien,Pulje 6,385792,1 05-09-2020,1. DS,1,DS,Nordbyens Badmintonklub,Karlslunde 2,Nanna Mortensen,Trine Graff,258879,13168,"17-21, 21-16, 21-17",home,Nordbyens Badmintonklub,
2020,1,1,-3,13229,Danmarksserien,Pulje 6,385792,1 05-09-2020,2. DS,2,DS,Nordbyens Badmintonklub,Karlslunde 2,Linda Kamstrup,Kristina Olsen,12274,11050,"21-12, 7-21, 21-12",home,Nordbyens Badmintonklub,
2020,1,1,-3,13229,Danmarksserien,Pulje 6,385792,1 05-09-2020,1. HS,1,HS,Nordbyens Badmintonklub,Karlslunde 2,Frederik Bilenberg Olsen,Martin Jensen,156477,14072,"10-21, 11-21",away,Karlslunde 2,
2020,1,1,-3,13229,Danmarksserien,Pulje 6,385792,1 05-09-2020,2. HS,2,HS,Nordbyens Badmintonklub,Karlslunde 2,Christian Dalsgaard,Jesper Buron,13598,17112,"21-16, 21-18",home,Nordbyens Badmintonklub,
2020,1,1,-3,13229,Danmarksserien,Pulje 6,385792,1 05-09-2020,3. HS,3,HS,Nordbyens Badmintonklub,Karlslunde 2,Mikkel Due Machat,Michael Andreasen,24645,11857,"22-20, 21-18",home,Nordbyens Badmintonklub,
2020,1,1,-3,13229,Danmarksserien,Pulje 6,385792,1 05-09-2020,4. HS,4,HS,Nordbyens Badmintonklub,Karlslunde 2,Noah Nielsen,Thomas Gadegaard,155979,9807,"21-18, 22-20",home,Nordbyens Badmintonklub,
2020,1,1,-3,13229,Danmarksserien,Pulje 6,385792,1 05-09-2020,1. DD,1,DD,Nordbyens Badmintonklub,Karlslunde 2,"Nanna Mortensen, Pernille Vibe Hansen","Trine Graff, Kristina Olsen","258879, 233609","13168, 11050","21-9, 17-21, 15-21",away,Karlslunde 2,
2020,1,1,-3,13229,Danmarksserien,Pulje 6,385792,1 05-09-2020,2. DD,2,DD,Nordbyens Badmintonklub,Karlslunde 2,"Linda Kamstrup, Alma Dalsgaard","Annie Pinderup Kristensen, Petra Ulriksen","12274, 2598","175393, 77871","4-21, 17-21",away,Karlslunde 2,
2020,1,1,-3,13229,Danmarksserien,Pulje 6,385792,1 05-09-2020,1. HD,1,HD,Nordbyens Badmintonklub,Karlslunde 2,"Christian Dalsgaard, Mikkel Due Machat","Karsten Aagaard, Martin Jensen","13598, 24645","11770, 14072","19-21, 15-21",away,Karlslunde 2,
2020,1,1,-3,13229,Danmarksserien,Pulje 6,385792,1 05-09-2020,2. HD,2,HD,Nordbyens Badmintonklub,Karlslunde 2,"Frederik Bilenberg Olsen, Otto Ingemann","Michael Andreasen, Janek Roos","156477, 88575","11857, 10411","12-21, 15-21",away,Karlslunde 2,
2020,1,1,-3,13229,Danmarksserien,Pulje 6,385792,1 05-09-2020,3. HD,3,HD,Nordbyens Badmintonklub,Karlslunde 2,"Noah Nielsen, Casper Kristensen","Thomas Gadegaard, Jesper Buron","155979, 37135","9807, 17112","25-23, 21-13",home,Nordbyens Badmintonklub,
2020,1,1,-3,13229,Danmarksserien,Pulje 6,385793,1 05-09-2020,1. MD,1,MD,Frederiksberg,BC37 Amager,"Anders Frewald, Majken Asmussen","Bjørn Larsen, Karoline Keller Rolsted","13008, 253407","10638, 72679","21-12, 21-18",home,Frederiksberg,
2020,1,1,-3,13229,Danmarksserien,Pulje 6,385793,1 05-09-2020,2. MD,2,MD,Frederiksberg,BC37 Amager,"Nicolaj Knudsen, Signe Baldvinsson","Christian Sonne Iversen, Sarah Dømmestrup","11515, 13374","75169, 65257","22-24, 17-21",away,BC37 Amager,
2020,1,1,-3,13229,Danmarksserien,Pulje 6,385793,1 05-09-2020,1. DS,1,DS,Frederiksberg,BC37 Amager,Simone Toxværd Ibsen,Hanne Juul Christensen,75271,167544,"21-18, 21-14",home,Frederiksberg,
2020,1,1,-3,13229,Danmarksserien,Pulje 6,385793,1 05-09-2020,2. DS,2,DS,Frederiksberg,BC37 Amager,Katrine Roesgaard,Mette Juul Christensen,69640,167543,"21-16, 21-13",home,Frederiksberg,
2020,1,1,-3,13229,Danmarksserien,Pulje 6,385793,1 05-09-2020,1. HS,1,HS,Frederiksberg,BC37 Amager,Julian Hristov (EU),Nikolai Andersson,206883,95131,"21-13, 11-21, 21-14",home,Frederiksberg,
2020,1,1,-3,13229,Danmarksserien,Pulje 6,385793,1 05-09-2020,2. HS,2,HS,Frederiksberg,BC37 Amager,Henrik Pøhler,Per Christophersen,9851,23092,"21-16, 21-18",home,Frederiksberg,
2020,1,1,-3,13229,Danmarksserien,Pulje 6,385793,1 05-09-2020,3. HS,3,HS,Frederiksberg,BC37 Amager,Nikolaj Falstie Jensen,Thomas Kyhl Sommer,12364,81717,"18-21, 10-21",away,BC37 Amager,
2020,1,1,-3,13229,Danmarksserien,Pulje 6,385793,1 05-09-2020,4. HS,4,HS,Frederiksberg,BC37 Amager,Anders Roed Hansen,Oliver Dylander,22329,923,"21-15, 19-21, 21-16",home,Frederiksberg,
2020,1,1,-3,13229,Danmarksserien,Pulje 6,385793,1 05-09-2020,1. DD,1,DD,Frederiksberg,BC37 Amager,"Majken Asmussen, Katrine Roesgaard","Mette Juul Christensen, Karoline Keller Rolsted","253407, 69640","167543, 72679","16-21, 25-23, 8-21",away,BC37 Amager,
2020,1,1,-3,13229,Danmarksserien,Pulje 6,385793,1 05-09-2020,2. DD,2,DD,Frederiksberg,BC37 Amager,"Simone Toxværd Ibsen, Signe Baldvinsson","Hanne Juul Christensen, Sarah Dømmestrup","75271, 13374","167544, 65257","21-14, 21-16",home,Frederiksberg,
2020,1,1,-3,13229,Danmarksserien,Pulje 6,385793,1 05-09-2020,1. HD,1,HD,Frederiksberg,BC37 Amager,"Anders Roed Hansen, Anders Frewald","Bjørn Larsen, Per Christophersen","22329, 13008","10638, 23092","21-10, 17-21, 15-10",home,Frederiksberg,F
2020,1,1,-3,13229,Danmarksserien,Pulje 6,385793,1 05-09-2020,2. HD,2,HD,Frederiksberg,BC37 Amager,"Julian Hristov (EU), Henrik Pøhler","Nikolai Andersson, Christian Sonne Iversen","206883, 9851","95131, 75169","11-21, 14-21",away,BC37 Amager,
2020,1,1,-3,13229,Danmarksserien,Pulje 6,385793,1 05-09-2020,3. HD,3,HD,Frederiksberg,BC37 Amager,"Nicolaj Knudsen, Nikolaj Falstie Jensen","Oliver Dylander, Thomas Kyhl Sommer","11515, 12364","923, 81717","21-16, 21-12",home,Frederiksberg,
2020,1,1,-3,13229,Danmarksserien,Pulje 6,385794,2 19-09-2020,1. MD,1,MD,Karlslunde 2,Herlufsholm,"Karsten Aagaard, Annie Pinderup Kristensen","Tim Schunk, Christina Skov","11770, 175393","24892, 8731","21-17, 21-16",home,Karlslunde 2,
2020,1,1,-3,13229,Danmarksserien,Pulje 6,385794,2 19-09-2020,2. MD,2,MD,Karlslunde 2,Herlufsholm,"Janek Roos, Sandra Petersen","Mikkel Græsbøll, Natasja Haastrup Hartmeyer","10411, 17999","62198, 45365","21-14, 21-12",home,Karlslunde 2,
2020,1,1,-3,13229,Danmarksserien,Pulje 6,385794,2 19-09-2020,1. DS,1,DS,Karlslunde 2,Herlufsholm,Trine Graff,Gunn Ammitzbøll,13168,10496,"21-16, 21-18",home,Karlslunde 2,
2020,1,1,-3,13229,Danmarksserien,Pulje 6,385794,2 19-09-2020,2. DS,2,DS,Karlslunde 2,Herlufsholm,Amalie Ernstsen,Elisabeth Hartmeyer,84392,87393,"21-9, 21-18",home,Karlslunde 2,
2020,1,1,-3,13229,Danmarksserien,Pulje 6,385794,2 19-09-2020,1. HS,1,HS,Karlslunde 2,Herlufsholm,Martin Jensen,Rasmus Saxtoft,14072,2801,"21-12, 21-15",home,Karlslunde 2,
2020,1,1,-3,13229,Danmarksserien,Pulje 6,385794,2 19-09-2020,2. HS,2,HS,Karlslunde 2,Herlufsholm,Jesper Buron,Kim Hansen,17112,232068,"19-21, 19-21",away,Herlufsholm,
2020,1,1,-3,13229,Danmarksserien,Pulje 6,385794,2 19-09-2020,3. HS,3,HS,Karlslunde 2,Herlufsholm,Thomas Hansen,Kristian Ditlev Hartmeyer,14632,43415,"21-16, 21-11",home,Karlslunde 2,
2020,1,1,-3,13229,Danmarksserien,Pulje 6,385794,2 19-09-2020,4. HS,4,HS,Karlslunde 2,Herlufsholm,Christian Dalsted,Emil Hansen,9602,157848,"21-8, 21-12",home,Karlslunde 2,
2020,1,1,-3,13229,Danmarksserien,Pulje 6,385794,2 19-09-2020,1. DD,1,DD,Karlslunde 2,Herlufsholm,"Trine Graff, Annie Pinderup Kristensen","Christina Skov, Gunn Ammitzbøll","13168, 175393","8731, 10496","16-21, 21-16, 23-25",away,Herlufsholm,
2020,1,1,-3,13229,Danmarksserien,Pulje 6,385794,2 19-09-2020,2. DD,2,DD,Karlslunde 2,Herlufsholm,"Sandra Petersen, Amalie Ernstsen","Natasja Haastrup Hartmeyer, Elisabeth Hartmeyer","17999, 84392","45365, 87393","17-21, 8-21",away,Herlufsholm,
2020,1,1,-3,13229,Danmarksserien,Pulje 6,385794,2 19-09-2020,1. HD,1,HD,Karlslunde 2,Herlufsholm,"Martin Jensen, Karsten Aagaard","Mikkel Græsbøll, Tim Schunk","14072, 11770","62198, 24892","21-9, 21-13",home,Karlslunde 2,
2020,1,1,-3,13229,Danmarksserien,Pulje 6,385794,2 19-09-2020,2. HD,2,HD,Karlslunde 2,Herlufsholm,"Janek Roos, Christian Dalsted","Emil Hansen, Kristian Ditlev Hartmeyer","10411, 9602","157848, 43415","21-14, 21-9",home,Karlslunde 2,
2020,1,1,-3,13229,Danmarksserien,Pulje 6,385794,2 19-09-2020,3. HD,3,HD,Karlslunde 2,Herlufsholm,"Jesper Buron, Thomas Hansen","Kim Hansen, Rasmus Saxtoft","17112, 14632","232068, 2801","21-14, 17-21, 21-6",home,Karlslunde 2,
2020,1,1,-3,13229,Danmarksserien,Pulje 6,385795,2 19-09-2020,1. MD,1,MD,BC37 Amager,Hvidovre 3,"Philip Tu Duong, Karoline Keller Rolsted","Villads Leit, Jennifer Andersen","86660, 72679","199104, 45942","16-21, 21-16, 17-21",away,Hvidovre 3,
2020,1,1,-3,13229,Danmarksserien,Pulje 6,385795,2 19-09-2020,2. MD,2,MD,BC37 Amager,Hvidovre 3,"Frederik Balmer Odgaard, Sarah Dømmestrup","Kristoffer Kolding, Maria Søgård Andersen","79653, 65257","156224, 167708","11-21, 16-21",away,Hvidovre 3,
2020,1,1,-3,13229,Danmarksserien,Pulje 6,385795,2 19-09-2020,1. DS,1,DS,BC37 Amager,Hvidovre 3,Hanne Juul Christensen,Josefine Eggert Jackson,167544,212287,"16-21, 12-21",away,Hvidovre 3,
2020,1,1,-3,13229,Danmarksserien,Pulje 6,385795,2 19-09-2020,2. DS,2,DS,BC37 Amager,Hvidovre 3,Mette Juul Christensen,Mathilde Anny Serup Larsen,167543,91657,"15-21, 19-21",away,Hvidovre 3,
2020,1,1,-3,13229,Danmarksserien,Pulje 6,385795,2 19-09-2020,1. HS,1,HS,BC37 Amager,Hvidovre 3,Nikolai Andersson,Tobias Rhein Larsen,95131,167474,"21-9, 12-21, 14-21",away,Hvidovre 3,
2020,1,1,-3,13229,Danmarksserien,Pulje 6,385795,2 19-09-2020,2. HS,2,HS,BC37 Amager,Hvidovre 3,Per Christophersen,Morten Matthiessen,23092,49605,"21-9, 12-21, 7-8",away,Hvidovre 3,H
2020,1,1,-3,13229,Danmarksserien,Pulje 6,385795,2 19-09-2020,3. HS,3,HS,BC37 Amager,Hvidovre 3,Thomas Kyhl Sommer,Søren Jessen,81717,49427,"19-21, 21-11, 21-18",home,BC37 Amager,
2020,1,1,-3,13229,Danmarksserien,Pulje 6,385795,2 19-09-2020,4. HS,4,HS,BC37 Amager,Hvidovre 3,Oliver Dylander,Frederik Paulsen,923,93722,"21-16, 21-18",home,BC37 Amager,
2020,1,1,-3,13229,Danmarksserien,Pulje 6,385795,2 19-09-2020,1. DD,1,DD,BC37 Amager,Hvidovre 3,"Mette Juul Christensen, Karoline Keller Rolsted","Maria Søgård Andersen, Josefine Eggert Jackson","167543, 72679","167708, 212287","11-21, 14-21",away,Hvidovre 3,
2020,1,1,-3,13229,Danmarksserien,Pulje 6,385795,2 19-09-2020,2. DD,2,DD,BC37 Amager,Hvidovre 3,"Hanne Juul Christensen, Sarah Dømmestrup","Mathilde Anny Serup Larsen, Jennifer Andersen","167544, 65257","91657, 45942","17-21, 18-21",away,Hvidovre 3,
2020,1,1,-3,13229,Danmarksserien,Pulje 6,385795,2 19-09-2020,1. HD,1,HD,BC37 Amager,Hvidovre 3,"Thomas Kyhl Sommer, Per Christophersen","Morten Matthiessen, Søren Jessen","81717, 23092","49605, 49427",,away,Hvidovre 3,H
2020,1,1,-3,13229,Danmarksserien,Pulje 6,385795,2 19-09-2020,2. HD,2,HD,BC37 Amager,Hvidovre 3,"Nikolai Andersson, Oliver Dylander","Tobias Rhein Larsen, Villads Leit","95131, 923","167474, 199104","20-22, 22-20, 19-21",away,Hvidovre 3,
2020,1,1,-3,13229,Danmarksserien,Pulje 6,385795,2 19-09-2020,3. HD,3,HD,BC37 Amager,Hvidovre 3,"Frederik Balmer Odgaard, Philip Tu Duong","Kristoffer Kolding, Frederik Paulsen","79653, 86660","156224, 93722","16-21, 20-22",away,Hvidovre 3,
2020,1,1,-3,13229,Danmarksserien,Pulje 6,385796,2 19-09-2020,1. MD,1,MD,FKIF Frederiksberg,Nordbyens Badmintonklub,"Anders Køhler, Camilla Juhler Kristiansen","Christian Dalsgaard, Janne Nielsen","11110, 65643","13598, 170837","12-21, 16-21",away,Nordbyens Badmintonklub,
2020,1,1,-3,13229,Danmarksserien,Pulje 6,385796,2 19-09-2020,2. MD,2,MD,FKIF Frederiksberg,Nordbyens Badmintonklub,"Anders Busk, Amalie Jeppesen","Casper Kristensen, Alma Dalsgaard","24132, 52124","37135, 2598","21-11, 21-11",home,FKIF Frederiksberg,
2020,1,1,-3,13229,Danmarksserien,Pulje 6,385796,2 19-09-2020,1. DS,1,DS,FKIF Frederiksberg,Nordbyens Badmintonklub,Charlotte Haurdahl,Nanna Mortensen,37294,258879,"16-21, 18-21",away,Nordbyens Badmintonklub,
2020,1,1,-3,13229,Danmarksserien,Pulje 6,385796,2 19-09-2020,2. DS,2,DS,FKIF Frederiksberg,Nordbyens Badmintonklub,Linette Steenberg,Linda Kamstrup,207247,12274,"20-22, 21-18, 21-17",home,FKIF Frederiksberg,
2020,1,1,-3,13229,Danmarksserien,Pulje 6,385796,2 19-09-2020,1. HS,1,HS,FKIF Frederiksberg,Nordbyens Badmintonklub,Mads Busk,Frederik Bilenberg Olsen,62034,156477,"15-21, 17-21",away,Nordbyens Badmintonklub,
2020,1,1,-3,13229,Danmarksserien,Pulje 6,385796,2 19-09-2020,2. HS,2,HS,FKIF Frederiksberg,Nordbyens Badmintonklub,Frederik Buch,Mikkel Due Machat,92379,24645,"16-21, 17-21",away,Nordbyens Badmintonklub,
2020,1,1,-3,13229,Danmarksserien,Pulje 6,385796,2 19-09-2020,3. HS,3,HS,FKIF Frederiksberg,Nordbyens Badmintonklub,Henrik Madsen,Noah Nielsen,6976,155979,"19-21, 16-21",away,Nordbyens Badmintonklub,
2020,1,1,-3,13229,Danmarksserien,Pulje 6,385796,2 19-09-2020,4. HS,4,HS,FKIF Frederiksberg,Nordbyens Badmintonklub,Jacob Møller-Nielsen,Jeppe Jørgensen,66827,87366,"23-21, 21-12",home,FKIF Frederiksberg,
2020,1,1,-3,13229,Danmarksserien,Pulje 6,385796,2 19-09-2020,1. DD,1,DD,FKIF Frederiksberg,Nordbyens Badmintonklub,"Camilla Juhler Kristiansen, Charlotte Haurdahl","Nanna Mortensen, Linda Kamstrup","65643, 37294","258879, 12274","19-21, 21-17, 21-19",home,FKIF Frederiksberg,
2020,1,1,-3,13229,Danmarksserien,Pulje 6,385796,2 19-09-2020,2. DD,2,DD,FKIF Frederiksberg,Nordbyens Badmintonklub,"Amalie Jeppesen, Linette Steenberg","Alma Dalsgaard, Janne Nielsen","52124, 207247","2598, 170837","21-11, 21-15",home,FKIF Frederiksberg,
2020,1,1,-3,13229,Danmarksserien,Pulje 6,385796,2 19-09-2020,1. HD,1,HD,FKIF Frederiksberg,Nordbyens Badmintonklub,"Frederik Buch, Mads Busk","Christian Dalsgaard, Frederik Bilenberg Olsen","92379, 62034","13598, 156477",,home,FKIF Frederiksberg,F
2020,1,1,-3,13229,Danmarksserien,Pulje 6,385796,2 19-09-2020,2. HD,2,HD,FKIF Frederiksberg,Nordbyens Badmintonklub,"Anders Køhler, Anders Busk","Casper Kristensen, Noah Nielsen","11110, 24132","37135, 155979",,home,FKIF Frederiksberg,F
2020,1,1,-3,13229,Danmarksserien,Pulje 6,385796,2 19-09-2020,3. HD,3,HD,FKIF Frederiksberg,Nordbyens Badmintonklub,"Henrik Madsen, Jacob Møller-Nielsen","Mikkel Due Machat, Jeppe Jørgensen","6976, 66827","24645, 87366",,home,FKIF Frederiksberg,F
2020,1,1,-3,13229,Danmarksserien,Pulje 6,385797,2 19-09-2020,1. MD,1,MD,Hillerød 2,Frederiksberg,"Jakob Kyndesen, Norah Jeppesen","Anders Frewald, Majken Asmussen","13330, 93281","13008, 253407","21-17, 13-21, 16-21",away,Frederiksberg,
2020,1,1,-3,13229,Danmarksserien,Pulje 6,385797,2 19-09-2020,2. MD,2,MD,Hillerød 2,Frederiksberg,"Niklas Bjørn Larsen, Sofie Rehn","Nicolaj Knudsen, Signe Baldvinsson","78222, 91540","11515, 13374","21-17, 23-21",home,Hillerød 2,
2020,1,1,-3,13229,Danmarksserien,Pulje 6,385797,2 19-09-2020,1. DS,1,DS,Hillerød 2,Frederiksberg,Stine Messerschmidt,Brynhild D. Carlsson,85042,40686,"21-15, 21-3",home,Hillerød 2,
2020,1,1,-3,13229,Danmarksserien,Pulje 6,385797,2 19-09-2020,2. DS,2,DS,Hillerød 2,Frederiksberg,Malou Yde-Andersen,Simone Toxværd Ibsen,197473,75271,"21-14, 21-10",home,Hillerød 2,
2020,1,1,-3,13229,Danmarksserien,Pulje 6,385797,2 19-09-2020,1. HS,1,HS,Hillerød 2,Frederiksberg,Daniel Lehmann Lessél,Julian Hristov (EU),78080,206883,"21-17, 19-21, 21-17",home,Hillerød 2,
2020,1,1,-3,13229,Danmarksserien,Pulje 6,385797,2 19-09-2020,2. HS,2,HS,Hillerød 2,Frederiksberg,Magnus Ingi Helgason (EU),Jens Engel-Andreasen,12629,14213,"14-21, 7-21",away,Frederiksberg,
2020,1,1,-3,13229,Danmarksserien,Pulje 6,385797,2 19-09-2020,3. HS,3,HS,Hillerød 2,Frederiksberg,Morten Hessner Labeau,Henrik Pøhler,32580,9851,"17-21, 21-11, 21-16",home,Hillerød 2,
2020,1,1,-3,13229,Danmarksserien,Pulje 6,385797,2 19-09-2020,4. HS,4,HS,Hillerød 2,Frederiksberg,Oskar Birger Jensen,Nikolaj Falstie Jensen,83117,12364,"21-19, 21-19",home,Hillerød 2,
2020,1,1,-3,13229,Danmarksserien,Pulje 6,385797,2 19-09-2020,1. DD,1,DD,Hillerød 2,Frederiksberg,"Stine Messerschmidt, Sofie Rehn","Majken Asmussen, Brynhild D. Carlsson","85042, 91540","253407, 40686","20-22, 21-8, 21-9",home,Hillerød 2,
2020,1,1,-3,13229,Danmarksserien,Pulje 6,385797,2 19-09-2020,2. DD,2,DD,Hillerød 2,Frederiksberg,"Norah Jeppesen, Malou Yde-Andersen","Signe Baldvinsson, Simone Toxværd Ibsen","93281, 197473","13374, 75271","21-12, 21-14",home,Hillerød 2,
2020,1,1,-3,13229,Danmarksserien,Pulje 6,385797,2 19-09-2020,1. HD,1,HD,Hillerød 2,Frederiksberg,"Morten Hessner Labeau, Daniel Lehmann Lessél","Anders Frewald, Julian Hristov (EU)","32580, 78080","13008, 206883","21-11, 16-21, 15-21",away,Frederiksberg,
2020,1,1,-3,13229,Danmarksserien,Pulje 6,385797,2 19-09-2020,2. HD,2,HD,Hillerød 2,Frederiksberg,"Niklas Bjørn Larsen, Magnus Ingi Helgason (EU)","Jens Engel-Andreasen, Henrik Pøhler","78222, 12629","14213, 9851","16-21, 21-17, 21-16",home,Hillerød 2,
2020,1,1,-3,13229,Danmarksserien,Pulje 6,385797,2 19-09-2020,3. HD,3,HD,Hillerød 2,Frederiksberg,"Oskar Birger Jensen, Jakob Kyndesen","Nicolaj Knudsen, Nikolaj Falstie Jensen","83117, 13330","11515, 12364","21-16, 19-21, 14-21",away,Frederiksberg,
2020,1,1,-3,13229,Danmarksserien,Pulje 6,385798,3 03-10-2020,1. MD,1,MD,Hvidovre 3,Herlufsholm,"Villads Leit, Camilla Madsen","Tim Schunk, Christina Skov","199104, 22394","24892, 8731","22-24, 21-16, 21-18",home,Hvidovre 3,
2020,1,1,-3,13229,Danmarksserien,Pulje 6,385798,3 03-10-2020,2. MD,2,MD,Hvidovre 3,Herlufsholm,"Kristoffer Kolding, Maria Søgård Andersen","Mikkel Græsbøll, Natasja Haastrup Hartmeyer","156224, 167708","62198, 45365","21-17, 13-21, 21-9",home,Hvidovre 3,
2020,1,1,-3,13229,Danmarksserien,Pulje 6,385798,3 03-10-2020,1. DS,1,DS,Hvidovre 3,Herlufsholm,Sara Lindskov Jacobsen,Gunn Ammitzbøll,233606,10496,"21-10, 21-16",home,Hvidovre 3,
2020,1,1,-3,13229,Danmarksserien,Pulje 6,385798,3 03-10-2020,2. DS,2,DS,Hvidovre 3,Herlufsholm,Mathilde Anny Serup Larsen,Elisabeth Hartmeyer,91657,87393,"21-19, 21-12",home,Hvidovre 3,
2020,1,1,-3,13229,Danmarksserien,Pulje 6,385798,3 03-10-2020,1. HS,1,HS,Hvidovre 3,Herlufsholm,Christian Andersen,Kim Hansen,86045,232068,"21-18, 21-12",home,Hvidovre 3,
2020,1,1,-3,13229,Danmarksserien,Pulje 6,385798,3 03-10-2020,2. HS,2,HS,Hvidovre 3,Herlufsholm,Tobias Rhein Larsen,Rasmus Saxtoft,167474,2801,"21-9, 21-16",home,Hvidovre 3,
2020,1,1,-3,13229,Danmarksserien,Pulje 6,385798,3 03-10-2020,3. HS,3,HS,Hvidovre 3,Herlufsholm,Morten Matthiessen,Kristian Ditlev Hartmeyer,49605,43415,"21-5, 21-16",home,Hvidovre 3,
2020,1,1,-3,13229,Danmarksserien,Pulje 6,385798,3 03-10-2020,4. HS,4,HS,Hvidovre 3,Herlufsholm,Søren Jessen,Emil Hansen,49427,157848,"21-8, 21-5",home,Hvidovre 3,
2020,1,1,-3,13229,Danmarksserien,Pulje 6,385798,3 03-10-2020,1. DD,1,DD,Hvidovre 3,Herlufsholm,"Camilla Madsen, Maria Søgård Andersen","Gunn Ammitzbøll, Christina Skov","22394, 167708","10496, 8731","21-16, 21-11",home,Hvidovre 3,
2020,1,1,-3,13229,Danmarksserien,Pulje 6,385798,3 03-10-2020,2. DD,2,DD,Hvidovre 3,Herlufsholm,"Mathilde Anny Serup Larsen, Sara Lindskov Jacobsen","Natasja Haastrup Hartmeyer, Elisabeth Hartmeyer","91657, 233606","45365, 87393","21-14, 21-14",home,Hvidovre 3,
2020,1,1,-3,13229,Danmarksserien,Pulje 6,385798,3 03-10-2020,1. HD,1,HD,Hvidovre 3,Herlufsholm,"Morten Matthiessen, Søren Jessen","Tim Schunk, Mikkel Græsbøll","49605, 49427","24892, 62198","21-10, 21-14",home,Hvidovre 3,
2020,1,1,-3,13229,Danmarksserien,Pulje 6,385798,3 03-10-2020,2. HD,2,HD,Hvidovre 3,Herlufsholm,"Tobias Rhein Larsen, Villads Leit","Emil Hansen, Kristian Ditlev Hartmeyer","167474, 199104","157848, 43415","21-15, 18-21, 21-12",home,Hvidovre 3,
2020,1,1,-3,13229,Danmarksserien,Pulje 6,385798,3 03-10-2020,3. HD,3,HD,Hvidovre 3,Herlufsholm,"Kristoffer Kolding, Christian Andersen","Kim Hansen, Rasmus Saxtoft","156224, 86045","232068, 2801","21-14, 21-18",home,Hvidovre 3,
2020,1,1,-3,13229,Danmarksserien,Pulje 6,385799,3 03-10-2020,1. MD,1,MD,Hillerød 2,FKIF Frederiksberg,"Morten Hessner Labeau, Norah Jeppesen","Anders Busk, Amalie Jeppesen","32580, 93281","24132, 52124","21-11, 21-10",home,Hillerød 2,
2020,1,1,-3,13229,Danmarksserien,Pulje 6,385799,3 03-10-2020,2. MD,2,MD,Hillerød 2,FKIF Frederiksberg,"Jakob Kyndesen, Sofie Rehn","Thomas Lorentzen, Camilla Juhler Kristiansen","13330, 91540","42425, 65643","21-11, 21-5",home,Hillerød 2,
2020,1,1,-3,13229,Danmarksserien,Pulje 6,385799,3 03-10-2020,1. DS,1,DS,Hillerød 2,FKIF Frederiksberg,Stine Messerschmidt,Charlotte Haurdahl,85042,37294,"21-12, 21-9",home,Hillerød 2,
2020,1,1,-3,13229,Danmarksserien,Pulje 6,385799,3 03-10-2020,2. DS,2,DS,Hillerød 2,FKIF Frederiksberg,Malou Yde-Andersen,Linette Steenberg,197473,207247,"21-4, 21-16",home,Hillerød 2,
2020,1,1,-3,13229,Danmarksserien,Pulje 6,385799,3 03-10-2020,1. HS,1,HS,Hillerød 2,FKIF Frederiksberg,Tobias Dahl Folkmann,Mads Busk,237916,62034,"21-10, 21-14",home,Hillerød 2,
2020,1,1,-3,13229,Danmarksserien,Pulje 6,385799,3 03-10-2020,2. HS,2,HS,Hillerød 2,FKIF Frederiksberg,Daniel Lehmann Lessél,Lau Lundgård Hansen,78080,206415,"21-7, 21-8",home,Hillerød 2,
2020,1,1,-3,13229,Danmarksserien,Pulje 6,385799,3 03-10-2020,3. HS,3,HS,Hillerød 2,FKIF Frederiksberg,Magnus Ingi Helgason (EU),Kristoffer S. Rohrberg,12629,210760,"21-11, 21-6",home,Hillerød 2,
2020,1,1,-3,13229,Danmarksserien,Pulje 6,385799,3 03-10-2020,4. HS,4,HS,Hillerød 2,FKIF Frederiksberg,Niklas Bjørn Larsen,Patrick Kofoed Pedersen,78222,71120,"21-8, 21-15",home,Hillerød 2,
2020,1,1,-3,13229,Danmarksserien,Pulje 6,385799,3 03-10-2020,1. DD,1,DD,Hillerød 2,FKIF Frederiksberg,"Stine Messerschmidt, Sofie Rehn","Camilla Juhler Kristiansen, Charlotte Haurdahl","85042, 91540","65643, 37294","21-8, 21-10",home,Hillerød 2,
2020,1,1,-3,13229,Danmarksserien,Pulje 6,385799,3 03-10-2020,2. DD,2,DD,Hillerød 2,FKIF Frederiksberg,"Norah Jeppesen, Malou Yde-Andersen","Amalie Jeppesen, Linette Steenberg","93281, 197473","52124, 207247","21-10, 21-4",home,Hillerød 2,
2020,1,1,-3,13229,Danmarksserien,Pulje 6,385799,3 03-10-2020,1. HD,1,HD,Hillerød 2,FKIF Frederiksberg,"Jakob Kyndesen, Tobias Dahl Folkmann","Mads Busk, Anders Busk","13330, 237916","62034, 24132","21-18, 21-18",home,Hillerød 2,
2020,1,1,-3,13229,Danmarksserien,Pulje 6,385799,3 03-10-2020,2. HD,2,HD,Hillerød 2,FKIF Frederiksberg,"Daniel Lehmann Lessél, Morten Hessner Labeau","Lau Lundgård Hansen, Kristoffer S. Rohrberg","78080, 32580","206415, 210760","21-8, 21-5",home,Hillerød 2,
2020,1,1,-3,13229,Danmarksserien,Pulje 6,385799,3 03-10-2020,3. HD,3,HD,Hillerød 2,FKIF Frederiksberg,"Niklas Bjørn Larsen, Magnus Ingi Helgason (EU)","Patrick Kofoed Pedersen, Thomas Lorentzen","78222, 12629","71120, 42425","21-10, 21-8",home,Hillerød 2,
2020,1,1,-3,13229,Danmarksserien,Pulje 6,385801,3 03-10-2020,1. MD,1,MD,BC37 Amager,Karlslunde 2,"Christian Sonne Iversen, Karoline Keller Rolsted","Karsten Aagaard, Annie Pinderup Kristensen","75169, 72679","11770, 175393","11-21, 9-21",away,Karlslunde 2,
2020,1,1,-3,13229,Danmarksserien,Pulje 6,385801,3 03-10-2020,2. MD,2,MD,BC37 Amager,Karlslunde 2,"Philip Tu Duong, Sarah Dømmestrup","Janek Roos, Petra Ulriksen","86660, 65257","10411, 77871","14-21, 19-21",away,Karlslunde 2,
2020,1,1,-3,13229,Danmarksserien,Pulje 6,385801,3 03-10-2020,1. DS,1,DS,BC37 Amager,Karlslunde 2,Hanne Juul Christensen,Trine Graff,167544,13168,"16-21, 21-19, 18-21",away,Karlslunde 2,
2020,1,1,-3,13229,Danmarksserien,Pulje 6,385801,3 03-10-2020,2. DS,2,DS,BC37 Amager,Karlslunde 2,Mette Juul Christensen,Kristina Olsen,167543,11050,"12-21, 18-21",away,Karlslunde 2,
2020,1,1,-3,13229,Danmarksserien,Pulje 6,385801,3 03-10-2020,1. HS,1,HS,BC37 Amager,Karlslunde 2,Nikolai Andersson,Jeppe Ellebæk,95131,38691,"9-21, 11-21",away,Karlslunde 2,
2020,1,1,-3,13229,Danmarksserien,Pulje 6,385801,3 03-10-2020,2. HS,2,HS,BC37 Amager,Karlslunde 2,Thomas Kyhl Sommer,Jesper Buron,81717,17112,"21-16, 21-19",home,BC37 Amager,
2020,1,1,-3,13229,Danmarksserien,Pulje 6,385801,3 03-10-2020,3. HS,3,HS,BC37 Amager,Karlslunde 2,Simon Dømmestrup,Thomas Hansen,77236,14632,"26-24, 16-21, 19-21",away,Karlslunde 2,
2020,1,1,-3,13229,Danmarksserien,Pulje 6,385801,3 03-10-2020,4. HS,4,HS,BC37 Amager,Karlslunde 2,Oliver Dylander,Michael Andreasen,923,11857,"19-21, 19-21",away,Karlslunde 2,
2020,1,1,-3,13229,Danmarksserien,Pulje 6,385801,3 03-10-2020,1. DD,1,DD,BC37 Amager,Karlslunde 2,"Karoline Keller Rolsted, Mette Juul Christensen","Kristina Olsen, Trine Graff","72679, 167543","11050, 13168","16-21, 21-19, 21-10",home,BC37 Amager,
2020,1,1,-3,13229,Danmarksserien,Pulje 6,385801,3 03-10-2020,2. DD,2,DD,BC37 Amager,Karlslunde 2,"Sarah Dømmestrup, Hanne Juul Christensen","Annie Pinderup Kristensen, Petra Ulriksen","65257, 167544","175393, 77871","21-19, 19-21, 13-21",away,Karlslunde 2,
2020,1,1,-3,13229,Danmarksserien,Pulje 6,385801,3 03-10-2020,1. HD,1,HD,BC37 Amager,Karlslunde 2,"Christian Sonne Iversen, Thomas Kyhl Sommer","Karsten Aagaard, Jeppe Ellebæk","75169, 81717","11770, 38691","14-21, 15-21",away,Karlslunde 2,
2020,1,1,-3,13229,Danmarksserien,Pulje 6,385801,3 03-10-2020,2. HD,2,HD,BC37 Amager,Karlslunde 2,"Oliver Dylander, Nikolai Andersson","Janek Roos, Michael Andreasen","923, 95131","10411, 11857","21-19, 13-21, 13-21",away,Karlslunde 2,
2020,1,1,-3,13229,Danmarksserien,Pulje 6,385801,3 03-10-2020,3. HD,3,HD,BC37 Amager,Karlslunde 2,"Philip Tu Duong, Simon Dømmestrup","Thomas Hansen, Jesper Buron","86660, 77236","14632, 17112","21-8, 21-10",home,BC37 Amager,
2020,1,1,-3,13229,Danmarksserien,Pulje 6,385802,4 24-10-2020,1. MD,1,MD,FKIF Frederiksberg,Hvidovre 3,"Kristian Holm, Camilla Juhler Kristiansen","Søren Clausen, Maria Søgård Andersen","323135, 65643","13379, 167708","21-18, 11-21, 11-21",away,Hvidovre 3,
2020,1,1,-3,13229,Danmarksserien,Pulje 6,385802,4 24-10-2020,2. MD,2,MD,FKIF Frederiksberg,Hvidovre 3,"Anders Busk, Amalie Jeppesen","Søren Jessen, Josefine Eggert Jackson","24132, 52124","49427, 212287","13-21, 14-21",away,Hvidovre 3,
2020,1,1,-3,13229,Danmarksserien,Pulje 6,385802,4 24-10-2020,1. DS,1,DS,FKIF Frederiksberg,Hvidovre 3,Charlotte Haurdahl,Sara Lindskov Jacobsen,37294,233606,"17-21, 3-21",away,Hvidovre 3,
2020,1,1,-3,13229,Danmarksserien,Pulje 6,385802,4 24-10-2020,2. DS,2,DS,FKIF Frederiksberg,Hvidovre 3,Camilla F. Haurdahl,Camilla Madsen,17948,22394,"6-21, 12-21",away,Hvidovre 3,
2020,1,1,-3,13229,Danmarksserien,Pulje 6,385802,4 24-10-2020,1. HS,1,HS,FKIF Frederiksberg,Hvidovre 3,Mads Busk,Morten Stieper Bokelund,62034,31688,"21-23, 21-13, 9-21",away,Hvidovre 3,
2020,1,1,-3,13229,Danmarksserien,Pulje 6,385802,4 24-10-2020,2. HS,2,HS,FKIF Frederiksberg,Hvidovre 3,Frederik Buch,Christian Andersen,92379,86045,"21-13, 17-21, 12-21",away,Hvidovre 3,
2020,1,1,-3,13229,Danmarksserien,Pulje 6,385802,4 24-10-2020,3. HS,3,HS,FKIF Frederiksberg,Hvidovre 3,Henrik Madsen,Morten Matthiessen,6976,49605,"14-21, 14-21",away,Hvidovre 3,
2020,1,1,-3,13229,Danmarksserien,Pulje 6,385802,4 24-10-2020,4. HS,4,HS,FKIF Frederiksberg,Hvidovre 3,Jacob Møller-Nielsen,Villads Leit,66827,199104,"21-19, 13-21, 9-21",away,Hvidovre 3,
2020,1,1,-3,13229,Danmarksserien,Pulje 6,385802,4 24-10-2020,1. DD,1,DD,FKIF Frederiksberg,Hvidovre 3,"Camilla Juhler Kristiansen, Charlotte Haurdahl","Josefine Eggert Jackson, Maria Søgård Andersen","65643, 37294","212287, 167708","14-21, 16-21",away,Hvidovre 3,
2020,1,1,-3,13229,Danmarksserien,Pulje 6,385802,4 24-10-2020,2. DD,2,DD,FKIF Frederiksberg,Hvidovre 3,"Camilla F. Haurdahl, Amalie Jeppesen","Camilla Madsen, Sara Lindskov Jacobsen","17948, 52124","22394, 233606","15-21, 8-21",away,Hvidovre 3,
2020,1,1,-3,13229,Danmarksserien,Pulje 6,385802,4 24-10-2020,1. HD,1,HD,FKIF Frederiksberg,Hvidovre 3,"Kristian Holm, Mads Busk","Søren Clausen, Søren Jessen","323135, 62034","13379, 49427","23-21, 21-19",home,FKIF Frederiksberg,
2020,1,1,-3,13229,Danmarksserien,Pulje 6,385802,4 24-10-2020,2. HD,2,HD,FKIF Frederiksberg,Hvidovre 3,"Anders Busk, Henrik Madsen","Morten Stieper Bokelund, Christian Andersen","24132, 6976","31688, 86045","18-21, 16-21",away,Hvidovre 3,
2020,1,1,-3,13229,Danmarksserien,Pulje 6,385802,4 24-10-2020,3. HD,3,HD,FKIF Frederiksberg,Hvidovre 3,"Jacob Møller-Nielsen, Frederik Buch","Villads Leit, Morten Matthiessen","66827, 92379","199104, 49605","21-8, 21-23, 14-21",away,Hvidovre 3,
2020,1,1,-3,13229,Danmarksserien,Pulje 6,385803,4 24-10-2020,1. MD,1,MD,Nordbyens Badmintonklub,Hillerød 2,"Otto Ingemann, Pernille Vibe Hansen","Morten Hessner Labeau, Norah Jeppesen","88575, 233609","32580, 93281","21-15, 17-21, 17-21",away,Hillerød 2,
2020,1,1,-3,13229,Danmarksserien,Pulje 6,385803,4 24-10-2020,2. MD,2,MD,Nordbyens Badmintonklub,Hillerød 2,"Casper Kristensen, Edina Skiljo","Jakob Kyndesen, Sofie Rehn","37135, 132172","13330, 91540","13-21, 11-21",away,Hillerød 2,
2020,1,1,-3,13229,Danmarksserien,Pulje 6,385803,4 24-10-2020,1. DS,1,DS,Nordbyens Badmintonklub,Hillerød 2,Nanna Mortensen,Stine Messerschmidt,258879,85042,"20-22, 15-21",away,Hillerød 2,
2020,1,1,-3,13229,Danmarksserien,Pulje 6,385803,4 24-10-2020,2. DS,2,DS,Nordbyens Badmintonklub,Hillerød 2,Linda Kamstrup,Malou Yde-Andersen,12274,197473,"7-21, 15-21",away,Hillerød 2,
2020,1,1,-3,13229,Danmarksserien,Pulje 6,385803,4 24-10-2020,1. HS,1,HS,Nordbyens Badmintonklub,Hillerød 2,Frederik Bilenberg Olsen,Mads Jørgensen,156477,12635,"21-16, 21-14",home,Nordbyens Badmintonklub,
2020,1,1,-3,13229,Danmarksserien,Pulje 6,385803,4 24-10-2020,2. HS,2,HS,Nordbyens Badmintonklub,Hillerød 2,Christian Dalsgaard,Daniel Lehmann Lessél,13598,78080,"21-12, 19-21, 22-20",home,Nordbyens Badmintonklub,
2020,1,1,-3,13229,Danmarksserien,Pulje 6,385803,4 24-10-2020,3. HS,3,HS,Nordbyens Badmintonklub,Hillerød 2,Mikkel Due Machat,Tobias Dahl Folkmann,24645,237916,"8-21, 7-21",away,Hillerød 2,
2020,1,1,-3,13229,Danmarksserien,Pulje 6,385803,4 24-10-2020,4. HS,4,HS,Nordbyens Badmintonklub,Hillerød 2,Noah Nielsen,Niklas Bjørn Larsen,155979,78222,"14-21, 11-21",away,Hillerød 2,
2020,1,1,-3,13229,Danmarksserien,Pulje 6,385803,4 24-10-2020,1. DD,1,DD,Nordbyens Badmintonklub,Hillerød 2,"Nanna Mortensen, Pernille Vibe Hansen","Stine Messerschmidt, Sofie Rehn","258879, 233609","85042, 91540","9-21, 21-23",away,Hillerød 2,
2020,1,1,-3,13229,Danmarksserien,Pulje 6,385803,4 24-10-2020,2. DD,2,DD,Nordbyens Badmintonklub,Hillerød 2,"Edina Skiljo, Linda Kamstrup","Norah Jeppesen, Malou Yde-Andersen","132172, 12274","93281, 197473","11-21, 15-21",away,Hillerød 2,
2020,1,1,-3,13229,Danmarksserien,Pulje 6,385803,4 24-10-2020,1. HD,1,HD,Nordbyens Badmintonklub,Hillerød 2,"Otto Ingemann, Casper Kristensen","Jakob Kyndesen, Tobias Dahl Folkmann","88575, 37135","13330, 237916","13-21, 16-21",away,Hillerød 2,
2020,1,1,-3,13229,Danmarksserien,Pulje 6,385803,4 24-10-2020,2. HD,2,HD,Nordbyens Badmintonklub,Hillerød 2,"Frederik Bilenberg Olsen, Christian Dalsgaard","Daniel Lehmann Lessél, Morten Hessner Labeau","156477, 13598","78080, 32580","21-16, 18-21, 21-14",home,Nordbyens Badmintonklub,
2020,1,1,-3,13229,Danmarksserien,Pulje 6,385803,4 24-10-2020,3. HD,3,HD,Nordbyens Badmintonklub,Hillerød 2,"Noah Nielsen, Mikkel Due Machat","Niklas Bjørn Larsen, Mads Jørgensen","155979, 24645","78222, 12635","21-16, 21-16",home,Nordbyens Badmintonklub,
2020,1,1,-3,13229,Danmarksserien,Pulje 6,385804,4 24-10-2020,1. MD,1,MD,Karlslunde 2,Frederiksberg,"Karsten Aagaard, Annie Pinderup Kristensen","Anders Frewald, Majken Asmussen","11770, 175393","13008, 253407","21-13, 15-21, 21-19",home,Karlslunde 2,
2020,1,1,-3,13229,Danmarksserien,Pulje 6,385804,4 24-10-2020,2. MD,2,MD,Karlslunde 2,Frederiksberg,"Simon Olsen, Petra Ulriksen","Jacob Bang Marcussen, Signe Baldvinsson","250686, 77871","13726, 13374","21-16, 20-22, 14-21",away,Frederiksberg,
2020,1,1,-3,13229,Danmarksserien,Pulje 6,385804,4 24-10-2020,1. DS,1,DS,Karlslunde 2,Frederiksberg,Trine Graff,Simone Toxværd Ibsen,13168,75271,"21-18, 21-18",home,Karlslunde 2,
2020,1,1,-3,13229,Danmarksserien,Pulje 6,385804,4 24-10-2020,2. DS,2,DS,Karlslunde 2,Frederiksberg,Kristina Olsen,Brynhild D. Carlsson,11050,40686,"21-10, 21-14",home,Karlslunde 2,
2020,1,1,-3,13229,Danmarksserien,Pulje 6,385804,4 24-10-2020,1. HS,1,HS,Karlslunde 2,Frederiksberg,Thomas Hansen,Julian Hristov (EU),14632,206883,"22-20, 21-6",home,Karlslunde 2,
2020,1,1,-3,13229,Danmarksserien,Pulje 6,385804,4 24-10-2020,2. HS,2,HS,Karlslunde 2,Frederiksberg,Janek Roos,Jens Engel-Andreasen,10411,14213,"20-22, 16-21",away,Frederiksberg,
2020,1,1,-3,13229,Danmarksserien,Pulje 6,385804,4 24-10-2020,3. HS,3,HS,Karlslunde 2,Frederiksberg,Jesper Buron,Henrik Pøhler,17112,9851,"27-29, 16-21",away,Frederiksberg,
2020,1,1,-3,13229,Danmarksserien,Pulje 6,385804,4 24-10-2020,4. HS,4,HS,Karlslunde 2,Frederiksberg,Michael Andreasen,Anders Roed Hansen,11857,22329,"19-21, 21-18, 12-21",away,Frederiksberg,
2020,1,1,-3,13229,Danmarksserien,Pulje 6,385804,4 24-10-2020,1. DD,1,DD,Karlslunde 2,Frederiksberg,"Trine Graff, Kristina Olsen","Majken Asmussen, Brynhild D. Carlsson","13168, 11050","253407, 40686","21-16, 21-23, 21-9",home,Karlslunde 2,
2020,1,1,-3,13229,Danmarksserien,Pulje 6,385804,4 24-10-2020,2. DD,2,DD,Karlslunde 2,Frederiksberg,"Petra Ulriksen, Annie Pinderup Kristensen","Simone Toxværd Ibsen, Signe Baldvinsson","77871, 175393","75271, 13374","13-21, 21-12, 21-16",home,Karlslunde 2,
2020,1,1,-3,13229,Danmarksserien,Pulje 6,385804,4 24-10-2020,1. HD,1,HD,Karlslunde 2,Frederiksberg,"Karsten Aagaard, Simon Olsen","Anders Frewald, Julian Hristov (EU)","11770, 250686","13008, 206883","21-19, 21-15",home,Karlslunde 2,
2020,1,1,-3,13229,Danmarksserien,Pulje 6,385804,4 24-10-2020,2. HD,2,HD,Karlslunde 2,Frederiksberg,"Michael Andreasen, Janek Roos","Jens Engel-Andreasen, Anders Roed Hansen","11857, 10411","14213, 22329","22-20, 24-26, 14-21",away,Frederiksberg,
2020,1,1,-3,13229,Danmarksserien,Pulje 6,385804,4 24-10-2020,3. HD,3,HD,Karlslunde 2,Frederiksberg,"Thomas Hansen, Jesper Buron","Jacob Bang Marcussen, Henrik Pøhler","14632, 17112","13726, 9851","20-22, 22-20, 19-21",away,Frederiksberg,
2020,1,1,-3,13229,Danmarksserien,Pulje 6,385805,4 24-10-2020,1. MD,1,MD,Herlufsholm,BC37 Amager,"Tim Schunk, Christina Skov","Christian Sonne Iversen, Karoline Keller Rolsted","24892, 8731","75169, 72679","15-21, 9-21",away,BC37 Amager,
2020,1,1,-3,13229,Danmarksserien,Pulje 6,385805,4 24-10-2020,2. MD,2,MD,Herlufsholm,BC37 Amager,"Michael Bredskov, Natasja Haastrup Hartmeyer","Philip Tu Duong, Caroline Koborg","7545, 45365","86660, 46028","21-19, 16-21, 23-21",home,Herlufsholm,
2020,1,1,-3,13229,Danmarksserien,Pulje 6,385805,4 24-10-2020,1. DS,1,DS,Herlufsholm,BC37 Amager,Elisabeth Hartmeyer,Amanda M. Sommer,87393,80152,"9-21, 21-18, 21-12",home,Herlufsholm,
2020,1,1,-3,13229,Danmarksserien,Pulje 6,385805,4 24-10-2020,2. DS,2,DS,Herlufsholm,BC37 Amager,Gunn Ammitzbøll,Mette Juul Christensen,10496,167543,"21-11, 18-21, 21-13",home,Herlufsholm,
2020,1,1,-3,13229,Danmarksserien,Pulje 6,385805,4 24-10-2020,1. HS,1,HS,Herlufsholm,BC37 Amager,Kim Hansen,Thomas Kyhl Sommer,232068,81717,"21-19, 26-24",home,Herlufsholm,
2020,1,1,-3,13229,Danmarksserien,Pulje 6,385805,4 24-10-2020,2. HS,2,HS,Herlufsholm,BC37 Amager,Rasmus Saxtoft,Nikolai Andersson,2801,95131,"21-19, 23-21",home,Herlufsholm,
2020,1,1,-3,13229,Danmarksserien,Pulje 6,385805,4 24-10-2020,3. HS,3,HS,Herlufsholm,BC37 Amager,Kristian Ditlev Hartmeyer,Simon Dømmestrup,43415,77236,"21-11, 21-11",home,Herlufsholm,
2020,1,1,-3,13229,Danmarksserien,Pulje 6,385805,4 24-10-2020,4. HS,4,HS,Herlufsholm,BC37 Amager,Mikkel Græsbøll,Per Christophersen,62198,23092,"21-19, 11-21, 22-20",home,Herlufsholm,
2020,1,1,-3,13229,Danmarksserien,Pulje 6,385805,4 24-10-2020,1. DD,1,DD,Herlufsholm,BC37 Amager,"Christina Skov, Gunn Ammitzbøll","Karoline Keller Rolsted, Mette Juul Christensen","8731, 10496","72679, 167543","17-21, 24-22, 14-21",away,BC37 Amager,
2020,1,1,-3,13229,Danmarksserien,Pulje 6,385805,4 24-10-2020,2. DD,2,DD,Herlufsholm,BC37 Amager,"Elisabeth Hartmeyer, Natasja Haastrup Hartmeyer","Amanda M. Sommer, Caroline Koborg","87393, 45365","80152, 46028","15-21, 21-13, 21-19",home,Herlufsholm,
2020,1,1,-3,13229,Danmarksserien,Pulje 6,385805,4 24-10-2020,1. HD,1,HD,Herlufsholm,BC37 Amager,"Mikkel Græsbøll, Tim Schunk","Christian Sonne Iversen, Thomas Kyhl Sommer","62198, 24892","75169, 81717","16-21, 9-21",away,BC37 Amager,
2020,1,1,-3,13229,Danmarksserien,Pulje 6,385805,4 24-10-2020,2. HD,2,HD,Herlufsholm,BC37 Amager,"Kim Hansen, Rasmus Saxtoft","Per Christophersen, Nikolai Andersson","232068, 2801","23092, 95131","22-20, 21-13",home,Herlufsholm,
2020,1,1,-3,13229,Danmarksserien,Pulje 6,385805,4 24-10-2020,3. HD,3,HD,Herlufsholm,BC37 Amager,"Michael Bredskov, Kristian Ditlev Hartmeyer","Simon Dømmestrup, Philip Tu Duong","7545, 43415","77236, 86660","21-23, 17-21",away,BC37 Amager,
2020,1,1,-3,13230,Danmarksserien,Pulje 7,385818,1 05-09-2020,1. MD,1,MD,Dragør,Drive 2,"Mark Haals, Maiken Raagaard","Mikkel Møller Rasmussen, Mette Nielsen","67311, 12395","13057, 54861","15-21, 16-21",away,Drive 2,
2020,1,1,-3,13230,Danmarksserien,Pulje 7,385818,1 05-09-2020,2. MD,2,MD,Dragør,Drive 2,"Troels Jakobsen, Maria Glavind","Christian Westergaard Nielsen, Mie He Larsen","9319, 77621","33906, 172279","16-21, 11-21",away,Drive 2,
2020,1,1,-3,13230,Danmarksserien,Pulje 7,385818,1 05-09-2020,1. DS,1,DS,Dragør,Drive 2,Louise Fogelstrøm,Nadja Jacobsen,13977,68063,"16-21, 21-18, 23-21",home,Dragør,
2020,1,1,-3,13230,Danmarksserien,Pulje 7,385818,1 05-09-2020,2. DS,2,DS,Dragør,Drive 2,Nadia El Aref,Line Høffner,12858,61006,"21-19, 20-22, 21-13",home,Dragør,
2020,1,1,-3,13230,Danmarksserien,Pulje 7,385818,1 05-09-2020,1. HS,1,HS,Dragør,Drive 2,Gregers Schytt,Michael Bjerregaard,10218,46308,"21-14, 16-21, 21-16",home,Dragør,
2020,1,1,-3,13230,Danmarksserien,Pulje 7,385818,1 05-09-2020,2. HS,2,HS,Dragør,Drive 2,Morten Madsen,Mikkel Kærsgaard Henriksen,11178,53953,"17-21, 15-21",away,Drive 2,
2020,1,1,-3,13230,Danmarksserien,Pulje 7,385818,1 05-09-2020,3. HS,3,HS,Dragør,Drive 2,Anders H. Mosegaard,Mads Nerup Nielsen,55547,41328,"19-21, 13-21",away,Drive 2,
2020,1,1,-3,13230,Danmarksserien,Pulje 7,385818,1 05-09-2020,4. HS,4,HS,Dragør,Drive 2,Peter Heide,Christoffer Højtved Rossmann,251483,40376,"21-16, 15-21, 15-21",away,Drive 2,
2020,1,1,-3,13230,Danmarksserien,Pulje 7,385818,1 05-09-2020,1. DD,1,DD,Dragør,Drive 2,"Louise Fogelstrøm, Maria Glavind","Line Høffner, Mie He Larsen","13977, 77621","61006, 172279","21-19, 14-21, 22-20",home,Dragør,
2020,1,1,-3,13230,Danmarksserien,Pulje 7,385818,1 05-09-2020,2. DD,2,DD,Dragør,Drive 2,"Maiken Raagaard, Nadia El Aref","Nadja Jacobsen, Mette Nielsen","12395, 12858","68063, 54861","13-21, 21-23",away,Drive 2,
2020,1,1,-3,13230,Danmarksserien,Pulje 7,385818,1 05-09-2020,1. HD,1,HD,Dragør,Drive 2,"Gregers Schytt, Morten Madsen","Christian Westergaard Nielsen, Christoffer Højtved Rossmann","10218, 11178","33906, 40376","14-21, 21-17, 25-27",away,Drive 2,
2020,1,1,-3,13230,Danmarksserien,Pulje 7,385818,1 05-09-2020,2. HD,2,HD,Dragør,Drive 2,"Peter Heide, Troels Jakobsen","Mikkel Kærsgaard Henriksen, Mikkel Møller Rasmussen","251483, 9319","53953, 13057","13-21, 21-23",away,Drive 2,
2020,1,1,-3,13230,Danmarksserien,Pulje 7,385818,1 05-09-2020,3. HD,3,HD,Dragør,Drive 2,"Anders H. Mosegaard, Mark Haals","Mads Nerup Nielsen, Michael Bjerregaard","55547, 67311","41328, 46308","10-21, 17-21",away,Drive 2,
2020,1,1,-3,13230,Danmarksserien,Pulje 7,385819,1 05-09-2020,1. MD,1,MD,Frem - Hellebæk,SAIF Kbh. 2,"Mikkel Skov Sørensen, Mette Petersen","Rasmus Thage, Julie Voss","166482, 9596","45496, 82631","21-18, 21-13",home,Frem - Hellebæk,
2020,1,1,-3,13230,Danmarksserien,Pulje 7,385819,1 05-09-2020,2. MD,2,MD,Frem - Hellebæk,SAIF Kbh. 2,"Jonas Holm Larsen, Sarah Nommesen","Jonas Lyduch, Iben Jensen","74738, 264694","12609, 78092","11-21, 12-21",away,SAIF Kbh. 2,
2020,1,1,-3,13230,Danmarksserien,Pulje 7,385819,1 05-09-2020,1. DS,1,DS,Frem - Hellebæk,SAIF Kbh. 2,Emma Olsen,Keike Schröder (EU),264691,60785,"15-21, 16-21",away,SAIF Kbh. 2,
2020,1,1,-3,13230,Danmarksserien,Pulje 7,385819,1 05-09-2020,2. DS,2,DS,Frem - Hellebæk,SAIF Kbh. 2,Signe Knudsen,Pernille Eskesen,213579,72194,"16-21, 21-16, 19-21",away,SAIF Kbh. 2,
2020,1,1,-3,13230,Danmarksserien,Pulje 7,385819,1 05-09-2020,1. HS,1,HS,Frem - Hellebæk,SAIF Kbh. 2,Kasper Ødum,Ditlev Melgaard,12174,210850,"21-11, 21-11",home,Frem - Hellebæk,
2020,1,1,-3,13230,Danmarksserien,Pulje 7,385819,1 05-09-2020,2. HS,2,HS,Frem - Hellebæk,SAIF Kbh. 2,Jacob Munk Hansen,Michael Stuart Christensen,35030,18036,"17-21, 18-21",away,SAIF Kbh. 2,
2020,1,1,-3,13230,Danmarksserien,Pulje 7,385819,1 05-09-2020,3. HS,3,HS,Frem - Hellebæk,SAIF Kbh. 2,Stig Erdmann Reinicke,Frank Jelstrup,247866,14413,"21-13, 13-21, 14-21",away,SAIF Kbh. 2,
2020,1,1,-3,13230,Danmarksserien,Pulje 7,385819,1 05-09-2020,4. HS,4,HS,Frem - Hellebæk,SAIF Kbh. 2,Ulrich Dahl,Jacob Westh,12890,73760,"25-27, 19-21",away,SAIF Kbh. 2,
2020,1,1,-3,13230,Danmarksserien,Pulje 7,385819,1 05-09-2020,1. DD,1,DD,Frem - Hellebæk,SAIF Kbh. 2,"Mette Petersen, Signe Knudsen","Keike Schröder (EU), Pernille Eskesen","9596, 213579","60785, 72194",,away,SAIF Kbh. 2,S
2020,1,1,-3,13230,Danmarksserien,Pulje 7,385819,1 05-09-2020,2. DD,2,DD,Frem - Hellebæk,SAIF Kbh. 2,"Emma Olsen, Sarah Nommesen","Julie Voss, Iben Jensen","264691, 264694","82631, 78092","17-21, 17-21",away,SAIF Kbh. 2,
2020,1,1,-3,13230,Danmarksserien,Pulje 7,385819,1 05-09-2020,1. HD,1,HD,Frem - Hellebæk,SAIF Kbh. 2,"Jacob Munk Hansen, Kasper Ødum","Frank Jelstrup, Jacob Westh","35030, 12174","14413, 73760","21-16, 21-17",home,Frem - Hellebæk,
2020,1,1,-3,13230,Danmarksserien,Pulje 7,385819,1 05-09-2020,2. HD,2,HD,Frem - Hellebæk,SAIF Kbh. 2,"Mikkel Skov Sørensen, Ulrich Dahl","Ditlev Melgaard, Michael Stuart Christensen","166482, 12890","210850, 18036","17-21, 21-18, 19-21",away,SAIF Kbh. 2,
2020,1,1,-3,13230,Danmarksserien,Pulje 7,385819,1 05-09-2020,3. HD,3,HD,Frem - Hellebæk,SAIF Kbh. 2,"Stig Erdmann Reinicke, Jonas Holm Larsen","Jonas Lyduch, Rasmus Thage","247866, 74738","12609, 45496","12-21, 15-21",away,SAIF Kbh. 2,
2020,1,1,-3,13230,Danmarksserien,Pulje 7,385820,1 05-09-2020,1. MD,1,MD,Holte 3,Birkerød BK13,"Mikael Skov Mikkelsen, Kristine Thorsen","Martin Weber Schmidt, Pernille Ammundsen","12208, 132273","13432, 13019","19-21, 6-21",away,Birkerød BK13,
2020,1,1,-3,13230,Danmarksserien,Pulje 7,385820,1 05-09-2020,2. MD,2,MD,Holte 3,Birkerød BK13,"Claus Bajlum, Kathrine Grandahl Hougaard","Michael Jensen, Birgitte Weber Nielsen","10671, 10084","13238, 11403","21-19, 13-21, 10-21",away,Birkerød BK13,
2020,1,1,-3,13230,Danmarksserien,Pulje 7,385820,1 05-09-2020,1. DS,1,DS,Holte 3,Birkerød BK13,Amalie Hassan,Nanna Brosolat Jensen,155953,13996,"4-21, 14-21",away,Birkerød BK13,
2020,1,1,-3,13230,Danmarksserien,Pulje 7,385820,1 05-09-2020,2. DS,2,DS,Holte 3,Birkerød BK13,Cecilie Hassan,Marie Erikson,66981,13340,"19-21, 16-21",away,Birkerød BK13,
2020,1,1,-3,13230,Danmarksserien,Pulje 7,385820,1 05-09-2020,1. HS,1,HS,Holte 3,Birkerød BK13,Lars Boesen,Frank Andersen,12242,12987,"21-15, 21-13",home,Holte 3,
2020,1,1,-3,13230,Danmarksserien,Pulje 7,385820,1 05-09-2020,2. HS,2,HS,Holte 3,Birkerød BK13,Henrik Olsson Mandsberg,Henrik Heering,13546,320993,"20-22, 21-17, 21-19",home,Holte 3,
2020,1,1,-3,13230,Danmarksserien,Pulje 7,385820,1 05-09-2020,3. HS,3,HS,Holte 3,Birkerød BK13,Philip Skovgaard,Jacob Chemnitz,68108,278523,"19-21, 21-5, 22-24",away,Birkerød BK13,
2020,1,1,-3,13230,Danmarksserien,Pulje 7,385820,1 05-09-2020,4. HS,4,HS,Holte 3,Birkerød BK13,Lars Jungsberg,Casper Aagaard Hansen,11193,13705,"21-11, 21-12",home,Holte 3,
2020,1,1,-3,13230,Danmarksserien,Pulje 7,385820,1 05-09-2020,1. DD,1,DD,Holte 3,Birkerød BK13,"Kathrine Grandahl Hougaard, Kristine Thorsen","Birgitte Weber Nielsen, Pernille Ammundsen","10084, 132273","11403, 13019","21-17, 21-17",home,Holte 3,
2020,1,1,-3,13230,Danmarksserien,Pulje 7,385820,1 05-09-2020,2. DD,2,DD,Holte 3,Birkerød BK13,"Amalie Hassan, Cecilie Hassan","Nanna Brosolat Jensen, Marie Erikson","155953, 66981","13996, 13340","15-21, 18-21",away,Birkerød BK13,
2020,1,1,-3,13230,Danmarksserien,Pulje 7,385820,1 05-09-2020,1. HD,1,HD,Holte 3,Birkerød BK13,"Mikael Skov Mikkelsen, Lars Boesen","Martin Weber Schmidt, Jacob Chemnitz","12208, 12242","13432, 278523","20-22, 14-21",away,Birkerød BK13,
2020,1,1,-3,13230,Danmarksserien,Pulje 7,385820,1 05-09-2020,2. HD,2,HD,Holte 3,Birkerød BK13,"Claus Bajlum, Philip Skovgaard","Frank Andersen, Henrik Heering","10671, 68108","12987, 320993","15-21, 14-21",away,Birkerød BK13,
2020,1,1,-3,13230,Danmarksserien,Pulje 7,385820,1 05-09-2020,3. HD,3,HD,Holte 3,Birkerød BK13,"Henrik Olsson Mandsberg, Lars Jungsberg","Casper Aagaard Hansen, Michael Jensen","13546, 11193","13705, 13238","21-13, 23-21",home,Holte 3,
2020,1,1,-3,13230,Danmarksserien,Pulje 7,385821,1 05-09-2020,1. MD,1,MD,Charlottenlund 2,Gladsaxe Søborg 2,"Glenn Lyng Andersen, Emilie Preskou","Morten Jonas Maltesen, Stine Louise Knudsen","11031, 36320","12759, 14568","21-12, 21-17",home,Charlottenlund 2,
2020,1,1,-3,13230,Danmarksserien,Pulje 7,385821,1 05-09-2020,2. MD,2,MD,Charlottenlund 2,Gladsaxe Søborg 2,"Martin Kent, Charlotte Mackeprang","Lauge Nissen, Cecilie Gry Beder","7999, 50668","62736, 210882","15-21, 21-18, 18-21",away,Gladsaxe Søborg 2,
2020,1,1,-3,13230,Danmarksserien,Pulje 7,385821,1 05-09-2020,1. DS,1,DS,Charlottenlund 2,Gladsaxe Søborg 2,Mette Koch,Simone Møller Jensen,23227,58690,"21-17, 21-5",home,Charlottenlund 2,
2020,1,1,-3,13230,Danmarksserien,Pulje 7,385821,1 05-09-2020,2. DS,2,DS,Charlottenlund 2,Gladsaxe Søborg 2,Kathrine Løgstrup,Linda Bækgaard,132097,16498,"23-25, 21-16, 21-16",home,Charlottenlund 2,
2020,1,1,-3,13230,Danmarksserien,Pulje 7,385821,1 05-09-2020,1. HS,1,HS,Charlottenlund 2,Gladsaxe Søborg 2,Sebastian Kjær,Claus Christophersen,76925,13982,"21-16, 21-15",home,Charlottenlund 2,
2020,1,1,-3,13230,Danmarksserien,Pulje 7,385821,1 05-09-2020,2. HS,2,HS,Charlottenlund 2,Gladsaxe Søborg 2,Thomas Bruun Pedersen,Oliver Frei,13381,229287,"15-21, 21-10, 21-12",home,Charlottenlund 2,
2020,1,1,-3,13230,Danmarksserien,Pulje 7,385821,1 05-09-2020,3. HS,3,HS,Charlottenlund 2,Gladsaxe Søborg 2,Anders Gustaf Jørgensen,Brian Oddershede,48388,15489,"21-10, 21-14",home,Charlottenlund 2,
2020,1,1,-3,13230,Danmarksserien,Pulje 7,385821,1 05-09-2020,4. HS,4,HS,Charlottenlund 2,Gladsaxe Søborg 2,Thomas Madsen,Rasmus Hemmingsen,8715,64837,"21-10, 21-9",home,Charlottenlund 2,
2020,1,1,-3,13230,Danmarksserien,Pulje 7,385821,1 05-09-2020,1. DD,1,DD,Charlottenlund 2,Gladsaxe Søborg 2,"Emilie Preskou, Mette Koch","Linda Bækgaard, Simone Møller Jensen","36320, 23227","16498, 58690","21-14, 21-14",home,Charlottenlund 2,
2020,1,1,-3,13230,Danmarksserien,Pulje 7,385821,1 05-09-2020,2. DD,2,DD,Charlottenlund 2,Gladsaxe Søborg 2,"Kathrine Løgstrup, Charlotte Mackeprang","Stine Louise Knudsen, Cecilie Gry Beder","132097, 50668","14568, 210882","16-21, 17-21",away,Gladsaxe Søborg 2,
2020,1,1,-3,13230,Danmarksserien,Pulje 7,385821,1 05-09-2020,1. HD,1,HD,Charlottenlund 2,Gladsaxe Søborg 2,"Glenn Lyng Andersen, Thomas Bruun Pedersen","Morten Jonas Maltesen, Oliver Frei","11031, 13381","12759, 229287","21-16, 21-14",home,Charlottenlund 2,
2020,1,1,-3,13230,Danmarksserien,Pulje 7,385821,1 05-09-2020,2. HD,2,HD,Charlottenlund 2,Gladsaxe Søborg 2,"Anders Gustaf Jørgensen, Sebastian Kjær","Claus Christophersen, Lauge Nissen","48388, 76925","13982, 62736","21-16, 21-15",home,Charlottenlund 2,
2020,1,1,-3,13230,Danmarksserien,Pulje 7,385821,1 05-09-2020,3. HD,3,HD,Charlottenlund 2,Gladsaxe Søborg 2,"Martin Kent, Thomas Madsen","Brian Oddershede, Rasmus Hemmingsen","7999, 8715","15489, 64837","21-10, 28-26",home,Charlottenlund 2,
2020,1,1,-3,13230,Danmarksserien,Pulje 7,385822,2 19-09-2020,1. MD,1,MD,Birkerød BK13,Dragør,"Martin Weber Schmidt, Majken Dehn","Mark Haals, Maiken Raagaard","13432, 30684","67311, 12395","21-19, 21-12",home,Birkerød BK13,
2020,1,1,-3,13230,Danmarksserien,Pulje 7,385822,2 19-09-2020,2. MD,2,MD,Birkerød BK13,Dragør,"Michael Lykke Jørgensen, Pernille Ammundsen","Troels Jakobsen, Maria Glavind","14545, 13019","9319, 77621","9-21, 21-7, 21-16",home,Birkerød BK13,
2020,1,1,-3,13230,Danmarksserien,Pulje 7,385822,2 19-09-2020,1. DS,1,DS,Birkerød BK13,Dragør,Marie Erikson,Louise Fogelstrøm,13340,13977,"5-21, 12-21",away,Dragør,
2020,1,1,-3,13230,Danmarksserien,Pulje 7,385822,2 19-09-2020,2. DS,2,DS,Birkerød BK13,Dragør,Signe Eilersen Bouet,Nadia El Aref,231543,12858,"10-21, 15-21",away,Dragør,
2020,1,1,-3,13230,Danmarksserien,Pulje 7,385822,2 19-09-2020,1. HS,1,HS,Birkerød BK13,Dragør,Henrik Heering,Gregers Schytt,320993,10218,"12-21, 12-21",away,Dragør,
2020,1,1,-3,13230,Danmarksserien,Pulje 7,385822,2 19-09-2020,2. HS,2,HS,Birkerød BK13,Dragør,Jacob Chemnitz,Morten Madsen,278523,11178,"21-18, 18-21, 16-21",away,Dragør,
2020,1,1,-3,13230,Danmarksserien,Pulje 7,385822,2 19-09-2020,3. HS,3,HS,Birkerød BK13,Dragør,Frank Andersen,Anders H. Mosegaard,12987,55547,"21-14, 21-14",home,Birkerød BK13,
2020,1,1,-3,13230,Danmarksserien,Pulje 7,385822,2 19-09-2020,4. HS,4,HS,Birkerød BK13,Dragør,Casper Aagaard Hansen,Peter Heide,13705,251483,"19-21, 16-21",away,Dragør,
2020,1,1,-3,13230,Danmarksserien,Pulje 7,385822,2 19-09-2020,1. DD,1,DD,Birkerød BK13,Dragør,"Pernille Ammundsen, Marie Erikson","Louise Fogelstrøm, Maria Glavind","13019, 13340","13977, 77621","5-21, 12-21",away,Dragør,
2020,1,1,-3,13230,Danmarksserien,Pulje 7,385822,2 19-09-2020,2. DD,2,DD,Birkerød BK13,Dragør,"Majken Dehn, Signe Eilersen Bouet","Nadia El Aref, Maiken Raagaard","30684, 231543","12858, 12395","12-21, 17-21",away,Dragør,
2020,1,1,-3,13230,Danmarksserien,Pulje 7,385822,2 19-09-2020,1. HD,1,HD,Birkerød BK13,Dragør,"Martin Weber Schmidt, Michael Lykke Jørgensen","Gregers Schytt, Morten Madsen","13432, 14545","10218, 11178","21-14, 26-24",home,Birkerød BK13,
2020,1,1,-3,13230,Danmarksserien,Pulje 7,385822,2 19-09-2020,2. HD,2,HD,Birkerød BK13,Dragør,"Henrik Heering, Frank Andersen","Peter Heide, Troels Jakobsen","320993, 12987","251483, 9319","21-19, 21-16",home,Birkerød BK13,
2020,1,1,-3,13230,Danmarksserien,Pulje 7,385822,2 19-09-2020,3. HD,3,HD,Birkerød BK13,Dragør,"Casper Aagaard Hansen, Jacob Chemnitz","Anders H. Mosegaard, Mark Haals","13705, 278523","55547, 67311","20-22, 21-16, 21-8",home,Birkerød BK13,
2020,1,1,-3,13230,Danmarksserien,Pulje 7,385823,2 19-09-2020,1. MD,1,MD,Gladsaxe Søborg 2,Frem - Hellebæk,"Morten Jonas Maltesen, Stine Louise Knudsen","Mikkel Skov Sørensen, Mette Petersen","12759, 14568","166482, 9596","21-15, 7-21, 21-16",home,Gladsaxe Søborg 2,
2020,1,1,-3,13230,Danmarksserien,Pulje 7,385823,2 19-09-2020,2. MD,2,MD,Gladsaxe Søborg 2,Frem - Hellebæk,"Lauge Nissen, Cecilie Gry Beder","Kasper Ødum, Sarah Nommesen","62736, 210882","12174, 264694","13-21, 14-21",away,Frem - Hellebæk,
2020,1,1,-3,13230,Danmarksserien,Pulje 7,385823,2 19-09-2020,1. DS,1,DS,Gladsaxe Søborg 2,Frem - Hellebæk,Simone Møller Jensen,Emma Olsen,58690,264691,"23-21, 21-12",home,Gladsaxe Søborg 2,
2020,1,1,-3,13230,Danmarksserien,Pulje 7,385823,2 19-09-2020,2. DS,2,DS,Gladsaxe Søborg 2,Frem - Hellebæk,Linda Bækgaard,Signe Knudsen,16498,213579,"21-13, 22-20",home,Gladsaxe Søborg 2,
2020,1,1,-3,13230,Danmarksserien,Pulje 7,385823,2 19-09-2020,1. HS,1,HS,Gladsaxe Søborg 2,Frem - Hellebæk,Claus Christophersen,Stephan Wojcikiewicz (EU),13982,12715,"18-21, 19-21",away,Frem - Hellebæk,
2020,1,1,-3,13230,Danmarksserien,Pulje 7,385823,2 19-09-2020,2. HS,2,HS,Gladsaxe Søborg 2,Frem - Hellebæk,Oliver Frei,Marcus Piittala,229287,233100,"19-21, 13-21",away,Frem - Hellebæk,
2020,1,1,-3,13230,Danmarksserien,Pulje 7,385823,2 19-09-2020,3. HS,3,HS,Gladsaxe Søborg 2,Frem - Hellebæk,Brian Oddershede,Jacob Munk Hansen,15489,35030,"12-21, 18-21",away,Frem - Hellebæk,
2020,1,1,-3,13230,Danmarksserien,Pulje 7,385823,2 19-09-2020,4. HS,4,HS,Gladsaxe Søborg 2,Frem - Hellebæk,Rasmus Hemmingsen,Stig Erdmann Reinicke,64837,247866,"19-21, 11-21",away,Frem - Hellebæk,
2020,1,1,-3,13230,Danmarksserien,Pulje 7,385823,2 19-09-2020,1. DD,1,DD,Gladsaxe Søborg 2,Frem - Hellebæk,"Linda Bækgaard, Simone Møller Jensen","Mette Petersen, Sarah Nommesen","16498, 58690","9596, 264694","19-21, 21-13, 21-17",home,Gladsaxe Søborg 2,
2020,1,1,-3,13230,Danmarksserien,Pulje 7,385823,2 19-09-2020,2. DD,2,DD,Gladsaxe Søborg 2,Frem - Hellebæk,"Stine Louise Knudsen, Cecilie Gry Beder","Emma Olsen, Signe Knudsen","14568, 210882","264691, 213579","21-16, 21-12",home,Gladsaxe Søborg 2,
2020,1,1,-3,13230,Danmarksserien,Pulje 7,385823,2 19-09-2020,1. HD,1,HD,Gladsaxe Søborg 2,Frem - Hellebæk,"Morten Jonas Maltesen, Oliver Frei","Kasper Ødum, Jacob Munk Hansen","12759, 229287","12174, 35030","11-21, 16-21",away,Frem - Hellebæk,
2020,1,1,-3,13230,Danmarksserien,Pulje 7,385823,2 19-09-2020,2. HD,2,HD,Gladsaxe Søborg 2,Frem - Hellebæk,"Claus Christophersen, Lauge Nissen","Mikkel Skov Sørensen, Stephan Wojcikiewicz (EU)","13982, 62736","166482, 12715","21-17, 21-14",home,Gladsaxe Søborg 2,
2020,1,1,-3,13230,Danmarksserien,Pulje 7,385823,2 19-09-2020,3. HD,3,HD,Gladsaxe Søborg 2,Frem - Hellebæk,"Brian Oddershede, Rasmus Hemmingsen","Marcus Piittala, Stig Erdmann Reinicke","15489, 64837","233100, 247866","22-20, 21-11",home,Gladsaxe Søborg 2,
2020,1,1,-3,13230,Danmarksserien,Pulje 7,385824,2 19-09-2020,1. MD,1,MD,Drive 2,Holte 3,"Christian Westergaard Nielsen, Nina Fisker","Mikael Skov Mikkelsen, Kathrine Grandahl Hougaard","33906, 41476","12208, 10084","21-10, 21-12",home,Drive 2,
2020,1,1,-3,13230,Danmarksserien,Pulje 7,385824,2 19-09-2020,2. MD,2,MD,Drive 2,Holte 3,"Jonathan Aagren, Mette Nielsen","Mattis Enkebølle Nielsen, Kristine Thorsen","61127, 54861","170890, 132273","21-10, 21-14",home,Drive 2,
2020,1,1,-3,13230,Danmarksserien,Pulje 7,385824,2 19-09-2020,1. DS,1,DS,Drive 2,Holte 3,Nadja Jacobsen,Julie Schmidt Hansen,68063,37860,"21-23, 14-21",away,Holte 3,
2020,1,1,-3,13230,Danmarksserien,Pulje 7,385824,2 19-09-2020,2. DS,2,DS,Drive 2,Holte 3,Christine Thier,Philippa Schmidt,80378,14881,"21-5, 21-7",home,Drive 2,
2020,1,1,-3,13230,Danmarksserien,Pulje 7,385824,2 19-09-2020,1. HS,1,HS,Drive 2,Holte 3,Michael Bjerregaard,Mikkel Loesch,46308,210632,"21-10, 21-19",home,Drive 2,
2020,1,1,-3,13230,Danmarksserien,Pulje 7,385824,2 19-09-2020,2. HS,2,HS,Drive 2,Holte 3,Morten Dannerfjord Henningsen,(Ikke fremmødt),157879,,,home,Drive 2,D
2020,1,1,-3,13230,Danmarksserien,Pulje 7,385824,2 19-09-2020,3. HS,3,HS,Drive 2,Holte 3,Mads Nerup Nielsen,(Ikke fremmødt),41328,,,home,Drive 2,D
2020,1,1,-3,13230,Danmarksserien,Pulje 7,385824,2 19-09-2020,4. HS,4,HS,Drive 2,Holte 3,Christoffer Højtved Rossmann,(Ikke fremmødt),40376,,,home,Drive 2,D
2020,1,1,-3,13230,Danmarksserien,Pulje 7,385824,2 19-09-2020,1. DD,1,DD,Drive 2,Holte 3,"Nina Fisker, Nadja Jacobsen","Kathrine Grandahl Hougaard, Julie Schmidt Hansen","41476, 68063","10084, 37860","21-13, 21-16",home,Drive 2,
2020,1,1,-3,13230,Danmarksserien,Pulje 7,385824,2 19-09-2020,2. DD,2,DD,Drive 2,Holte 3,"Christine Thier, Mette Nielsen","Kristine Thorsen, Philippa Schmidt","80378, 54861","132273, 14881","21-13, 21-13",home,Drive 2,
2020,1,1,-3,13230,Danmarksserien,Pulje 7,385824,2 19-09-2020,1. HD,1,HD,Drive 2,Holte 3,"Christian Westergaard Nielsen, Christoffer Højtved Rossmann","Mikael Skov Mikkelsen, Mattis Enkebølle Nielsen","33906, 40376","12208, 170890","21-11, 21-13",home,Drive 2,
2020,1,1,-3,13230,Danmarksserien,Pulje 7,385824,2 19-09-2020,2. HD,2,HD,Drive 2,Holte 3,"Morten Dannerfjord Henningsen, Jonathan Aagren",Mikkel Loesch,"157879, 61127",210632,,home,Drive 2,D
2020,1,1,-3,13230,Danmarksserien,Pulje 7,385824,2 19-09-2020,3. HD,3,HD,Drive 2,Holte 3,"Michael Bjerregaard, Mads Nerup Nielsen","(Ikke fremmødt), (Ikke fremmødt)","46308, 41328",", ",,home,Drive 2,D
2020,1,1,-3,13230,Danmarksserien,Pulje 7,385825,2 19-09-2020,1. MD,1,MD,SAIF Kbh. 2,Charlottenlund 2,"Peter Staunstrup, Tina Brix Nyhuus","Simon Backlund, Marie-Louise Juul Ulrich","50260, 57632","40494, 61885","21-9, 21-15",home,SAIF Kbh. 2,
2020,1,1,-3,13230,Danmarksserien,Pulje 7,385825,2 19-09-2020,2. MD,2,MD,SAIF Kbh. 2,Charlottenlund 2,"Jonas Lyduch, Pernille Eskesen","Martin Kent, Mette Koch","12609, 72194","7999, 23227","21-12, 21-14",home,SAIF Kbh. 2,
2020,1,1,-3,13230,Danmarksserien,Pulje 7,385825,2 19-09-2020,1. DS,1,DS,SAIF Kbh. 2,Charlottenlund 2,Maya Lü,Amalie Maria Jørgensen,58561,81495,"21-18, 21-19",home,SAIF Kbh. 2,
2020,1,1,-3,13230,Danmarksserien,Pulje 7,385825,2 19-09-2020,2. DS,2,DS,SAIF Kbh. 2,Charlottenlund 2,Keike Schröder (EU),Kathrine Løgstrup,60785,132097,"21-18, 21-16",home,SAIF Kbh. 2,
2020,1,1,-3,13230,Danmarksserien,Pulje 7,385825,2 19-09-2020,1. HS,1,HS,SAIF Kbh. 2,Charlottenlund 2,Ditlev Melgaard,Thomas Bruun Pedersen,210850,13381,"17-21, 16-21",away,Charlottenlund 2,
2020,1,1,-3,13230,Danmarksserien,Pulje 7,385825,2 19-09-2020,2. HS,2,HS,SAIF Kbh. 2,Charlottenlund 2,Michael Stuart Christensen,Anders Gustaf Jørgensen,18036,48388,"28-26, 16-21, 24-22",home,SAIF Kbh. 2,
2020,1,1,-3,13230,Danmarksserien,Pulje 7,385825,2 19-09-2020,3. HS,3,HS,SAIF Kbh. 2,Charlottenlund 2,Frank Jelstrup,Søren Amstrup,14413,8855,"22-20, 21-13",home,SAIF Kbh. 2,
2020,1,1,-3,13230,Danmarksserien,Pulje 7,385825,2 19-09-2020,4. HS,4,HS,SAIF Kbh. 2,Charlottenlund 2,Martin Nielsen,Søren Lauridsen,34166,7991,"21-19, 21-14",home,SAIF Kbh. 2,
2020,1,1,-3,13230,Danmarksserien,Pulje 7,385825,2 19-09-2020,1. DD,1,DD,SAIF Kbh. 2,Charlottenlund 2,"Tina Brix Nyhuus, Maya Lü","Marie-Louise Juul Ulrich, Mette Koch","57632, 58561","61885, 23227","21-18, 21-13",home,SAIF Kbh. 2,
2020,1,1,-3,13230,Danmarksserien,Pulje 7,385825,2 19-09-2020,2. DD,2,DD,SAIF Kbh. 2,Charlottenlund 2,"Keike Schröder (EU), Pernille Eskesen","Amalie Maria Jørgensen, Kathrine Løgstrup","60785, 72194","81495, 132097","19-21, 21-11, 21-8",home,SAIF Kbh. 2,
2020,1,1,-3,13230,Danmarksserien,Pulje 7,385825,2 19-09-2020,1. HD,1,HD,SAIF Kbh. 2,Charlottenlund 2,"Frank Jelstrup, Martin Nielsen","Thomas Bruun Pedersen, Martin Kent","14413, 34166","13381, 7999","21-17, 20-22, 21-17",home,SAIF Kbh. 2,
2020,1,1,-3,13230,Danmarksserien,Pulje 7,385825,2 19-09-2020,2. HD,2,HD,SAIF Kbh. 2,Charlottenlund 2,"Peter Staunstrup, Michael Stuart Christensen","Søren Amstrup, Søren Lauridsen","50260, 18036","8855, 7991","21-13, 21-7",home,SAIF Kbh. 2,
2020,1,1,-3,13230,Danmarksserien,Pulje 7,385825,2 19-09-2020,3. HD,3,HD,SAIF Kbh. 2,Charlottenlund 2,"Jonas Lyduch, Ditlev Melgaard","Anders Gustaf Jørgensen, Simon Backlund","12609, 210850","48388, 40494","21-16, 21-19",home,SAIF Kbh. 2,
2020,1,1,-3,13230,Danmarksserien,Pulje 7,385826,3 03-10-2020,1. MD,1,MD,Frem - Hellebæk,Dragør,"Mikkel Skov Sørensen, Mette Petersen","Mark Haals, Maiken Raagaard","166482, 9596","67311, 12395","19-21, 16-21",away,Dragør,
2020,1,1,-3,13230,Danmarksserien,Pulje 7,385826,3 03-10-2020,2. MD,2,MD,Frem - Hellebæk,Dragør,"Emil Jacobsen, Sarah Nommesen","Martin Elleby Berg, Maria Glavind","77197, 264694","70416, 77621","20-22, 13-21",away,Dragør,
2020,1,1,-3,13230,Danmarksserien,Pulje 7,385826,3 03-10-2020,1. DS,1,DS,Frem - Hellebæk,Dragør,Emma Olsen,Louise Fogelstrøm,264691,13977,"10-21, 5-21",away,Dragør,
2020,1,1,-3,13230,Danmarksserien,Pulje 7,385826,3 03-10-2020,2. DS,2,DS,Frem - Hellebæk,Dragør,Signe Knudsen,Nadia El Aref,213579,12858,"8-21, 10-21",away,Dragør,
2020,1,1,-3,13230,Danmarksserien,Pulje 7,385826,3 03-10-2020,1. HS,1,HS,Frem - Hellebæk,Dragør,Kasper Ødum,Gregers Schytt,12174,10218,"21-13, 21-14",home,Frem - Hellebæk,
2020,1,1,-3,13230,Danmarksserien,Pulje 7,385826,3 03-10-2020,2. HS,2,HS,Frem - Hellebæk,Dragør,Marcus Piittala,Morten Madsen,233100,11178,"16-21, 23-21, 16-21",away,Dragør,
2020,1,1,-3,13230,Danmarksserien,Pulje 7,385826,3 03-10-2020,3. HS,3,HS,Frem - Hellebæk,Dragør,Stig Erdmann Reinicke,Anders H. Mosegaard,247866,55547,"21-15, 21-13",home,Frem - Hellebæk,
2020,1,1,-3,13230,Danmarksserien,Pulje 7,385826,3 03-10-2020,4. HS,4,HS,Frem - Hellebæk,Dragør,Simon Manstrup,Peter Heide,85634,251483,"11-21, 14-21",away,Dragør,
2020,1,1,-3,13230,Danmarksserien,Pulje 7,385826,3 03-10-2020,1. DD,1,DD,Frem - Hellebæk,Dragør,"Mette Petersen, Emma Olsen","Louise Fogelstrøm, Maria Glavind","9596, 264691","13977, 77621",,away,Dragør,D
2020,1,1,-3,13230,Danmarksserien,Pulje 7,385826,3 03-10-2020,2. DD,2,DD,Frem - Hellebæk,Dragør,"Signe Knudsen, Sarah Nommesen","Maiken Raagaard, Nadia El Aref","213579, 264694","12395, 12858","8-21, 8-21",away,Dragør,
2020,1,1,-3,13230,Danmarksserien,Pulje 7,385826,3 03-10-2020,1. HD,1,HD,Frem - Hellebæk,Dragør,"Kasper Ødum, Marcus Piittala","Gregers Schytt, Peter Heide","12174, 233100","10218, 251483","15-21, 21-15, 21-15",home,Frem - Hellebæk,
2020,1,1,-3,13230,Danmarksserien,Pulje 7,385826,3 03-10-2020,2. HD,2,HD,Frem - Hellebæk,Dragør,"Mikkel Skov Sørensen, Emil Jacobsen","Anders H. Mosegaard, Martin Elleby Berg","166482, 77197","55547, 70416","21-16, 21-16",home,Frem - Hellebæk,
2020,1,1,-3,13230,Danmarksserien,Pulje 7,385826,3 03-10-2020,3. HD,3,HD,Frem - Hellebæk,Dragør,"Stig Erdmann Reinicke, Simon Manstrup","Mark Haals, Morten Madsen","247866, 85634","67311, 11178","15-21, 10-21",away,Dragør,
2020,1,1,-3,13230,Danmarksserien,Pulje 7,385827,3 03-10-2020,1. MD,1,MD,SAIF Kbh. 2,Drive 2,"Michael Stuart Christensen, Tina Brix Nyhuus","Jeppe Kvistgaard, Mette Nielsen","18036, 57632","48398, 54861","15-21, 21-13, 18-21",away,Drive 2,
2020,1,1,-3,13230,Danmarksserien,Pulje 7,385827,3 03-10-2020,2. MD,2,MD,SAIF Kbh. 2,Drive 2,"Rasmus Thage, Pernille Eskesen","Christian Westergaard Nielsen, Ida Holte Thorius","45496, 72194","33906, 43215","12-21, 7-21",away,Drive 2,
2020,1,1,-3,13230,Danmarksserien,Pulje 7,385827,3 03-10-2020,1. DS,1,DS,SAIF Kbh. 2,Drive 2,Maya Lü,Nadja Jacobsen,58561,68063,"21-12, 24-22",home,SAIF Kbh. 2,
2020,1,1,-3,13230,Danmarksserien,Pulje 7,385827,3 03-10-2020,2. DS,2,DS,SAIF Kbh. 2,Drive 2,Keike Schröder (EU),Marie Louise Albers,60785,20362,"14-21, 16-21",away,Drive 2,
2020,1,1,-3,13230,Danmarksserien,Pulje 7,385827,3 03-10-2020,1. HS,1,HS,SAIF Kbh. 2,Drive 2,Ditlev Melgaard,Michael Bjerregaard,210850,46308,"13-21, 8-21",away,Drive 2,
2020,1,1,-3,13230,Danmarksserien,Pulje 7,385827,3 03-10-2020,2. HS,2,HS,SAIF Kbh. 2,Drive 2,Frank Jelstrup,Morten Dannerfjord Henningsen,14413,157879,"13-21, 11-21",away,Drive 2,
2020,1,1,-3,13230,Danmarksserien,Pulje 7,385827,3 03-10-2020,3. HS,3,HS,SAIF Kbh. 2,Drive 2,Kristian Nielsen,Mads Nerup Nielsen,33331,41328,"22-20, 16-21, 12-21",away,Drive 2,
2020,1,1,-3,13230,Danmarksserien,Pulje 7,385827,3 03-10-2020,4. HS,4,HS,SAIF Kbh. 2,Drive 2,Mathias Bo Nielsen,Christoffer Højtved Rossmann,155817,40376,"21-19, 25-23",home,SAIF Kbh. 2,
2020,1,1,-3,13230,Danmarksserien,Pulje 7,385827,3 03-10-2020,1. DD,1,DD,SAIF Kbh. 2,Drive 2,"Tina Brix Nyhuus, Maya Lü","Ida Holte Thorius, Marie Louise Albers","57632, 58561","43215, 20362","8-21, 4-21",away,Drive 2,
2020,1,1,-3,13230,Danmarksserien,Pulje 7,385827,3 03-10-2020,2. DD,2,DD,SAIF Kbh. 2,Drive 2,"Keike Schröder (EU), Pernille Eskesen","Nadja Jacobsen, Mette Nielsen","60785, 72194","68063, 54861","12-21, 10-21",away,Drive 2,
2020,1,1,-3,13230,Danmarksserien,Pulje 7,385827,3 03-10-2020,1. HD,1,HD,SAIF Kbh. 2,Drive 2,"Ditlev Melgaard, Mathias Bo Nielsen","Christoffer Højtved Rossmann, Christian Westergaard Nielsen","210850, 155817","40376, 33906","19-21, 15-21",away,Drive 2,
2020,1,1,-3,13230,Danmarksserien,Pulje 7,385827,3 03-10-2020,2. HD,2,HD,SAIF Kbh. 2,Drive 2,"Michael Stuart Christensen, Frank Jelstrup","Morten Dannerfjord Henningsen, Mads Nerup Nielsen","18036, 14413","157879, 41328","21-18, 17-21, 14-21",away,Drive 2,
2020,1,1,-3,13230,Danmarksserien,Pulje 7,385827,3 03-10-2020,3. HD,3,HD,SAIF Kbh. 2,Drive 2,"Kristian Nielsen, Rasmus Thage","Michael Bjerregaard, Jeppe Kvistgaard","33331, 45496","46308, 48398","6-21, 3-21",away,Drive 2,
2020,1,1,-3,13230,Danmarksserien,Pulje 7,385828,3 03-10-2020,1. MD,1,MD,Charlottenlund 2,Holte 3,"Glenn Lyng Andersen, Marie-Louise Juul Ulrich","Mikael Skov Mikkelsen, Kristine Thorsen","11031, 61885","12208, 132273","19-21, 21-15, 21-10",home,Charlottenlund 2,
2020,1,1,-3,13230,Danmarksserien,Pulje 7,385828,3 03-10-2020,2. MD,2,MD,Charlottenlund 2,Holte 3,"Nicolas Stampe, Emilie Preskou","Henrik Olsson Mandsberg, Kathrine Grandahl Hougaard","32700, 36320","13546, 10084","21-13, 21-16",home,Charlottenlund 2,
2020,1,1,-3,13230,Danmarksserien,Pulje 7,385828,3 03-10-2020,1. DS,1,DS,Charlottenlund 2,Holte 3,Freja Falk Mollerup,Julie Schmidt Hansen,81035,37860,"19-21, 21-23",away,Holte 3,
2020,1,1,-3,13230,Danmarksserien,Pulje 7,385828,3 03-10-2020,2. DS,2,DS,Charlottenlund 2,Holte 3,Amalie Maria Jørgensen,Amalie Hassan,81495,155953,"21-23, 18-21",away,Holte 3,
2020,1,1,-3,13230,Danmarksserien,Pulje 7,385828,3 03-10-2020,1. HS,1,HS,Charlottenlund 2,Holte 3,Jacob Yrfelt,Lars Jungsberg,47337,11193,"21-15, 21-11",home,Charlottenlund 2,
2020,1,1,-3,13230,Danmarksserien,Pulje 7,385828,3 03-10-2020,2. HS,2,HS,Charlottenlund 2,Holte 3,Thomas Bruun Pedersen,Peter Bjerken,13381,78756,"22-20, 21-9",home,Charlottenlund 2,
2020,1,1,-3,13230,Danmarksserien,Pulje 7,385828,3 03-10-2020,3. HS,3,HS,Charlottenlund 2,Holte 3,Anders Gustaf Jørgensen,Mattis Enkebølle Nielsen,48388,170890,"21-14, 21-15",home,Charlottenlund 2,
2020,1,1,-3,13230,Danmarksserien,Pulje 7,385828,3 03-10-2020,4. HS,4,HS,Charlottenlund 2,Holte 3,Thomas Madsen,Nicolai Alexander Kragh Tostenæs,8715,214232,"21-10, 21-7",home,Charlottenlund 2,
2020,1,1,-3,13230,Danmarksserien,Pulje 7,385828,3 03-10-2020,1. DD,1,DD,Charlottenlund 2,Holte 3,"Freja Falk Mollerup, Marie-Louise Juul Ulrich","Julie Schmidt Hansen, Kathrine Grandahl Hougaard","81035, 61885","37860, 10084","21-17, 21-12",home,Charlottenlund 2,
2020,1,1,-3,13230,Danmarksserien,Pulje 7,385828,3 03-10-2020,2. DD,2,DD,Charlottenlund 2,Holte 3,"Amalie Maria Jørgensen, Emilie Preskou","Kristine Thorsen, Amalie Hassan","81495, 36320","132273, 155953","22-20, 21-8",home,Charlottenlund 2,
2020,1,1,-3,13230,Danmarksserien,Pulje 7,385828,3 03-10-2020,1. HD,1,HD,Charlottenlund 2,Holte 3,"Thomas Bruun Pedersen, Glenn Lyng Andersen","Lars Jungsberg, Henrik Olsson Mandsberg","13381, 11031","11193, 13546","21-8, 21-18",home,Charlottenlund 2,
2020,1,1,-3,13230,Danmarksserien,Pulje 7,385828,3 03-10-2020,2. HD,2,HD,Charlottenlund 2,Holte 3,"Nicolas Stampe, Thomas Madsen","Mikael Skov Mikkelsen, Peter Bjerken","32700, 8715","12208, 78756","22-20, 21-14",home,Charlottenlund 2,
2020,1,1,-3,13230,Danmarksserien,Pulje 7,385828,3 03-10-2020,3. HD,3,HD,Charlottenlund 2,Holte 3,"Jacob Yrfelt, Anders Gustaf Jørgensen","Mattis Enkebølle Nielsen, Nicolai Alexander Kragh Tostenæs","47337, 48388","170890, 214232","21-10, 21-15",home,Charlottenlund 2,
2020,1,1,-3,13230,Danmarksserien,Pulje 7,385829,3 03-10-2020,1. MD,1,MD,Gladsaxe Søborg 2,Birkerød BK13,"Morten Jonas Maltesen, Rikke Krawcyk","Michael Jensen, Birgitte Weber Nielsen","12759, 12061","13238, 11403","19-21, 19-21",away,Birkerød BK13,
2020,1,1,-3,13230,Danmarksserien,Pulje 7,385829,3 03-10-2020,2. MD,2,MD,Gladsaxe Søborg 2,Birkerød BK13,"Lauge Nissen, Stine Louise Knudsen","Michael Lykke Jørgensen, Pernille Ammundsen","62736, 14568","14545, 13019","14-21, 21-17, 17-21",away,Birkerød BK13,
2020,1,1,-3,13230,Danmarksserien,Pulje 7,385829,3 03-10-2020,1. DS,1,DS,Gladsaxe Søborg 2,Birkerød BK13,Simone Møller Jensen,Marie Erikson,58690,13340,"14-21, 21-18, 21-15",home,Gladsaxe Søborg 2,
2020,1,1,-3,13230,Danmarksserien,Pulje 7,385829,3 03-10-2020,2. DS,2,DS,Gladsaxe Søborg 2,Birkerød BK13,Camilla Edfors Terkildsen,Signe Eilersen Bouet,199069,231543,"21-19, 19-21, 22-20",home,Gladsaxe Søborg 2,
2020,1,1,-3,13230,Danmarksserien,Pulje 7,385829,3 03-10-2020,1. HS,1,HS,Gladsaxe Søborg 2,Birkerød BK13,Rasmus Holmslykke Andersen,Jacob Chemnitz,45550,278523,"21-19, 21-18",home,Gladsaxe Søborg 2,
2020,1,1,-3,13230,Danmarksserien,Pulje 7,385829,3 03-10-2020,2. HS,2,HS,Gladsaxe Søborg 2,Birkerød BK13,Claus Christophersen,Frank Andersen,13982,12987,"13-21, 14-21",away,Birkerød BK13,
2020,1,1,-3,13230,Danmarksserien,Pulje 7,385829,3 03-10-2020,3. HS,3,HS,Gladsaxe Søborg 2,Birkerød BK13,Oliver Frei,Henrik Heering,229287,320993,"14-21, 22-24",away,Birkerød BK13,
2020,1,1,-3,13230,Danmarksserien,Pulje 7,385829,3 03-10-2020,4. HS,4,HS,Gladsaxe Søborg 2,Birkerød BK13,Brian Oddershede,Casper Aagaard Hansen,15489,13705,"18-21, 21-15, 21-15",home,Gladsaxe Søborg 2,
2020,1,1,-3,13230,Danmarksserien,Pulje 7,385829,3 03-10-2020,1. DD,1,DD,Gladsaxe Søborg 2,Birkerød BK13,"Rikke Krawcyk, Camilla Edfors Terkildsen","Pernille Ammundsen, Birgitte Weber Nielsen","12061, 199069","13019, 11403","15-21, 13-21",away,Birkerød BK13,
2020,1,1,-3,13230,Danmarksserien,Pulje 7,385829,3 03-10-2020,2. DD,2,DD,Gladsaxe Søborg 2,Birkerød BK13,"Stine Louise Knudsen, Simone Møller Jensen","Marie Erikson, Signe Eilersen Bouet","14568, 58690","13340, 231543","20-22, 16-21",away,Birkerød BK13,
2020,1,1,-3,13230,Danmarksserien,Pulje 7,385829,3 03-10-2020,1. HD,1,HD,Gladsaxe Søborg 2,Birkerød BK13,"Morten Jonas Maltesen, Rasmus Holmslykke Andersen","Jacob Chemnitz, Michael Jensen","12759, 45550","278523, 13238","21-17, 13-21, 19-21",away,Birkerød BK13,
2020,1,1,-3,13230,Danmarksserien,Pulje 7,385829,3 03-10-2020,2. HD,2,HD,Gladsaxe Søborg 2,Birkerød BK13,"Lauge Nissen, Claus Christophersen","Henrik Heering, Frank Andersen","62736, 13982","320993, 12987","21-16, 12-21, 6-21",away,Birkerød BK13,
2020,1,1,-3,13230,Danmarksserien,Pulje 7,385829,3 03-10-2020,3. HD,3,HD,Gladsaxe Søborg 2,Birkerød BK13,"Oliver Frei, Brian Oddershede","Casper Aagaard Hansen, Michael Lykke Jørgensen","229287, 15489","13705, 14545","17-21, 17-21",away,Birkerød BK13,
2020,1,1,-3,13230,Danmarksserien,Pulje 7,385830,4 24-10-2020,1. MD,1,MD,Drive 2,Frem - Hellebæk,"Jeppe Kvistgaard, Katrine K Jensen","Mikkel Skov Sørensen, Mette Petersen","48398, 45176","166482, 9596","21-19, 21-9",home,Drive 2,
2020,1,1,-3,13230,Danmarksserien,Pulje 7,385830,4 24-10-2020,2. MD,2,MD,Drive 2,Frem - Hellebæk,"Christian Westergaard Nielsen, Ida Holte Thorius","Emil Jacobsen, Sarah Nommesen","33906, 43215","77197, 264694","21-7, 21-10",home,Drive 2,
2020,1,1,-3,13230,Danmarksserien,Pulje 7,385830,4 24-10-2020,1. DS,1,DS,Drive 2,Frem - Hellebæk,Marie Louise Albers,Emma Olsen,20362,264691,"21-7, 21-7",home,Drive 2,
2020,1,1,-3,13230,Danmarksserien,Pulje 7,385830,4 24-10-2020,2. DS,2,DS,Drive 2,Frem - Hellebæk,Line Høffner,Signe Knudsen,61006,213579,"21-10, 21-5",home,Drive 2,
2020,1,1,-3,13230,Danmarksserien,Pulje 7,385830,4 24-10-2020,1. HS,1,HS,Drive 2,Frem - Hellebæk,Michael Bjerregaard,Stephan Wojcikiewicz (EU),46308,12715,"16-21, 16-21",away,Frem - Hellebæk,
2020,1,1,-3,13230,Danmarksserien,Pulje 7,385830,4 24-10-2020,2. HS,2,HS,Drive 2,Frem - Hellebæk,Mads Nerup Nielsen,Kasper Ødum,41328,12174,"26-24, 15-21, 9-21",away,Frem - Hellebæk,
2020,1,1,-3,13230,Danmarksserien,Pulje 7,385830,4 24-10-2020,3. HS,3,HS,Drive 2,Frem - Hellebæk,Morten Dannerfjord Henningsen,Marcus Piittala,157879,233100,"20-22, 21-19, 18-21",away,Frem - Hellebæk,
2020,1,1,-3,13230,Danmarksserien,Pulje 7,385830,4 24-10-2020,4. HS,4,HS,Drive 2,Frem - Hellebæk,Christoffer Højtved Rossmann,Jacob Munk Hansen,40376,35030,"21-12, 21-17",home,Drive 2,
2020,1,1,-3,13230,Danmarksserien,Pulje 7,385830,4 24-10-2020,1. DD,1,DD,Drive 2,Frem - Hellebæk,"Ida Holte Thorius, Marie Louise Albers","Mette Petersen, Sarah Nommesen","43215, 20362","9596, 264694","21-2, 21-3",home,Drive 2,
2020,1,1,-3,13230,Danmarksserien,Pulje 7,385830,4 24-10-2020,2. DD,2,DD,Drive 2,Frem - Hellebæk,"Katrine K Jensen, Line Høffner","Emma Olsen, Signe Knudsen","45176, 61006","264691, 213579","21-5, 21-5",home,Drive 2,
2020,1,1,-3,13230,Danmarksserien,Pulje 7,385830,4 24-10-2020,1. HD,1,HD,Drive 2,Frem - Hellebæk,"Christian Westergaard Nielsen, Christoffer Højtved Rossmann","Kasper Ødum, Jacob Munk Hansen","33906, 40376","12174, 35030","14-21, 21-5, 21-14",home,Drive 2,
2020,1,1,-3,13230,Danmarksserien,Pulje 7,385830,4 24-10-2020,2. HD,2,HD,Drive 2,Frem - Hellebæk,"Morten Dannerfjord Henningsen, Mads Nerup Nielsen","Stephan Wojcikiewicz (EU), Mikkel Skov Sørensen","157879, 41328","12715, 166482","21-14, 21-13",home,Drive 2,
2020,1,1,-3,13230,Danmarksserien,Pulje 7,385830,4 24-10-2020,3. HD,3,HD,Drive 2,Frem - Hellebæk,"Michael Bjerregaard, Jeppe Kvistgaard","Marcus Piittala, Emil Jacobsen","46308, 48398","233100, 77197","21-16, 23-21",home,Drive 2,
2020,1,1,-3,13230,Danmarksserien,Pulje 7,385831,4 24-10-2020,1. MD,1,MD,Holte 3,SAIF Kbh. 2,"Claus Bajlum, Kathrine Grandahl Hougaard","Mika Koskenneva, Tina Brix Nyhuus","10671, 10084","250641, 57632","13-21, 23-21, 17-21",away,SAIF Kbh. 2,
2020,1,1,-3,13230,Danmarksserien,Pulje 7,385831,4 24-10-2020,2. MD,2,MD,Holte 3,SAIF Kbh. 2,"Mattis Enkebølle Nielsen, Kristine Thorsen","Marc Halgreen, Pernille Eskesen","170890, 132273","24161, 72194","21-17, 21-16",home,Holte 3,
2020,1,1,-3,13230,Danmarksserien,Pulje 7,385831,4 24-10-2020,1. DS,1,DS,Holte 3,SAIF Kbh. 2,Amalie Hassan,Keike Schröder (EU),155953,60785,"21-14, 16-21, 15-21",away,SAIF Kbh. 2,
2020,1,1,-3,13230,Danmarksserien,Pulje 7,385831,4 24-10-2020,2. DS,2,DS,Holte 3,SAIF Kbh. 2,Cecilie Hassan,Cecilie Li Hansen,66981,325576,"16-21, 17-21",away,SAIF Kbh. 2,
2020,1,1,-3,13230,Danmarksserien,Pulje 7,385831,4 24-10-2020,1. HS,1,HS,Holte 3,SAIF Kbh. 2,Henrik Olsson Mandsberg,Frank Jelstrup,13546,14413,"21-14, 17-21, 22-24",away,SAIF Kbh. 2,
2020,1,1,-3,13230,Danmarksserien,Pulje 7,385831,4 24-10-2020,2. HS,2,HS,Holte 3,SAIF Kbh. 2,Lars Jungsberg,Michael Stuart Christensen,11193,18036,"11-21, 13-21",away,SAIF Kbh. 2,
2020,1,1,-3,13230,Danmarksserien,Pulje 7,385831,4 24-10-2020,3. HS,3,HS,Holte 3,SAIF Kbh. 2,Peter Bjerken,Søren Sand,78756,14479,"21-12, 15-21, 13-21",away,SAIF Kbh. 2,
2020,1,1,-3,13230,Danmarksserien,Pulje 7,385831,4 24-10-2020,4. HS,4,HS,Holte 3,SAIF Kbh. 2,Mikkel Loesch,Mathias Bo Nielsen,210632,155817,"19-21, 21-17, 14-21",away,SAIF Kbh. 2,
2020,1,1,-3,13230,Danmarksserien,Pulje 7,385831,4 24-10-2020,1. DD,1,DD,Holte 3,SAIF Kbh. 2,"Kathrine Grandahl Hougaard, Kristine Thorsen","Tina Brix Nyhuus, Keike Schröder (EU)","10084, 132273","57632, 60785","18-21, 15-21",away,SAIF Kbh. 2,
2020,1,1,-3,13230,Danmarksserien,Pulje 7,385831,4 24-10-2020,2. DD,2,DD,Holte 3,SAIF Kbh. 2,"Amalie Hassan, Cecilie Hassan","Cecilie Li Hansen, Pernille Eskesen","155953, 66981","325576, 72194","11-21, 22-24",away,SAIF Kbh. 2,
2020,1,1,-3,13230,Danmarksserien,Pulje 7,385831,4 24-10-2020,1. HD,1,HD,Holte 3,SAIF Kbh. 2,"Henrik Olsson Mandsberg, Lars Jungsberg","Mathias Bo Nielsen, Michael Stuart Christensen","13546, 11193","155817, 18036","11-21, 28-26, 11-21",away,SAIF Kbh. 2,
2020,1,1,-3,13230,Danmarksserien,Pulje 7,385831,4 24-10-2020,2. HD,2,HD,Holte 3,SAIF Kbh. 2,"Claus Bajlum, Peter Bjerken","Frank Jelstrup, Søren Sand","10671, 78756","14413, 14479","15-21, 18-21",away,SAIF Kbh. 2,
2020,1,1,-3,13230,Danmarksserien,Pulje 7,385831,4 24-10-2020,3. HD,3,HD,Holte 3,SAIF Kbh. 2,"Mattis Enkebølle Nielsen, Mikkel Loesch","Marc Halgreen, Mika Koskenneva","170890, 210632","24161, 250641","21-17, 21-18",home,Holte 3,
2020,1,1,-3,13230,Danmarksserien,Pulje 7,385832,4 24-10-2020,1. MD,1,MD,Birkerød BK13,Charlottenlund 2,"Martin Weber Schmidt, Pernille Ammundsen","Glenn Lyng Andersen, Marie-Louise Juul Ulrich","13432, 13019","11031, 61885","21-17, 21-15",home,Birkerød BK13,
2020,1,1,-3,13230,Danmarksserien,Pulje 7,385832,4 24-10-2020,2. MD,2,MD,Birkerød BK13,Charlottenlund 2,"Michael Jensen, Birgitte Weber Nielsen","Nicolas Stampe, Emilie Preskou","13238, 11403","32700, 36320","18-21, 21-13, 21-14",home,Birkerød BK13,
2020,1,1,-3,13230,Danmarksserien,Pulje 7,385832,4 24-10-2020,1. DS,1,DS,Birkerød BK13,Charlottenlund 2,Nanna Brosolat Jensen,Freja Falk Mollerup,13996,81035,"21-13, 21-18",home,Birkerød BK13,
2020,1,1,-3,13230,Danmarksserien,Pulje 7,385832,4 24-10-2020,2. DS,2,DS,Birkerød BK13,Charlottenlund 2,Marie Erikson,Amalie Maria Jørgensen,13340,81495,"15-21, 15-21",away,Charlottenlund 2,
2020,1,1,-3,13230,Danmarksserien,Pulje 7,385832,4 24-10-2020,1. HS,1,HS,Birkerød BK13,Charlottenlund 2,Jacob Chemnitz,Jacob Yrfelt,278523,47337,"21-18, 21-18",home,Birkerød BK13,
2020,1,1,-3,13230,Danmarksserien,Pulje 7,385832,4 24-10-2020,2. HS,2,HS,Birkerød BK13,Charlottenlund 2,Henrik Heering,Thomas Bruun Pedersen,320993,13381,"19-21, 15-21",away,Charlottenlund 2,
2020,1,1,-3,13230,Danmarksserien,Pulje 7,385832,4 24-10-2020,3. HS,3,HS,Birkerød BK13,Charlottenlund 2,Frank Andersen,Anders Gustaf Jørgensen,12987,48388,"21-8, 7-21, 15-21",away,Charlottenlund 2,
2020,1,1,-3,13230,Danmarksserien,Pulje 7,385832,4 24-10-2020,4. HS,4,HS,Birkerød BK13,Charlottenlund 2,Casper Aagaard Hansen,Thomas Madsen,13705,8715,"14-21, 14-21",away,Charlottenlund 2,
2020,1,1,-3,13230,Danmarksserien,Pulje 7,385832,4 24-10-2020,1. DD,1,DD,Birkerød BK13,Charlottenlund 2,"Birgitte Weber Nielsen, Pernille Ammundsen","Freja Falk Mollerup, Marie-Louise Juul Ulrich","11403, 13019","81035, 61885","19-21, 24-22, 21-14",home,Birkerød BK13,
2020,1,1,-3,13230,Danmarksserien,Pulje 7,385832,4 24-10-2020,2. DD,2,DD,Birkerød BK13,Charlottenlund 2,"Marie Erikson, Nanna Brosolat Jensen","Amalie Maria Jørgensen, Emilie Preskou","13340, 13996","81495, 36320",,away,Charlottenlund 2,C
2020,1,1,-3,13230,Danmarksserien,Pulje 7,385832,4 24-10-2020,1. HD,1,HD,Birkerød BK13,Charlottenlund 2,"Martin Weber Schmidt, Michael Jensen","Glenn Lyng Andersen, Thomas Bruun Pedersen","13432, 13238","11031, 13381","19-21, 21-12, 21-11",home,Birkerød BK13,
2020,1,1,-3,13230,Danmarksserien,Pulje 7,385832,4 24-10-2020,2. HD,2,HD,Birkerød BK13,Charlottenlund 2,"Henrik Heering, Frank Andersen","Thomas Madsen, Nicolas Stampe","320993, 12987","8715, 32700","21-18, 19-21, 24-26",away,Charlottenlund 2,
2020,1,1,-3,13230,Danmarksserien,Pulje 7,385832,4 24-10-2020,3. HD,3,HD,Birkerød BK13,Charlottenlund 2,"Casper Aagaard Hansen, Jacob Chemnitz","Anders Gustaf Jørgensen, Jacob Yrfelt","13705, 278523","48388, 47337","21-17, 21-16",home,Birkerød BK13,
2020,1,1,-3,13230,Danmarksserien,Pulje 7,385833,4 24-10-2020,1. MD,1,MD,Dragør,Gladsaxe Søborg 2,"Mark Haals, Maiken Raagaard","Morten Jonas Maltesen, Rikke Krawcyk","67311, 12395","12759, 12061","21-12, 22-20",home,Dragør,
2020,1,1,-3,13230,Danmarksserien,Pulje 7,385833,4 24-10-2020,2. MD,2,MD,Dragør,Gladsaxe Søborg 2,"Troels Jakobsen, Maria Glavind","Lauge Nissen, Lene Sørensen","9319, 77621","62736, 14764","21-16, 21-11",home,Dragør,
2020,1,1,-3,13230,Danmarksserien,Pulje 7,385833,4 24-10-2020,1. DS,1,DS,Dragør,Gladsaxe Søborg 2,Louise Fogelstrøm,Camilla Edfors Terkildsen,13977,199069,"21-6, 21-6",home,Dragør,
2020,1,1,-3,13230,Danmarksserien,Pulje 7,385833,4 24-10-2020,2. DS,2,DS,Dragør,Gladsaxe Søborg 2,Nadia El Aref,Cecilie Gry Beder,12858,210882,"21-12, 21-4",home,Dragør,
2020,1,1,-3,13230,Danmarksserien,Pulje 7,385833,4 24-10-2020,1. HS,1,HS,Dragør,Gladsaxe Søborg 2,Gregers Schytt,Jonathan W. Hansen,10218,93216,"21-13, 21-13",home,Dragør,
2020,1,1,-3,13230,Danmarksserien,Pulje 7,385833,4 24-10-2020,2. HS,2,HS,Dragør,Gladsaxe Søborg 2,Morten Madsen,Rasmus Holmslykke Andersen,11178,45550,"21-15, 21-3",home,Dragør,
2020,1,1,-3,13230,Danmarksserien,Pulje 7,385833,4 24-10-2020,3. HS,3,HS,Dragør,Gladsaxe Søborg 2,Peter Heide,Claus Christophersen,251483,13982,"21-15, 19-21, 21-14",home,Dragør,
2020,1,1,-3,13230,Danmarksserien,Pulje 7,385833,4 24-10-2020,4. HS,4,HS,Dragør,Gladsaxe Søborg 2,Martin Elleby Berg,Brian Oddershede,70416,15489,"21-14, 21-15",home,Dragør,
2020,1,1,-3,13230,Danmarksserien,Pulje 7,385833,4 24-10-2020,1. DD,1,DD,Dragør,Gladsaxe Søborg 2,"Louise Fogelstrøm, Maria Glavind","Camilla Edfors Terkildsen, Lene Sørensen","13977, 77621","199069, 14764","21-7, 21-14",home,Dragør,
2020,1,1,-3,13230,Danmarksserien,Pulje 7,385833,4 24-10-2020,2. DD,2,DD,Dragør,Gladsaxe Søborg 2,"Nadia El Aref, Maiken Raagaard","Rikke Krawcyk, Cecilie Gry Beder","12858, 12395","12061, 210882","21-17, 21-11",home,Dragør,
2020,1,1,-3,13230,Danmarksserien,Pulje 7,385833,4 24-10-2020,1. HD,1,HD,Dragør,Gladsaxe Søborg 2,"Gregers Schytt, Peter Heide","Morten Jonas Maltesen, Rasmus Holmslykke Andersen","10218, 251483","12759, 45550","21-13, 21-17",home,Dragør,
2020,1,1,-3,13230,Danmarksserien,Pulje 7,385833,4 24-10-2020,2. HD,2,HD,Dragør,Gladsaxe Søborg 2,"Troels Jakobsen, Martin Elleby Berg","Claus Christophersen, Lauge Nissen","9319, 70416","13982, 62736","19-21, 29-30",away,Gladsaxe Søborg 2,
2020,1,1,-3,13230,Danmarksserien,Pulje 7,385833,4 24-10-2020,3. HD,3,HD,Dragør,Gladsaxe Søborg 2,"Mark Haals, Morten Madsen","Brian Oddershede, Jonathan W. Hansen","67311, 11178","15489, 93216","21-18, 21-19",home,Dragør,
2020,1,1,-3,13231,Danmarksserien,Pulje 8,385846,1 05-09-2020,1. MD,1,MD,KSI Badmintonklub Kbh.,Vordingborg,"Nikolaj Petersen, Laura Hvid Kristensen","Oliver Koch, Dorthe Johnsen","77495, 64313","2917, 7145","19-21, 22-20, 21-14",home,KSI Badmintonklub Kbh.,
2020,1,1,-3,13231,Danmarksserien,Pulje 8,385846,1 05-09-2020,2. MD,2,MD,KSI Badmintonklub Kbh.,Vordingborg,"Mikkel Orvad, Rikke Lytsen","Mathias Nielsen, Gitte Larsen","29458, 69120","3193, 11198","14-21, 15-21",away,Vordingborg,
2020,1,1,-3,13231,Danmarksserien,Pulje 8,385846,1 05-09-2020,1. DS,1,DS,KSI Badmintonklub Kbh.,Vordingborg,Rikke Tetzschner,Emilie Bagger Lejre,55306,1214,"21-18, 21-16",home,KSI Badmintonklub Kbh.,
2020,1,1,-3,13231,Danmarksserien,Pulje 8,385846,1 05-09-2020,2. DS,2,DS,KSI Badmintonklub Kbh.,Vordingborg,Maja Bruun Nielsen,Nadia Sawangjai Mortensen,165244,230690,"21-7, 21-18",home,KSI Badmintonklub Kbh.,
2020,1,1,-3,13231,Danmarksserien,Pulje 8,385846,1 05-09-2020,1. HS,1,HS,KSI Badmintonklub Kbh.,Vordingborg,Daniel Lauridsen,Bo Rafn,62868,10969,"19-21, 10-21",away,Vordingborg,
2020,1,1,-3,13231,Danmarksserien,Pulje 8,385846,1 05-09-2020,2. HS,2,HS,KSI Badmintonklub Kbh.,Vordingborg,Andreas Straarup,Simon Zachodnik,198662,13448,"21-23, 19-21",away,Vordingborg,
2020,1,1,-3,13231,Danmarksserien,Pulje 8,385846,1 05-09-2020,3. HS,3,HS,KSI Badmintonklub Kbh.,Vordingborg,Tobias Jensen,Gustav Bagger Lejre,12590,2833,"15-21, 12-21",away,Vordingborg,
2020,1,1,-3,13231,Danmarksserien,Pulje 8,385846,1 05-09-2020,4. HS,4,HS,KSI Badmintonklub Kbh.,Vordingborg,Christian Lillelund,Sebastian Friis Holt,10003,29557,"12-21, 8-21",away,Vordingborg,
2020,1,1,-3,13231,Danmarksserien,Pulje 8,385846,1 05-09-2020,1. DD,1,DD,KSI Badmintonklub Kbh.,Vordingborg,"Laura Hvid Kristensen, Rikke Tetzschner","Dorthe Johnsen, Gitte Larsen","64313, 55306","7145, 11198","21-11, 21-12",home,KSI Badmintonklub Kbh.,
2020,1,1,-3,13231,Danmarksserien,Pulje 8,385846,1 05-09-2020,2. DD,2,DD,KSI Badmintonklub Kbh.,Vordingborg,"Maja Bruun Nielsen, Rikke Lytsen","Emilie Bagger Lejre, Nadia Sawangjai Mortensen","165244, 69120","1214, 230690","21-9, 21-12",home,KSI Badmintonklub Kbh.,
2020,1,1,-3,13231,Danmarksserien,Pulje 8,385846,1 05-09-2020,1. HD,1,HD,KSI Badmintonklub Kbh.,Vordingborg,"Andreas Straarup, Daniel Lauridsen","Bo Rafn, Simon Zachodnik","198662, 62868","10969, 13448","16-21, 21-14, 21-7",home,KSI Badmintonklub Kbh.,
2020,1,1,-3,13231,Danmarksserien,Pulje 8,385846,1 05-09-2020,2. HD,2,HD,KSI Badmintonklub Kbh.,Vordingborg,"Nikolaj Petersen, Tobias Jensen","Oliver Koch, Gustav Bagger Lejre","77495, 12590","2917, 2833","13-21, 14-21",away,Vordingborg,
2020,1,1,-3,13231,Danmarksserien,Pulje 8,385846,1 05-09-2020,3. HD,3,HD,KSI Badmintonklub Kbh.,Vordingborg,"Christian Lillelund, Mikkel Orvad","Sebastian Friis Holt, Mathias Nielsen","10003, 29458","29557, 3193","21-17, 10-21, 11-21",away,Vordingborg,
2020,1,1,-3,13231,Danmarksserien,Pulje 8,385847,1 05-09-2020,1. MD,1,MD,KBK Kbh. 2,Solrød Strand 5,"Oskar Tømming Larsen, Caroline Vestergård","Jesper Mikkelsen, Tina Reese Sørensen","91604, 80129","11038, 12188","21-15, 21-15",home,KBK Kbh. 2,
2020,1,1,-3,13231,Danmarksserien,Pulje 8,385847,1 05-09-2020,2. MD,2,MD,KBK Kbh. 2,Solrød Strand 5,"Felix Scheutz, Sofie Bæk","Jonathan Belisario, Signe Ravn","2437, 85155","211289, 172208","21-13, 21-12",home,KBK Kbh. 2,
2020,1,1,-3,13231,Danmarksserien,Pulje 8,385847,1 05-09-2020,1. DS,1,DS,KBK Kbh. 2,Solrød Strand 5,Amalie Dynnes Ørsted,Emilie Bang,13436,267174,"21-12, 21-11",home,KBK Kbh. 2,
2020,1,1,-3,13231,Danmarksserien,Pulje 8,385847,1 05-09-2020,2. DS,2,DS,KBK Kbh. 2,Solrød Strand 5,Matilde Nordal,Isabella Milton,91634,253383,"21-13, 21-15",home,KBK Kbh. 2,
2020,1,1,-3,13231,Danmarksserien,Pulje 8,385847,1 05-09-2020,1. HS,1,HS,KBK Kbh. 2,Solrød Strand 5,Mathis Kragh,Valdemar Flindt,91615,87818,"21-16, 20-22, 23-21",home,KBK Kbh. 2,
2020,1,1,-3,13231,Danmarksserien,Pulje 8,385847,1 05-09-2020,2. HS,2,HS,KBK Kbh. 2,Solrød Strand 5,Anton Tømming Larsen,Frederik Færch,86607,70204,"21-19, 25-23",home,KBK Kbh. 2,
2020,1,1,-3,13231,Danmarksserien,Pulje 8,385847,1 05-09-2020,3. HS,3,HS,KBK Kbh. 2,Solrød Strand 5,Gabriel Sung Thomsen,Mathias Bech,196717,115370,"21-16, 21-14",home,KBK Kbh. 2,
2020,1,1,-3,13231,Danmarksserien,Pulje 8,385847,1 05-09-2020,4. HS,4,HS,KBK Kbh. 2,Solrød Strand 5,Villads Narv Welling,Philip Klinke,212455,132323,"21-14, 21-18",home,KBK Kbh. 2,
2020,1,1,-3,13231,Danmarksserien,Pulje 8,385847,1 05-09-2020,1. DD,1,DD,KBK Kbh. 2,Solrød Strand 5,"Amalie Dynnes Ørsted, Caroline Vestergård","Tina Reese Sørensen, Signe Ravn","13436, 80129","12188, 172208","23-21, 21-15",home,KBK Kbh. 2,
2020,1,1,-3,13231,Danmarksserien,Pulje 8,385847,1 05-09-2020,2. DD,2,DD,KBK Kbh. 2,Solrød Strand 5,"Matilde Nordal, Sofie Bæk","Isabella Milton, Emilie Bang","91634, 85155","253383, 267174","14-21, 16-21",away,Solrød Strand 5,
2020,1,1,-3,13231,Danmarksserien,Pulje 8,385847,1 05-09-2020,1. HD,1,HD,KBK Kbh. 2,Solrød Strand 5,"Oskar Tømming Larsen, Felix Scheutz","Jesper Mikkelsen, Valdemar Flindt","91604, 2437","11038, 87818","21-15, 21-18",home,KBK Kbh. 2,
2020,1,1,-3,13231,Danmarksserien,Pulje 8,385847,1 05-09-2020,2. HD,2,HD,KBK Kbh. 2,Solrød Strand 5,"Anton Tømming Larsen, Villads Narv Welling","Jonathan Belisario, Philip Klinke","86607, 212455","211289, 132323","21-19, 21-19",home,KBK Kbh. 2,
2020,1,1,-3,13231,Danmarksserien,Pulje 8,385847,1 05-09-2020,3. HD,3,HD,KBK Kbh. 2,Solrød Strand 5,"Mathis Kragh, Gabriel Sung Thomsen","Mathias Bech, Frederik Færch","91615, 196717","115370, 70204","21-15, 21-16",home,KBK Kbh. 2,
2020,1,1,-3,13231,Danmarksserien,Pulje 8,385848,1 05-09-2020,1. MD,1,MD,Herlev Badminton 2,Greve 4,"Daniel Bjerre Hecht, Nete Kjær Gabel","Saif Ali Tahir, Rikke Blume","61410, 8692","256413, 115941","22-20, 21-19",home,Herlev Badminton 2,
2020,1,1,-3,13231,Danmarksserien,Pulje 8,385848,1 05-09-2020,2. MD,2,MD,Herlev Badminton 2,Greve 4,"Carsten Brink, Dorthe Brink","William Sigdal, Xenia Pedersen","11378, 12383","222960, 165281","21-19, 21-14",home,Herlev Badminton 2,
2020,1,1,-3,13231,Danmarksserien,Pulje 8,385848,1 05-09-2020,1. DS,1,DS,Herlev Badminton 2,Greve 4,Tanja Mortensen,Mathilde Hansen,62832,243725,"21-23, 21-14, 21-15",home,Herlev Badminton 2,
2020,1,1,-3,13231,Danmarksserien,Pulje 8,385848,1 05-09-2020,2. DS,2,DS,Herlev Badminton 2,Greve 4,Jessie Schytte,Mette Blume,18331,115942,"20-22, 21-18, 13-21",away,Greve 4,
2020,1,1,-3,13231,Danmarksserien,Pulje 8,385848,1 05-09-2020,1. HS,1,HS,Herlev Badminton 2,Greve 4,Bo Zølner,Jacob Thyge,57896,91821,"8-21, 21-16, 8-21",away,Greve 4,
2020,1,1,-3,13231,Danmarksserien,Pulje 8,385848,1 05-09-2020,2. HS,2,HS,Herlev Badminton 2,Greve 4,Kenneth Erichsen,Anton Seerup Jensen,10061,167893,"21-19, 21-18",home,Herlev Badminton 2,
2020,1,1,-3,13231,Danmarksserien,Pulje 8,385848,1 05-09-2020,3. HS,3,HS,Herlev Badminton 2,Greve 4,Patrick Sylow Gluud,Jonas Berg,159251,3119,"18-21, 18-21",away,Greve 4,
2020,1,1,-3,13231,Danmarksserien,Pulje 8,385848,1 05-09-2020,4. HS,4,HS,Herlev Badminton 2,Greve 4,Joachim Weng Petersen,Mads Fejer Christiansen,47737,159108,"21-12, 21-15",home,Herlev Badminton 2,
2020,1,1,-3,13231,Danmarksserien,Pulje 8,385848,1 05-09-2020,1. DD,1,DD,Herlev Badminton 2,Greve 4,"Tanja Mortensen, Dorthe Brink","Xenia Pedersen, Rikke Blume","62832, 12383","165281, 115941","21-19, 11-21, 12-21",away,Greve 4,
2020,1,1,-3,13231,Danmarksserien,Pulje 8,385848,1 05-09-2020,2. DD,2,DD,Herlev Badminton 2,Greve 4,"Nete Kjær Gabel, Jessie Schytte","Mathilde Hansen, Mette Blume","8692, 18331","243725, 115942","21-17, 21-18",home,Herlev Badminton 2,
2020,1,1,-3,13231,Danmarksserien,Pulje 8,385848,1 05-09-2020,1. HD,1,HD,Herlev Badminton 2,Greve 4,"Kenneth Erichsen, Daniel Bjerre Hecht","Jacob Thyge, Jonas Berg","10061, 61410","91821, 3119","21-18, 19-21, 15-21",away,Greve 4,
2020,1,1,-3,13231,Danmarksserien,Pulje 8,385848,1 05-09-2020,2. HD,2,HD,Herlev Badminton 2,Greve 4,"Patrick Sylow Gluud, Carsten Brink","Anton Seerup Jensen, Mads Fejer Christiansen","159251, 11378","167893, 159108","21-17, 21-13",home,Herlev Badminton 2,
2020,1,1,-3,13231,Danmarksserien,Pulje 8,385848,1 05-09-2020,3. HD,3,HD,Herlev Badminton 2,Greve 4,"Bo Zølner, Joachim Weng Petersen","William Sigdal, Saif Ali Tahir","57896, 47737","222960, 256413","21-9, 21-13",home,Herlev Badminton 2,
2020,1,1,-3,13231,Danmarksserien,Pulje 8,385849,1 05-09-2020,1. MD,1,MD,Ringsted,KMB2010 3,"Jimmy Andersen, Sarah Kamper","Benjamin Gunnarstein, Julie Nørby-Odgaard","13076, 14614","49225, 52610","21-19, 23-21",home,Ringsted,
2020,1,1,-3,13231,Danmarksserien,Pulje 8,385849,1 05-09-2020,2. MD,2,MD,Ringsted,KMB2010 3,"Morten Walsø, Emilie Sommer","Jonas Jork Larsen, Caroline Mølgård","11825, 1163","51964, 78557","21-11, 23-21",home,Ringsted,
2020,1,1,-3,13231,Danmarksserien,Pulje 8,385849,1 05-09-2020,1. DS,1,DS,Ringsted,KMB2010 3,Anna Mikhalkova (udl.),Sine Nørby-Odgaard,324845,63731,"21-11, 21-14",home,Ringsted,
2020,1,1,-3,13231,Danmarksserien,Pulje 8,385849,1 05-09-2020,2. DS,2,DS,Ringsted,KMB2010 3,Laura Sommer,Christina Bilgrav,93661,74125,"12-21, 11-21",away,KMB2010 3,
2020,1,1,-3,13231,Danmarksserien,Pulje 8,385849,1 05-09-2020,1. HS,1,HS,Ringsted,KMB2010 3,Kasper Storkegård,Philip Samsøe,11723,69575,"21-19, 19-21, 25-27",away,KMB2010 3,
2020,1,1,-3,13231,Danmarksserien,Pulje 8,385849,1 05-09-2020,2. HS,2,HS,Ringsted,KMB2010 3,Matthew Abela,Magnus V. Petersen,291634,82140,"20-22, 18-21",away,KMB2010 3,
2020,1,1,-3,13231,Danmarksserien,Pulje 8,385849,1 05-09-2020,3. HS,3,HS,Ringsted,KMB2010 3,Kenneth Christiansen,Philip Stiborg,32447,210875,"21-8, 19-21, 21-17",home,Ringsted,
2020,1,1,-3,13231,Danmarksserien,Pulje 8,385849,1 05-09-2020,4. HS,4,HS,Ringsted,KMB2010 3,Anders Schwartzbach,Joao Fernandes,20074,305515,"21-17, 21-19",home,Ringsted,
2020,1,1,-3,13231,Danmarksserien,Pulje 8,385849,1 05-09-2020,1. DD,1,DD,Ringsted,KMB2010 3,"Anna Mikhalkova (udl.), Emilie Sommer","Caroline Mølgård, Sine Nørby-Odgaard","324845, 1163","78557, 63731","15-21, 21-11, 21-16",home,Ringsted,
2020,1,1,-3,13231,Danmarksserien,Pulje 8,385849,1 05-09-2020,2. DD,2,DD,Ringsted,KMB2010 3,"Laura Sommer, Sarah Kamper","Julie Nørby-Odgaard, Christina Bilgrav","93661, 14614","52610, 74125","17-21, 14-21",away,KMB2010 3,
2020,1,1,-3,13231,Danmarksserien,Pulje 8,385849,1 05-09-2020,1. HD,1,HD,Ringsted,KMB2010 3,"Jimmy Andersen, Kasper Storkegård","Philip Samsøe, Benjamin Gunnarstein","13076, 11723","69575, 49225","21-17, 12-21, 21-18",home,Ringsted,
2020,1,1,-3,13231,Danmarksserien,Pulje 8,385849,1 05-09-2020,2. HD,2,HD,Ringsted,KMB2010 3,"Kenneth Christiansen, Morten Walsø","Magnus V. Petersen, Jonas Jork Larsen","32447, 11825","82140, 51964","11-21, 21-16, 13-21",away,KMB2010 3,
2020,1,1,-3,13231,Danmarksserien,Pulje 8,385849,1 05-09-2020,3. HD,3,HD,Ringsted,KMB2010 3,"Anders Schwartzbach, Matthew Abela","Philip Stiborg, Joao Fernandes","20074, 291634","210875, 305515","21-14, 21-10",home,Ringsted,
2020,1,1,-3,13231,Danmarksserien,Pulje 8,385850,2 19-09-2020,1. MD,1,MD,Greve 4,KSI Badmintonklub Kbh.,"Martin Thorsager, Mette Blume","Nikolaj Petersen, Laura Hvid Kristensen","9513, 115942","77495, 64313","17-21, 13-21",away,KSI Badmintonklub Kbh.,
2020,1,1,-3,13231,Danmarksserien,Pulje 8,385850,2 19-09-2020,2. MD,2,MD,Greve 4,KSI Badmintonklub Kbh.,"Christian Andersen, Xenia Pedersen","Jacob Ravnborg, Rikke Tetzschner","224399, 165281","39833, 55306","21-16, 21-17",home,Greve 4,
2020,1,1,-3,13231,Danmarksserien,Pulje 8,385850,2 19-09-2020,1. DS,1,DS,Greve 4,KSI Badmintonklub Kbh.,Cathrine Rosengren,Maja Bruun Nielsen,86920,165244,"21-11, 21-7",home,Greve 4,
2020,1,1,-3,13231,Danmarksserien,Pulje 8,385850,2 19-09-2020,2. DS,2,DS,Greve 4,KSI Badmintonklub Kbh.,Mathilde Hansen,Signe Højstrup,243725,79875,"21-10, 21-6",home,Greve 4,
2020,1,1,-3,13231,Danmarksserien,Pulje 8,385850,2 19-09-2020,1. HS,1,HS,Greve 4,KSI Badmintonklub Kbh.,Jacob Thyge,Andreas Straarup,91821,198662,"21-14, 21-17",home,Greve 4,
2020,1,1,-3,13231,Danmarksserien,Pulje 8,385850,2 19-09-2020,2. HS,2,HS,Greve 4,KSI Badmintonklub Kbh.,Jonas Berg,Tobias Jensen,3119,12590,"17-21, 21-10, 21-15",home,Greve 4,
2020,1,1,-3,13231,Danmarksserien,Pulje 8,385850,2 19-09-2020,3. HS,3,HS,Greve 4,KSI Badmintonklub Kbh.,Mads Fejer Christiansen,Christian Lillelund,159108,10003,"21-19, 21-14",home,Greve 4,
2020,1,1,-3,13231,Danmarksserien,Pulje 8,385850,2 19-09-2020,4. HS,4,HS,Greve 4,KSI Badmintonklub Kbh.,Saif Ali Tahir,Søren Kildahl Jensen,256413,61813,"21-14, 22-20",home,Greve 4,
2020,1,1,-3,13231,Danmarksserien,Pulje 8,385850,2 19-09-2020,1. DD,1,DD,Greve 4,KSI Badmintonklub Kbh.,"Xenia Pedersen, Cathrine Rosengren","Laura Hvid Kristensen, Rikke Tetzschner","165281, 86920","64313, 55306","21-13, 21-14",home,Greve 4,
2020,1,1,-3,13231,Danmarksserien,Pulje 8,385850,2 19-09-2020,2. DD,2,DD,Greve 4,KSI Badmintonklub Kbh.,"Mette Blume, Mathilde Hansen","Maja Bruun Nielsen, Signe Højstrup","115942, 243725","165244, 79875","21-18, 21-17",home,Greve 4,
2020,1,1,-3,13231,Danmarksserien,Pulje 8,385850,2 19-09-2020,1. HD,1,HD,Greve 4,KSI Badmintonklub Kbh.,"Jacob Thyge, Jonas Berg","Andreas Straarup, Nikolaj Petersen","91821, 3119","198662, 77495","18-21, 14-21",away,KSI Badmintonklub Kbh.,
2020,1,1,-3,13231,Danmarksserien,Pulje 8,385850,2 19-09-2020,2. HD,2,HD,Greve 4,KSI Badmintonklub Kbh.,"Martin Thorsager, Christian Andersen","Tobias Jensen, Christian Lillelund","9513, 224399","12590, 10003","21-12, 21-13",home,Greve 4,
2020,1,1,-3,13231,Danmarksserien,Pulje 8,385850,2 19-09-2020,3. HD,3,HD,Greve 4,KSI Badmintonklub Kbh.,"Mads Fejer Christiansen, Saif Ali Tahir","Jacob Ravnborg, Søren Kildahl Jensen","159108, 256413","39833, 61813","21-17, 21-15",home,Greve 4,
2020,1,1,-3,13231,Danmarksserien,Pulje 8,385851,2 19-09-2020,1. MD,1,MD,KMB2010 3,KBK Kbh. 2,"Jonas Andersen, Sofie Nørby-Odgaard","Oskar Tømming Larsen, Caroline Vestergård","55445, 79331","91604, 80129","21-17, 21-15",home,KMB2010 3,
2020,1,1,-3,13231,Danmarksserien,Pulje 8,385851,2 19-09-2020,2. MD,2,MD,KMB2010 3,KBK Kbh. 2,"Jonas Jork Larsen, Caroline Mølgård","Søren Them, Sofie Bæk","51964, 78557","11744, 85155","21-12, 18-21, 17-21",away,KBK Kbh. 2,
2020,1,1,-3,13231,Danmarksserien,Pulje 8,385851,2 19-09-2020,1. DS,1,DS,KMB2010 3,KBK Kbh. 2,Camilla Bilgrav,Amalie Dynnes Ørsted,74126,13436,"13-21, 21-9, 19-21",away,KBK Kbh. 2,
2020,1,1,-3,13231,Danmarksserien,Pulje 8,385851,2 19-09-2020,2. DS,2,DS,KMB2010 3,KBK Kbh. 2,Emilie Schultz-Knudsen,Matilde Nordal,81591,91634,"21-16, 19-21, 10-21",away,KBK Kbh. 2,
2020,1,1,-3,13231,Danmarksserien,Pulje 8,385851,2 19-09-2020,1. HS,1,HS,KMB2010 3,KBK Kbh. 2,Magnus V. Petersen,Mathis Kragh,82140,91615,"21-16, 23-21",home,KMB2010 3,
2020,1,1,-3,13231,Danmarksserien,Pulje 8,385851,2 19-09-2020,2. HS,2,HS,KMB2010 3,KBK Kbh. 2,Mikkel Mieritz,Anton Tømming Larsen,76721,86607,"20-22, 18-21",away,KBK Kbh. 2,
2020,1,1,-3,13231,Danmarksserien,Pulje 8,385851,2 19-09-2020,3. HS,3,HS,KMB2010 3,KBK Kbh. 2,Joao Fernandes,Villads Narv Welling,305515,212455,"21-14, 14-21, 21-19",home,KMB2010 3,
2020,1,1,-3,13231,Danmarksserien,Pulje 8,385851,2 19-09-2020,4. HS,4,HS,KMB2010 3,KBK Kbh. 2,Philip Stiborg,Felix Scheutz,210875,2437,"11-21, 22-24",away,KBK Kbh. 2,
2020,1,1,-3,13231,Danmarksserien,Pulje 8,385851,2 19-09-2020,1. DD,1,DD,KMB2010 3,KBK Kbh. 2,"Emilie Schultz-Knudsen, Sofie Nørby-Odgaard","Amalie Dynnes Ørsted, Caroline Vestergård","81591, 79331","13436, 80129","18-21, 22-24",away,KBK Kbh. 2,
2020,1,1,-3,13231,Danmarksserien,Pulje 8,385851,2 19-09-2020,2. DD,2,DD,KMB2010 3,KBK Kbh. 2,"Caroline Mølgård, Camilla Bilgrav","Matilde Nordal, Sofie Bæk","78557, 74126","91634, 85155","21-11, 21-12",home,KMB2010 3,
2020,1,1,-3,13231,Danmarksserien,Pulje 8,385851,2 19-09-2020,1. HD,1,HD,KMB2010 3,KBK Kbh. 2,"Jonas Andersen, Mikkel Mieritz","Oskar Tømming Larsen, Søren Them","55445, 76721","91604, 11744","20-22, 23-25",away,KBK Kbh. 2,
2020,1,1,-3,13231,Danmarksserien,Pulje 8,385851,2 19-09-2020,2. HD,2,HD,KMB2010 3,KBK Kbh. 2,"Jonas Jork Larsen, Magnus V. Petersen","Anton Tømming Larsen, Villads Narv Welling","51964, 82140","86607, 212455","21-16, 21-16",home,KMB2010 3,
2020,1,1,-3,13231,Danmarksserien,Pulje 8,385851,2 19-09-2020,3. HD,3,HD,KMB2010 3,KBK Kbh. 2,"Joao Fernandes, Philip Stiborg","Mathis Kragh, Felix Scheutz","305515, 210875","91615, 2437","14-21, 15-21",away,KBK Kbh. 2,
2020,1,1,-3,13231,Danmarksserien,Pulje 8,385852,2 19-09-2020,1. MD,1,MD,Vordingborg,Herlev Badminton 2,"Oliver Koch, Dorthe Johnsen","Daniel Bjerre Hecht, Nete Kjær Gabel","2917, 7145","61410, 8692","18-21, 19-21",away,Herlev Badminton 2,
2020,1,1,-3,13231,Danmarksserien,Pulje 8,385852,2 19-09-2020,2. MD,2,MD,Vordingborg,Herlev Badminton 2,"Mathias Nielsen, Gitte Larsen","Carsten Brink, Dorthe Brink","3193, 11198","11378, 12383","21-18, 21-19",home,Vordingborg,
2020,1,1,-3,13231,Danmarksserien,Pulje 8,385852,2 19-09-2020,1. DS,1,DS,Vordingborg,Herlev Badminton 2,Emilie Bagger Lejre,Tanja Mortensen,1214,62832,"21-8, 21-9",home,Vordingborg,
2020,1,1,-3,13231,Danmarksserien,Pulje 8,385852,2 19-09-2020,2. DS,2,DS,Vordingborg,Herlev Badminton 2,Nadia Sawangjai Mortensen,Frederikke Jespersgaard,230690,76115,"14-21, 13-21",away,Herlev Badminton 2,
2020,1,1,-3,13231,Danmarksserien,Pulje 8,385852,2 19-09-2020,1. HS,1,HS,Vordingborg,Herlev Badminton 2,Bo Rafn,Bo Zølner,10969,57896,"21-11, 21-9",home,Vordingborg,
2020,1,1,-3,13231,Danmarksserien,Pulje 8,385852,2 19-09-2020,2. HS,2,HS,Vordingborg,Herlev Badminton 2,Simon Zachodnik,Joachim Weng Petersen,13448,47737,"21-16, 22-20",home,Vordingborg,
2020,1,1,-3,13231,Danmarksserien,Pulje 8,385852,2 19-09-2020,3. HS,3,HS,Vordingborg,Herlev Badminton 2,Gustav Bagger Lejre,Patrick Sylow Gluud,2833,159251,"21-14, 13-21, 20-22",away,Herlev Badminton 2,
2020,1,1,-3,13231,Danmarksserien,Pulje 8,385852,2 19-09-2020,4. HS,4,HS,Vordingborg,Herlev Badminton 2,Sebastian Friis Holt,Jonas Bangsgaard,29557,93075,"21-11, 21-9",home,Vordingborg,
2020,1,1,-3,13231,Danmarksserien,Pulje 8,385852,2 19-09-2020,1. DD,1,DD,Vordingborg,Herlev Badminton 2,"Gitte Larsen, Dorthe Johnsen","Dorthe Brink, Tanja Mortensen","11198, 7145","12383, 62832","18-21, 15-21",away,Herlev Badminton 2,
2020,1,1,-3,13231,Danmarksserien,Pulje 8,385852,2 19-09-2020,2. DD,2,DD,Vordingborg,Herlev Badminton 2,"Emilie Bagger Lejre, Nadia Sawangjai Mortensen","Frederikke Jespersgaard, Nete Kjær Gabel","1214, 230690","76115, 8692","21-13, 21-15",home,Vordingborg,
2020,1,1,-3,13231,Danmarksserien,Pulje 8,385852,2 19-09-2020,1. HD,1,HD,Vordingborg,Herlev Badminton 2,"Bo Rafn, Simon Zachodnik","Carsten Brink, Patrick Sylow Gluud","10969, 13448","11378, 159251","18-21, 21-14, 21-19",home,Vordingborg,
2020,1,1,-3,13231,Danmarksserien,Pulje 8,385852,2 19-09-2020,2. HD,2,HD,Vordingborg,Herlev Badminton 2,"Gustav Bagger Lejre, Oliver Koch","Bo Zølner, Joachim Weng Petersen","2833, 2917","57896, 47737","12-21, 21-14, 12-21",away,Herlev Badminton 2,
2020,1,1,-3,13231,Danmarksserien,Pulje 8,385852,2 19-09-2020,3. HD,3,HD,Vordingborg,Herlev Badminton 2,"Mathias Nielsen, Sebastian Friis Holt","Daniel Bjerre Hecht, Jonas Bangsgaard","3193, 29557","61410, 93075","22-20, 16-21, 27-25",home,Vordingborg,
2020,1,1,-3,13231,Danmarksserien,Pulje 8,385853,2 19-09-2020,1. MD,1,MD,Solrød Strand 5,Ringsted,"Philip Klinke, Signe Ravn","Jimmy Andersen, Sarah Kamper","132323, 172208","13076, 14614","17-21, 21-17, 16-21",away,Ringsted,
2020,1,1,-3,13231,Danmarksserien,Pulje 8,385853,2 19-09-2020,2. MD,2,MD,Solrød Strand 5,Ringsted,"Morten Lyngsie, Nadia Lund Christensen","Karsten Hvidesten, Emilie Sommer","8760, 65716","8315, 1163","15-21, 19-21",away,Ringsted,
2020,1,1,-3,13231,Danmarksserien,Pulje 8,385853,2 19-09-2020,1. DS,1,DS,Solrød Strand 5,Ringsted,Emilie Bang,Anna Mikhalkova (udl.),267174,324845,"16-21, 11-21",away,Ringsted,
2020,1,1,-3,13231,Danmarksserien,Pulje 8,385853,2 19-09-2020,2. DS,2,DS,Solrød Strand 5,Ringsted,Isabella Milton,Laura Sommer,253383,93661,"21-14, 21-19",home,Solrød Strand 5,
2020,1,1,-3,13231,Danmarksserien,Pulje 8,385853,2 19-09-2020,1. HS,1,HS,Solrød Strand 5,Ringsted,Jens Arly Rasmussen,Kasper Storkegård,24974,11723,"12-21, 11-21",away,Ringsted,
2020,1,1,-3,13231,Danmarksserien,Pulje 8,385853,2 19-09-2020,2. HS,2,HS,Solrød Strand 5,Ringsted,Mathias Bech,Matthew Abela,115370,291634,"19-21, 19-21",away,Ringsted,
2020,1,1,-3,13231,Danmarksserien,Pulje 8,385853,2 19-09-2020,3. HS,3,HS,Solrød Strand 5,Ringsted,Kasper Reese Sørensen,Kenneth Christiansen,249783,32447,"13-21, 20-22",away,Ringsted,
2020,1,1,-3,13231,Danmarksserien,Pulje 8,385853,2 19-09-2020,4. HS,4,HS,Solrød Strand 5,Ringsted,Jørgen Winther,Anders Schwartzbach,10510,20074,"19-21, 10-21",away,Ringsted,
2020,1,1,-3,13231,Danmarksserien,Pulje 8,385853,2 19-09-2020,1. DD,1,DD,Solrød Strand 5,Ringsted,"Emilie Bang, Signe Ravn","Emilie Sommer, Anna Mikhalkova (udl.)","267174, 172208","1163, 324845","13-21, 10-21",away,Ringsted,
2020,1,1,-3,13231,Danmarksserien,Pulje 8,385853,2 19-09-2020,2. DD,2,DD,Solrød Strand 5,Ringsted,"Nadia Lund Christensen, Isabella Milton","Sarah Kamper, Laura Sommer","65716, 253383","14614, 93661","13-21, 13-21",away,Ringsted,
2020,1,1,-3,13231,Danmarksserien,Pulje 8,385853,2 19-09-2020,1. HD,1,HD,Solrød Strand 5,Ringsted,"Philip Klinke, Mathias Bech","Jimmy Andersen, Kasper Storkegård","132323, 115370","13076, 11723","16-21, 21-16, 14-21",away,Ringsted,
2020,1,1,-3,13231,Danmarksserien,Pulje 8,385853,2 19-09-2020,2. HD,2,HD,Solrød Strand 5,Ringsted,"Jens Arly Rasmussen, Morten Lyngsie","Kenneth Christiansen, Karsten Hvidesten","24974, 8760","32447, 8315","21-12, 21-12",home,Solrød Strand 5,
2020,1,1,-3,13231,Danmarksserien,Pulje 8,385853,2 19-09-2020,3. HD,3,HD,Solrød Strand 5,Ringsted,"Jørgen Winther, Kasper Reese Sørensen","Anders Schwartzbach, Matthew Abela","10510, 249783","20074, 291634",,away,Ringsted,R
2020,1,1,-3,13231,Danmarksserien,Pulje 8,385854,3 03-10-2020,1. MD,1,MD,KBK Kbh. 2,KSI Badmintonklub Kbh.,"Oskar Tømming Larsen, Caroline Vestergård","Nikolaj Petersen, Laura Hvid Kristensen","91604, 80129","77495, 64313","21-11, 21-9",home,KBK Kbh. 2,
2020,1,1,-3,13231,Danmarksserien,Pulje 8,385854,3 03-10-2020,2. MD,2,MD,KBK Kbh. 2,KSI Badmintonklub Kbh.,"Søren Them, Sofie Bæk","Jacob Ravnborg, Rikke Tetzschner","11744, 85155","39833, 55306","21-10, 21-7",home,KBK Kbh. 2,
2020,1,1,-3,13231,Danmarksserien,Pulje 8,385854,3 03-10-2020,1. DS,1,DS,KBK Kbh. 2,KSI Badmintonklub Kbh.,Amalie Dynnes Ørsted,Helene Hartmeyer,13436,81280,"21-6, 21-8",home,KBK Kbh. 2,
2020,1,1,-3,13231,Danmarksserien,Pulje 8,385854,3 03-10-2020,2. DS,2,DS,KBK Kbh. 2,KSI Badmintonklub Kbh.,Matilde Nordal,Maja Bruun Nielsen,91634,165244,"21-6, 21-9",home,KBK Kbh. 2,
2020,1,1,-3,13231,Danmarksserien,Pulje 8,385854,3 03-10-2020,1. HS,1,HS,KBK Kbh. 2,KSI Badmintonklub Kbh.,Mathis Kragh,Daniel Lauridsen,91615,62868,"21-9, 21-9",home,KBK Kbh. 2,
2020,1,1,-3,13231,Danmarksserien,Pulje 8,385854,3 03-10-2020,2. HS,2,HS,KBK Kbh. 2,KSI Badmintonklub Kbh.,Anton Tømming Larsen,Andreas Straarup,86607,198662,"21-15, 17-21, 11-21",away,KSI Badmintonklub Kbh.,
2020,1,1,-3,13231,Danmarksserien,Pulje 8,385854,3 03-10-2020,3. HS,3,HS,KBK Kbh. 2,KSI Badmintonklub Kbh.,Gabriel Sung Thomsen,Tobias Jensen,196717,12590,"21-17, 21-19",home,KBK Kbh. 2,
2020,1,1,-3,13231,Danmarksserien,Pulje 8,385854,3 03-10-2020,4. HS,4,HS,KBK Kbh. 2,KSI Badmintonklub Kbh.,Villads Narv Welling,Christian Lillelund,212455,10003,"21-12, 21-9",home,KBK Kbh. 2,
2020,1,1,-3,13231,Danmarksserien,Pulje 8,385854,3 03-10-2020,1. DD,1,DD,KBK Kbh. 2,KSI Badmintonklub Kbh.,"Amalie Dynnes Ørsted, Caroline Vestergård","Laura Hvid Kristensen, Rikke Tetzschner","13436, 80129","64313, 55306","21-14, 21-16",home,KBK Kbh. 2,
2020,1,1,-3,13231,Danmarksserien,Pulje 8,385854,3 03-10-2020,2. DD,2,DD,KBK Kbh. 2,KSI Badmintonklub Kbh.,"Matilde Nordal, Sofie Bæk","Maja Bruun Nielsen, Helene Hartmeyer","91634, 85155","165244, 81280","21-11, 21-9",home,KBK Kbh. 2,
2020,1,1,-3,13231,Danmarksserien,Pulje 8,385854,3 03-10-2020,1. HD,1,HD,KBK Kbh. 2,KSI Badmintonklub Kbh.,"Oskar Tømming Larsen, Søren Them","Andreas Straarup, Daniel Lauridsen","91604, 11744","198662, 62868","21-13, 21-11",home,KBK Kbh. 2,
2020,1,1,-3,13231,Danmarksserien,Pulje 8,385854,3 03-10-2020,2. HD,2,HD,KBK Kbh. 2,KSI Badmintonklub Kbh.,"Anton Tømming Larsen, Villads Narv Welling","Nikolaj Petersen, Jacob Ravnborg","86607, 212455","77495, 39833","18-21, 21-18, 21-19",home,KBK Kbh. 2,
2020,1,1,-3,13231,Danmarksserien,Pulje 8,385854,3 03-10-2020,3. HD,3,HD,KBK Kbh. 2,KSI Badmintonklub Kbh.,"Mathis Kragh, Gabriel Sung Thomsen","Tobias Jensen, Christian Lillelund","91615, 196717","12590, 10003","21-15, 21-9",home,KBK Kbh. 2,
2020,1,1,-3,13231,Danmarksserien,Pulje 8,385855,3 03-10-2020,1. MD,1,MD,Solrød Strand 5,Vordingborg,"Jesper Mikkelsen, Louise Mikkelsen","Mathias Nielsen, Gitte Larsen","11038, 10321","3193, 11198","21-13, 21-13",home,Solrød Strand 5,
2020,1,1,-3,13231,Danmarksserien,Pulje 8,385855,3 03-10-2020,2. MD,2,MD,Solrød Strand 5,Vordingborg,"Jonathan Belisario, Emilie Bang","Oliver Koch, Dorthe Johnsen","211289, 267174","2917, 7145","14-21, 21-11, 21-19",home,Solrød Strand 5,
2020,1,1,-3,13231,Danmarksserien,Pulje 8,385855,3 03-10-2020,1. DS,1,DS,Solrød Strand 5,Vordingborg,Carina Hartvig,Emilie Bagger Lejre,3038,1214,"21-17, 22-20",home,Solrød Strand 5,
2020,1,1,-3,13231,Danmarksserien,Pulje 8,385855,3 03-10-2020,2. DS,2,DS,Solrød Strand 5,Vordingborg,Isabella Milton,Nadia Sawangjai Mortensen,253383,230690,"18-21, 21-17, 21-18",home,Solrød Strand 5,
2020,1,1,-3,13231,Danmarksserien,Pulje 8,385855,3 03-10-2020,1. HS,1,HS,Solrød Strand 5,Vordingborg,Sebastian Mikkelsen,Bo Rafn,215418,10969,"17-21, 11-21",away,Vordingborg,
2020,1,1,-3,13231,Danmarksserien,Pulje 8,385855,3 03-10-2020,2. HS,2,HS,Solrød Strand 5,Vordingborg,Andreas Beyer,Simon Zachodnik,81271,13448,"21-17, 12-21, 20-22",away,Vordingborg,
2020,1,1,-3,13231,Danmarksserien,Pulje 8,385855,3 03-10-2020,3. HS,3,HS,Solrød Strand 5,Vordingborg,Valdemar Flindt,Gustav Bagger Lejre,87818,2833,"11-21, 18-21",away,Vordingborg,
2020,1,1,-3,13231,Danmarksserien,Pulje 8,385855,3 03-10-2020,4. HS,4,HS,Solrød Strand 5,Vordingborg,Frederik Færch,Sebastian Friis Holt,70204,29557,"21-18, 20-22, 22-20",home,Solrød Strand 5,
2020,1,1,-3,13231,Danmarksserien,Pulje 8,385855,3 03-10-2020,1. DD,1,DD,Solrød Strand 5,Vordingborg,"Carina Hartvig, Louise Mikkelsen","Dorthe Johnsen, Gitte Larsen","3038, 10321","7145, 11198","21-11, 22-20",home,Solrød Strand 5,
2020,1,1,-3,13231,Danmarksserien,Pulje 8,385855,3 03-10-2020,2. DD,2,DD,Solrød Strand 5,Vordingborg,"Emilie Bang, Isabella Milton","Emilie Bagger Lejre, Nadia Sawangjai Mortensen","267174, 253383","1214, 230690","21-19, 21-19",home,Solrød Strand 5,
2020,1,1,-3,13231,Danmarksserien,Pulje 8,385855,3 03-10-2020,1. HD,1,HD,Solrød Strand 5,Vordingborg,"Jesper Mikkelsen, Jonathan Belisario","Bo Rafn, Simon Zachodnik","11038, 211289","10969, 13448","15-21, 21-18, 18-21",away,Vordingborg,
2020,1,1,-3,13231,Danmarksserien,Pulje 8,385855,3 03-10-2020,2. HD,2,HD,Solrød Strand 5,Vordingborg,"Andreas Beyer, Valdemar Flindt","Gustav Bagger Lejre, Oliver Koch","81271, 87818","2833, 2917","21-17, 19-21, 21-15",home,Solrød Strand 5,
2020,1,1,-3,13231,Danmarksserien,Pulje 8,385855,3 03-10-2020,3. HD,3,HD,Solrød Strand 5,Vordingborg,"Frederik Færch, Sebastian Mikkelsen","Mathias Nielsen, Sebastian Friis Holt","70204, 215418","3193, 29557","21-17, 21-17",home,Solrød Strand 5,
2020,1,1,-3,13231,Danmarksserien,Pulje 8,385856,3 03-10-2020,1. MD,1,MD,Ringsted,Herlev Badminton 2,"Jimmy Andersen, Sarah Kamper","Daniel Bjerre Hecht, Nete Kjær Gabel","13076, 14614","61410, 8692","21-14, 21-15",home,Ringsted,
2020,1,1,-3,13231,Danmarksserien,Pulje 8,385856,3 03-10-2020,2. MD,2,MD,Ringsted,Herlev Badminton 2,"Morten Walsø, Emilie Sommer","Carsten Brink, Dorthe Brink","11825, 1163","11378, 12383","21-15, 21-9",home,Ringsted,
2020,1,1,-3,13231,Danmarksserien,Pulje 8,385856,3 03-10-2020,1. DS,1,DS,Ringsted,Herlev Badminton 2,Anna Mikhalkova (udl.),Tanja Mortensen,324845,62832,"21-16, 21-8",home,Ringsted,
2020,1,1,-3,13231,Danmarksserien,Pulje 8,385856,3 03-10-2020,2. DS,2,DS,Ringsted,Herlev Badminton 2,Laura Sommer,Frederikke Jespersgaard,93661,76115,"17-21, 16-21",away,Herlev Badminton 2,
2020,1,1,-3,13231,Danmarksserien,Pulje 8,385856,3 03-10-2020,1. HS,1,HS,Ringsted,Herlev Badminton 2,Kasper Storkegård,Morten Hansen,11723,25290,"21-5, 21-6",home,Ringsted,
2020,1,1,-3,13231,Danmarksserien,Pulje 8,385856,3 03-10-2020,2. HS,2,HS,Ringsted,Herlev Badminton 2,Matthew Abela,Patrick Sylow Gluud,291634,159251,"21-15, 21-9",home,Ringsted,
2020,1,1,-3,13231,Danmarksserien,Pulje 8,385856,3 03-10-2020,3. HS,3,HS,Ringsted,Herlev Badminton 2,Anders Schwartzbach,Asger Feldbæk Nielsen,20074,92561,"13-21, 21-19, 20-22",away,Herlev Badminton 2,
2020,1,1,-3,13231,Danmarksserien,Pulje 8,385856,3 03-10-2020,4. HS,4,HS,Ringsted,Herlev Badminton 2,Rasmus Dalkær,Jonas Bangsgaard,2420,93075,"21-19, 21-12",home,Ringsted,
2020,1,1,-3,13231,Danmarksserien,Pulje 8,385856,3 03-10-2020,1. DD,1,DD,Ringsted,Herlev Badminton 2,"Anna Mikhalkova (udl.), Emilie Sommer","Dorthe Brink, Tanja Mortensen","324845, 1163","12383, 62832","21-15, 21-11",home,Ringsted,
2020,1,1,-3,13231,Danmarksserien,Pulje 8,385856,3 03-10-2020,2. DD,2,DD,Ringsted,Herlev Badminton 2,"Laura Sommer, Sarah Kamper","Frederikke Jespersgaard, Nete Kjær Gabel","93661, 14614","76115, 8692","21-9, 22-20",home,Ringsted,
2020,1,1,-3,13231,Danmarksserien,Pulje 8,385856,3 03-10-2020,1. HD,1,HD,Ringsted,Herlev Badminton 2,"Jimmy Andersen, Kasper Storkegård","Patrick Sylow Gluud, Carsten Brink","13076, 11723","159251, 11378","21-11, 21-18",home,Ringsted,
2020,1,1,-3,13231,Danmarksserien,Pulje 8,385856,3 03-10-2020,2. HD,2,HD,Ringsted,Herlev Badminton 2,"Anders Schwartzbach, Matthew Abela","Asger Feldbæk Nielsen, Jonas Bangsgaard","20074, 291634","92561, 93075","21-14, 18-21, 21-16",home,Ringsted,
2020,1,1,-3,13231,Danmarksserien,Pulje 8,385856,3 03-10-2020,3. HD,3,HD,Ringsted,Herlev Badminton 2,"Rasmus Dalkær, Morten Walsø","Daniel Bjerre Hecht, Morten Hansen","2420, 11825","61410, 25290","21-16, 21-13",home,Ringsted,
2020,1,1,-3,13231,Danmarksserien,Pulje 8,385857,3 03-10-2020,1. MD,1,MD,KMB2010 3,Greve 4,"Jonas Jork Larsen, Josephine Holst-Christensen","Martin Thorsager, Mette Blume","51964, 2730","9513, 115942","21-16, 21-9",home,KMB2010 3,
2020,1,1,-3,13231,Danmarksserien,Pulje 8,385857,3 03-10-2020,2. MD,2,MD,KMB2010 3,Greve 4,"Mads Manniche, Sofie Nørby-Odgaard","Christian Andersen, Rikke Blume","72859, 79331","224399, 115941","13-21, 21-18, 21-13",home,KMB2010 3,
2020,1,1,-3,13231,Danmarksserien,Pulje 8,385857,3 03-10-2020,1. DS,1,DS,KMB2010 3,Greve 4,Christina Bilgrav,Mathilde Hansen,74125,243725,"21-8, 21-14",home,KMB2010 3,
2020,1,1,-3,13231,Danmarksserien,Pulje 8,385857,3 03-10-2020,2. DS,2,DS,KMB2010 3,Greve 4,Camilla Bilgrav,Amalie Kjalke,74126,243228,"21-3, 21-12",home,KMB2010 3,
2020,1,1,-3,13231,Danmarksserien,Pulje 8,385857,3 03-10-2020,1. HS,1,HS,KMB2010 3,Greve 4,Philip Busch Andreasen,Jacob Thyge,78595,91821,"21-17, 21-10",home,KMB2010 3,
2020,1,1,-3,13231,Danmarksserien,Pulje 8,385857,3 03-10-2020,2. HS,2,HS,KMB2010 3,Greve 4,Magnus V. Petersen,Jonas Berg,82140,3119,"21-13, 21-13",home,KMB2010 3,
2020,1,1,-3,13231,Danmarksserien,Pulje 8,385857,3 03-10-2020,3. HS,3,HS,KMB2010 3,Greve 4,Rasmus Eriksen Holmgaard,Mads Fejer Christiansen,65919,159108,"21-16, 21-12",home,KMB2010 3,
2020,1,1,-3,13231,Danmarksserien,Pulje 8,385857,3 03-10-2020,4. HS,4,HS,KMB2010 3,Greve 4,Benjamin Gunnarstein,Saif Ali Tahir,49225,256413,"18-21, 21-18, 16-21",away,Greve 4,
2020,1,1,-3,13231,Danmarksserien,Pulje 8,385857,3 03-10-2020,1. DD,1,DD,KMB2010 3,Greve 4,"Josephine Holst-Christensen, Christina Bilgrav","Mette Blume, Rikke Blume","2730, 74125","115942, 115941","21-4, 21-12",home,KMB2010 3,
2020,1,1,-3,13231,Danmarksserien,Pulje 8,385857,3 03-10-2020,2. DD,2,DD,KMB2010 3,Greve 4,"Camilla Bilgrav, Sofie Nørby-Odgaard","Amalie Kjalke, Mathilde Hansen","74126, 79331","243228, 243725","21-13, 21-9",home,KMB2010 3,
2020,1,1,-3,13231,Danmarksserien,Pulje 8,385857,3 03-10-2020,1. HD,1,HD,KMB2010 3,Greve 4,"Philip Busch Andreasen, Rasmus Eriksen Holmgaard","Jacob Thyge, Christian Andersen","78595, 65919","91821, 224399","21-4, 21-14",home,KMB2010 3,
2020,1,1,-3,13231,Danmarksserien,Pulje 8,385857,3 03-10-2020,2. HD,2,HD,KMB2010 3,Greve 4,"Magnus V. Petersen, Jonas Jork Larsen","Martin Thorsager, Jonas Berg","82140, 51964","9513, 3119","21-15, 21-17",home,KMB2010 3,
2020,1,1,-3,13231,Danmarksserien,Pulje 8,385857,3 03-10-2020,3. HD,3,HD,KMB2010 3,Greve 4,"Benjamin Gunnarstein, Mads Manniche","Mads Fejer Christiansen, Saif Ali Tahir","49225, 72859","159108, 256413","21-19, 21-14",home,KMB2010 3,
2020,1,1,-3,13231,Danmarksserien,Pulje 8,385858,4 24-10-2020,1. MD,1,MD,Vordingborg,KBK Kbh. 2,"Mathias Nielsen, Gitte Larsen","Oskar Tømming Larsen, Caroline Vestergård","3193, 11198","91604, 80129","10-21, 12-21",away,KBK Kbh. 2,
2020,1,1,-3,13231,Danmarksserien,Pulje 8,385858,4 24-10-2020,2. MD,2,MD,Vordingborg,KBK Kbh. 2,"Oliver Koch, Dorthe Johnsen","Søren Them, Sofie Bæk","2917, 7145","11744, 85155","15-21, 19-21",away,KBK Kbh. 2,
2020,1,1,-3,13231,Danmarksserien,Pulje 8,385858,4 24-10-2020,1. DS,1,DS,Vordingborg,KBK Kbh. 2,Emilie Bagger Lejre,Amalie Dynnes Ørsted,1214,13436,"13-21, 15-21",away,KBK Kbh. 2,
2020,1,1,-3,13231,Danmarksserien,Pulje 8,385858,4 24-10-2020,2. DS,2,DS,Vordingborg,KBK Kbh. 2,Nadia Sawangjai Mortensen,Matilde Nordal,230690,91634,"9-21, 22-20, 13-21",away,KBK Kbh. 2,
2020,1,1,-3,13231,Danmarksserien,Pulje 8,385858,4 24-10-2020,1. HS,1,HS,Vordingborg,KBK Kbh. 2,Bo Rafn,Jacob Christian Hede Dahlgaard,10969,93181,"21-15, 21-16",home,Vordingborg,
2020,1,1,-3,13231,Danmarksserien,Pulje 8,385858,4 24-10-2020,2. HS,2,HS,Vordingborg,KBK Kbh. 2,Simon Zachodnik,Anton Tømming Larsen,13448,86607,"17-21, 21-9, 21-19",home,Vordingborg,
2020,1,1,-3,13231,Danmarksserien,Pulje 8,385858,4 24-10-2020,3. HS,3,HS,Vordingborg,KBK Kbh. 2,Gustav Bagger Lejre,Gabriel Sung Thomsen,2833,196717,"21-13, 21-13",home,Vordingborg,
2020,1,1,-3,13231,Danmarksserien,Pulje 8,385858,4 24-10-2020,4. HS,4,HS,Vordingborg,KBK Kbh. 2,Sebastian Friis Holt,Felix Scheutz,29557,2437,"17-21, 21-17, 14-21",away,KBK Kbh. 2,
2020,1,1,-3,13231,Danmarksserien,Pulje 8,385858,4 24-10-2020,1. DD,1,DD,Vordingborg,KBK Kbh. 2,"Dorthe Johnsen, Gitte Larsen","Amalie Dynnes Ørsted, Caroline Vestergård","7145, 11198","13436, 80129","10-21, 10-21",away,KBK Kbh. 2,
2020,1,1,-3,13231,Danmarksserien,Pulje 8,385858,4 24-10-2020,2. DD,2,DD,Vordingborg,KBK Kbh. 2,"Nadia Sawangjai Mortensen, Emilie Bagger Lejre","Matilde Nordal, Sofie Bæk","230690, 1214","91634, 85155","14-21, 19-21",away,KBK Kbh. 2,
2020,1,1,-3,13231,Danmarksserien,Pulje 8,385858,4 24-10-2020,1. HD,1,HD,Vordingborg,KBK Kbh. 2,"Bo Rafn, Simon Zachodnik","Oskar Tømming Larsen, Jacob Christian Hede Dahlgaard","10969, 13448","91604, 93181","16-21, 19-21",away,KBK Kbh. 2,
2020,1,1,-3,13231,Danmarksserien,Pulje 8,385858,4 24-10-2020,2. HD,2,HD,Vordingborg,KBK Kbh. 2,"Oliver Koch, Gustav Bagger Lejre","Anton Tømming Larsen, Søren Them","2917, 2833","86607, 11744","18-21, 14-21",away,KBK Kbh. 2,
2020,1,1,-3,13231,Danmarksserien,Pulje 8,385858,4 24-10-2020,3. HD,3,HD,Vordingborg,KBK Kbh. 2,"Mathias Nielsen, Sebastian Friis Holt","Felix Scheutz, Gabriel Sung Thomsen","3193, 29557","2437, 196717","22-24, 21-13, 17-21",away,KBK Kbh. 2,
2020,1,1,-3,13231,Danmarksserien,Pulje 8,385859,4 24-10-2020,1. MD,1,MD,Herlev Badminton 2,Solrød Strand 5,"Daniel Bjerre Hecht, Nete Kjær Gabel","Jesper Mikkelsen, Louise Mikkelsen","61410, 8692","11038, 10321","22-20, 14-21, 9-21",away,Solrød Strand 5,
2020,1,1,-3,13231,Danmarksserien,Pulje 8,385859,4 24-10-2020,2. MD,2,MD,Herlev Badminton 2,Solrød Strand 5,"Carsten Brink, Dorthe Brink","Jonathan Belisario, Nadia Lund Christensen","11378, 12383","211289, 65716","14-21, 21-16, 29-27",home,Herlev Badminton 2,
2020,1,1,-3,13231,Danmarksserien,Pulje 8,385859,4 24-10-2020,1. DS,1,DS,Herlev Badminton 2,Solrød Strand 5,Jessie Schytte,Signe Ravn,18331,172208,"21-11, 21-11",home,Herlev Badminton 2,
2020,1,1,-3,13231,Danmarksserien,Pulje 8,385859,4 24-10-2020,2. DS,2,DS,Herlev Badminton 2,Solrød Strand 5,Katrine Schultz-Knudsen,Isabella Milton,70881,253383,"21-16, 13-21, 12-21",away,Solrød Strand 5,
2020,1,1,-3,13231,Danmarksserien,Pulje 8,385859,4 24-10-2020,1. HS,1,HS,Herlev Badminton 2,Solrød Strand 5,Nicklas Laursen,Valdemar Flindt,40848,87818,"21-19, 21-15",home,Herlev Badminton 2,
2020,1,1,-3,13231,Danmarksserien,Pulje 8,385859,4 24-10-2020,2. HS,2,HS,Herlev Badminton 2,Solrød Strand 5,Kenneth Erichsen,Frederik Færch,10061,70204,"18-21, 13-21",away,Solrød Strand 5,
2020,1,1,-3,13231,Danmarksserien,Pulje 8,385859,4 24-10-2020,3. HS,3,HS,Herlev Badminton 2,Solrød Strand 5,Bo Zølner,Philip Klinke,57896,132323,"16-21, 15-21",away,Solrød Strand 5,
2020,1,1,-3,13231,Danmarksserien,Pulje 8,385859,4 24-10-2020,4. HS,4,HS,Herlev Badminton 2,Solrød Strand 5,Patrick Sylow Gluud,Mathias Bech,159251,115370,"9-21, 22-20, 10-21",away,Solrød Strand 5,
2020,1,1,-3,13231,Danmarksserien,Pulje 8,385859,4 24-10-2020,1. DD,1,DD,Herlev Badminton 2,Solrød Strand 5,"Dorthe Brink, Nete Kjær Gabel","Signe Ravn, Nadia Lund Christensen","12383, 8692","172208, 65716","21-19, 19-21, 21-16",home,Herlev Badminton 2,
2020,1,1,-3,13231,Danmarksserien,Pulje 8,385859,4 24-10-2020,2. DD,2,DD,Herlev Badminton 2,Solrød Strand 5,"Jessie Schytte, Katrine Schultz-Knudsen","Isabella Milton, Louise Mikkelsen","18331, 70881","253383, 10321","21-17, 19-21, 22-20",home,Herlev Badminton 2,
2020,1,1,-3,13231,Danmarksserien,Pulje 8,385859,4 24-10-2020,1. HD,1,HD,Herlev Badminton 2,Solrød Strand 5,"Kenneth Erichsen, Bo Zølner","Jesper Mikkelsen, Jonathan Belisario","10061, 57896","11038, 211289","16-21, 16-21",away,Solrød Strand 5,
2020,1,1,-3,13231,Danmarksserien,Pulje 8,385859,4 24-10-2020,2. HD,2,HD,Herlev Badminton 2,Solrød Strand 5,"Nicklas Laursen, Daniel Bjerre Hecht","Valdemar Flindt, Frederik Færch","40848, 61410","87818, 70204","21-16, 20-22, 21-16",home,Herlev Badminton 2,
2020,1,1,-3,13231,Danmarksserien,Pulje 8,385859,4 24-10-2020,3. HD,3,HD,Herlev Badminton 2,Solrød Strand 5,"Carsten Brink, Patrick Sylow Gluud","Philip Klinke, Mathias Bech","11378, 159251","132323, 115370","18-21, 21-18, 15-21",away,Solrød Strand 5,
2020,1,1,-3,13231,Danmarksserien,Pulje 8,385860,4 24-10-2020,1. MD,1,MD,Greve 4,Ringsted,"Martin Thorsager, Mette Blume","Jimmy Andersen, Sarah Kamper","9513, 115942","13076, 14614","9-21, 10-21",away,Ringsted,
2020,1,1,-3,13231,Danmarksserien,Pulje 8,385860,4 24-10-2020,2. MD,2,MD,Greve 4,Ringsted,"Mads Bang Brandt, Xenia Pedersen","Morten Walsø, Emilie Sommer","167695, 165281","11825, 1163","10-21, 21-19, 18-21",away,Ringsted,
2020,1,1,-3,13231,Danmarksserien,Pulje 8,385860,4 24-10-2020,1. DS,1,DS,Greve 4,Ringsted,Mathilde Hansen,Anna Mikhalkova (udl.),243725,324845,"9-21, 12-21",away,Ringsted,
2020,1,1,-3,13231,Danmarksserien,Pulje 8,385860,4 24-10-2020,2. DS,2,DS,Greve 4,Ringsted,Amalie Kjalke,Laura Sommer,243228,93661,"21-12, 21-16",home,Greve 4,
2020,1,1,-3,13231,Danmarksserien,Pulje 8,385860,4 24-10-2020,1. HS,1,HS,Greve 4,Ringsted,Mads Fejer Christiansen,Kasper Storkegård,159108,11723,"6-21, 14-21",away,Ringsted,
2020,1,1,-3,13231,Danmarksserien,Pulje 8,385860,4 24-10-2020,2. HS,2,HS,Greve 4,Ringsted,Saif Ali Tahir,Matthew Abela,256413,291634,"17-21, 14-21",away,Ringsted,
2020,1,1,-3,13231,Danmarksserien,Pulje 8,385860,4 24-10-2020,3. HS,3,HS,Greve 4,Ringsted,Daniel Friis Ib,Kenneth Christiansen,247343,32447,"13-21, 17-21",away,Ringsted,
2020,1,1,-3,13231,Danmarksserien,Pulje 8,385860,4 24-10-2020,4. HS,4,HS,Greve 4,Ringsted,Tobias Olsen,Anders Schwartzbach,241008,20074,"14-21, 21-17",home,Greve 4,G
2020,1,1,-3,13231,Danmarksserien,Pulje 8,385860,4 24-10-2020,1. DD,1,DD,Greve 4,Ringsted,"Xenia Pedersen, Mette Blume","Anna Mikhalkova (udl.), Emilie Sommer","165281, 115942","324845, 1163","17-21, 13-21",away,Ringsted,
2020,1,1,-3,13231,Danmarksserien,Pulje 8,385860,4 24-10-2020,2. DD,2,DD,Greve 4,Ringsted,"Amalie Kjalke, Mathilde Hansen","Laura Sommer, Sarah Kamper","243228, 243725","93661, 14614","21-16, 18-21, 21-16",home,Greve 4,
2020,1,1,-3,13231,Danmarksserien,Pulje 8,385860,4 24-10-2020,1. HD,1,HD,Greve 4,Ringsted,"Martin Thorsager, Mads Fejer Christiansen","Kasper Storkegård, Jimmy Andersen","9513, 159108","11723, 13076","11-21, 16-21",away,Ringsted,
2020,1,1,-3,13231,Danmarksserien,Pulje 8,385860,4 24-10-2020,2. HD,2,HD,Greve 4,Ringsted,"Daniel Friis Ib, Saif Ali Tahir","Morten Walsø, Kenneth Christiansen","247343, 256413","11825, 32447","8-21, 12-21",away,Ringsted,
2020,1,1,-3,13231,Danmarksserien,Pulje 8,385860,4 24-10-2020,3. HD,3,HD,Greve 4,Ringsted,"Mads Bang Brandt, Tobias Olsen","Matthew Abela, Anders Schwartzbach","167695, 241008","291634, 20074",,home,Greve 4,G
2020,1,1,-3,13231,Danmarksserien,Pulje 8,385861,4 24-10-2020,1. MD,1,MD,KSI Badmintonklub Kbh.,KMB2010 3,"Frederik Ravnkilde Marlet, Laura Hvid Kristensen","Jonas Jork Larsen, Josephine Holst-Christensen","45032, 64313","51964, 2730","21-16, 21-15",home,KSI Badmintonklub Kbh.,
2020,1,1,-3,13231,Danmarksserien,Pulje 8,385861,4 24-10-2020,2. MD,2,MD,KSI Badmintonklub Kbh.,KMB2010 3,"Jacob Ravnborg, Nanna Aagaard Petersen","Mads Manniche, Sofie Nørby-Odgaard","39833, 61961","72859, 79331","13-21, 16-21",away,KMB2010 3,
2020,1,1,-3,13231,Danmarksserien,Pulje 8,385861,4 24-10-2020,1. DS,1,DS,KSI Badmintonklub Kbh.,KMB2010 3,Helene Hartmeyer,Camilla Bilgrav,81280,74126,"13-21, 10-21",away,KMB2010 3,
2020,1,1,-3,13231,Danmarksserien,Pulje 8,385861,4 24-10-2020,2. DS,2,DS,KSI Badmintonklub Kbh.,KMB2010 3,Maja Bruun Nielsen,Smilla Kristensen,165244,211563,"15-21, 11-21",away,KMB2010 3,
2020,1,1,-3,13231,Danmarksserien,Pulje 8,385861,4 24-10-2020,1. HS,1,HS,KSI Badmintonklub Kbh.,KMB2010 3,Andreas Straarup,Philip Busch Andreasen,198662,78595,"7-21, 18-21",away,KMB2010 3,
2020,1,1,-3,13231,Danmarksserien,Pulje 8,385861,4 24-10-2020,2. HS,2,HS,KSI Badmintonklub Kbh.,KMB2010 3,Tobias Jensen,Magnus V. Petersen,12590,82140,"15-21, 18-21",away,KMB2010 3,
2020,1,1,-3,13231,Danmarksserien,Pulje 8,385861,4 24-10-2020,3. HS,3,HS,KSI Badmintonklub Kbh.,KMB2010 3,Christian Lillelund,Rasmus Eriksen Holmgaard,10003,65919,"13-21, 16-21",away,KMB2010 3,
2020,1,1,-3,13231,Danmarksserien,Pulje 8,385861,4 24-10-2020,4. HS,4,HS,KSI Badmintonklub Kbh.,KMB2010 3,Søren Kildahl Jensen,Benjamin Gunnarstein,61813,49225,"12-21, 9-21",away,KMB2010 3,
2020,1,1,-3,13231,Danmarksserien,Pulje 8,385861,4 24-10-2020,1. DD,1,DD,KSI Badmintonklub Kbh.,KMB2010 3,"Laura Hvid Kristensen, Nanna Aagaard Petersen","Josephine Holst-Christensen, Sofie Nørby-Odgaard","64313, 61961","2730, 79331","9-21, 18-21",away,KMB2010 3,
2020,1,1,-3,13231,Danmarksserien,Pulje 8,385861,4 24-10-2020,2. DD,2,DD,KSI Badmintonklub Kbh.,KMB2010 3,"Helene Hartmeyer, Maja Bruun Nielsen","Camilla Bilgrav, Smilla Kristensen","81280, 165244","74126, 211563","11-21, 16-21",away,KMB2010 3,
2020,1,1,-3,13231,Danmarksserien,Pulje 8,385861,4 24-10-2020,1. HD,1,HD,KSI Badmintonklub Kbh.,KMB2010 3,"Andreas Straarup, Frederik Ravnkilde Marlet","Philip Busch Andreasen, Rasmus Eriksen Holmgaard","198662, 45032","78595, 65919","15-21, 21-18, 14-21",away,KMB2010 3,
2020,1,1,-3,13231,Danmarksserien,Pulje 8,385861,4 24-10-2020,2. HD,2,HD,KSI Badmintonklub Kbh.,KMB2010 3,"Tobias Jensen, Christian Lillelund","Jonas Jork Larsen, Magnus V. Petersen","12590, 10003","51964, 82140","5-21, 7-21",away,KMB2010 3,
2020,1,1,-3,13231,Danmarksserien,Pulje 8,385861,4 24-10-2020,3. HD,3,HD,KSI Badmintonklub Kbh.,KMB2010 3,"Jacob Ravnborg, Søren Kildahl Jensen","Benjamin Gunnarstein, Mads Manniche","39833, 61813","49225, 72859","22-24, 13-21",away,KMB2010 3,
